gene,frozen_mol_score_weight,HF_minus_NF_mean_log2_FPKM,sign_concordant,nonzero_sign_eligible
A1BG,0.124109748750925,0.0378621952078183,true,true
A1CF,-0.0895477756857872,0.0001563384648377,false,true
A2M,-0.0162291917949914,-0.5423197864454438,true,true
A2ML1,0.0244746841490268,0.0820045401220921,true,true
A4GALT,-0.3052443675696849,-0.7117780045137883,true,true
AAAS,0.1168633833527565,0.0440865653493394,true,true
AACS,-0.0306381285190582,-0.0551757176071245,true,true
AADAT,0.2065636962652206,0.1911697571121839,true,true
AAGAB,-0.1136186527354376,-0.1874886727174338,true,true
AAK1,-0.0529306259538446,0.5235275715087088,false,true
AAMDC,0.0497646238654851,0.3986503928118967,true,true
AAMP,-0.0329311593435704,-0.0382994238960669,true,true
AAR2,-0.0938345991075038,-0.140026235420958,true,true
AARS,-0.0265024441294372,-0.149967102381094,true,true
AARS2,0.1249400481581688,0.2570725479645146,true,true
AARSD1,-0.0476457422599196,0.167047204599342,false,true
AASDH,0.0122526533901691,0.2387449079245933,true,true
AASDHPPT,-0.0470505468547344,0.1975727926071204,false,true
AASS,-0.1999740054210027,0.0075044397962011,false,true
AATF,-0.049814245264445,-0.2300214247475964,true,true
AATK,-0.1101042900700122,0.0162759413710533,false,true
ABAT,0.0256545398384332,1.19936360446781,true,true
ABCA1,-0.0920296683907508,-0.0586166765826434,true,true
ABCA10,0.3275752365589141,0.8802326050016389,true,true
ABCA13,0.0108797065913677,-0.0915296987880381,false,true
ABCA2,0.1972309487561384,0.255914777856522,true,true
ABCA3,0.2104211453348398,0.0430958280505171,true,true
ABCA5,-0.14051390572318,0.4969174926691795,false,true
ABCA6,-0.1181227341294288,0.7966703671489439,false,true
ABCA8,0.0818700641393661,0.7475977476355959,true,true
ABCA9,-0.0804427042603492,0.7630581637996267,false,true
ABCB1,-0.3766615986824035,0.0059994673508274,false,true
ABCB10,0.0494739869609475,-0.2070818406968926,false,true
ABCB4,0.3252604901790618,0.4505978260894163,true,true
ABCB5,-0.0024552058894187,0.0134078214303891,false,true
ABCB6,-0.1972987446933984,-0.5690101637626745,true,true
ABCB7,-0.040263567934744,0.3066926993717578,false,true
ABCB8,-0.0433867043117061,-0.1438293960001892,true,true
ABCB9,0.2108988054096698,0.047065533547006,true,true
ABCC1,-0.1772263903170824,0.1062882964506393,false,true
ABCC10,0.0349559787660837,-0.1187983391796667,false,true
ABCC11,-0.0889642611145973,0.0528367471264259,false,true
ABCC2,-0.0962603539228439,-0.0583242994743231,true,true
ABCC3,-0.0572299547493457,-0.5847650182414506,true,true
ABCC4,-0.3964021205902099,-0.4543141909901917,true,true
ABCC5,-0.2082134485244751,-0.2235652726211032,true,true
ABCC6,-0.0224076025187969,0.2225223907580522,false,true
ABCC8,0.2093992680311203,0.4798664310660191,true,true
ABCC9,0.0861188396811485,0.2431205823182081,true,true
ABCD1,0.0905913735429445,-0.2312858496945264,false,true
ABCD2,0.065193623304367,0.7600910930311384,true,true
ABCD3,-0.0673135394851366,-0.1984756499810087,true,true
ABCD4,0.1399501584470272,-0.0096007379687672,false,true
ABCE1,-0.1144167087972164,-0.3969327580733268,true,true
ABCF1,-0.1089490221813321,-0.1911694583230483,true,true
ABCF2,-0.1238728195894509,-0.2783762921634025,true,true
ABCF3,-0.1089925970882177,0.0276158418737186,false,true
ABCG1,-0.0080400174483656,-0.3642492027844714,true,true
ABCG2,0.5374464988708496,1.397840424927642,true,true
ABCG5,-0.0040986556559801,0.0038045779840869,false,true
ABHD1,0.2617058753967285,0.4306038393638445,true,true
ABHD10,0.029264835640788,0.3807416744885765,true,true
ABHD11,0.1948902035752932,0.7556685382412173,true,true
ABHD12,0.0044569567378078,-0.2668838383379363,false,true
ABHD12B,-0.25911745429039,0.0009666904663784,false,true
ABHD13,-0.002297481149435,-0.2194240596072138,true,true
ABHD14A,-0.0222349843825213,0.1399404205817282,false,true
ABHD14A-ACY1,-0.0823181197047233,-0.0033144515696216,true,true
ABHD14B,-0.0098076779395341,0.2982889027965622,false,true
ABHD15,0.0730238333344459,-0.3290738286430654,false,true
ABHD16A,-0.0121484832838177,-0.2888677629476554,true,true
ABHD17A,0.054400235787034,-0.281848796250105,false,true
ABHD17B,-0.1054131630808115,-0.3909914512998851,true,true
ABHD17C,0.2374122217297554,0.1948871512803038,true,true
ABHD2,-0.2903865277767181,0.115989603473694,false,true
ABHD3,-0.0339761779954036,-0.2691535485314824,true,true
ABHD4,-0.1735763177275657,0.1322316234928977,false,true
ABHD5,-0.1795920453034341,-0.789956854382849,true,true
ABHD6,-0.0185408376157283,-0.1214242970205328,true,true
ABHD8,-0.0019864946603775,-0.3436220211261567,true,true
ABI1,-0.000949594632922,-0.0584496172558024,true,true
ABI2,-0.0202308259904384,0.513904697812646,false,true
ABI3,0.0254148747771978,-0.4089265455879997,false,true
ABI3BP,0.017336307093501,0.529799554569839,true,true
ABL1,-0.0693221706231789,-0.2620697727154657,true,true
ABL2,-0.0511747050498213,-0.3978412811013885,true,true
ABLIM1,-0.0824643075466156,-7.069945776623388,true,true
ABLIM2,-0.1500211469829082,-0.6998470743271569,true,true
ABLIM3,0.1970433145761489,0.2928733027943888,true,true
ABO,0.1922606974840163,0.2315593132748084,true,true
ABR,0.1272689066827297,0.1318269110710614,true,true
ABRA,-0.2279131263494491,-0.0502487817175518,true,true
ABRACL,-0.008813289925456,-0.7753929421364449,true,true
ABT1,-0.0189626395391921,-0.1598539088642185,true,true
ABTB1,0.1755242270883172,0.4636194548061545,true,true
ABTB2,-0.3512863516807556,-0.030174069642324,true,true
ACAA1,-0.0092032104730605,0.2292405057293143,false,true
ACAA2,-0.2439498901367187,0.1344189659917685,false,true
ACACA,-0.0471364875723208,-0.1230644393939734,true,true
ACACB,-0.3272185027599334,0.4012508429406489,false,true
ACAD10,0.1054285626858472,0.7268391457958892,true,true
ACAD11,0.09252187050879,0.4185273224205809,true,true
ACAD8,0.0290515192318707,0.758988151750211,true,true
ACAD9,0.0181348343612626,0.240788104102434,true,true
ACADL,-0.3640729188919067,0.4319939340641681,false,true
ACADM,0.0645837187767028,0.7415688048955493,true,true
ACADS,-0.0552611001767218,0.1603360103110702,false,true
ACADSB,0.1328068688511848,0.8055646363780075,true,true
ACADVL,-0.2088891863822937,-0.0250402566521472,true,true
ACAP1,0.0364990755915641,0.1569259845860799,true,true
ACAP2,0.0514718127836074,-0.1181582913963623,false,true
ACAP3,0.1023304356262087,0.0759726480309086,true,true
ACAT1,-0.1501801013946533,0.655471904256049,false,true
ACAT2,-0.0006228052079677,-0.7282490314762257,true,true
ACBD3,0.0247144553411219,-0.0000707503581880431,false,true
ACBD4,0.0966269485652446,0.7429624263096642,true,true
ACBD5,0.0485824726521968,0.1604422426087204,true,true
ACBD6,0.0714278024222169,-0.1254380818584626,false,true
ACCS,0.111284586135298,0.6026923484740354,true,true
ACD,0.1187323592603206,-0.1477957200640378,false,true
ACE2,-0.6239348053932189,1.336294295556685,false,true
ACER2,-0.057715729655077,0.3070815046098585,false,true
ACER3,-0.0647675743592636,-0.3018732371319332,true,true
ACHE,0.0537392497062683,-0.0453951653036924,false,true
ACIN1,0.0062481449650866,0.0284993837874756,true,true
ACKR3,-0.1297011132507274,-0.0316334734187218,true,true
ACKR4,-0.1073561658461888,-0.0765503853039016,true,true
ACLY,-0.0904715915210545,0.2833841500987315,false,true
ACMSD,-0.2036650758236646,-0.0003731258903547,true,true
ACO1,-0.0453179956724246,1.567795128909047,false,true
ACO2,-0.1302756816148757,0.4785309750424069,false,true
ACOT1,-0.0533711463212966,0.0921393329525674,false,true
ACOT11,0.0785685628652572,0.4434901811054157,true,true
ACOT13,-0.0608792692422866,0.1318183732677726,false,true
ACOT2,-0.118910014629364,0.2112767295949216,false,true
ACOT4,0.011494449339807,0.1391713303739895,true,true
ACOT6,-0.1016357392072677,0.0031992417821071,false,true
ACOT7,-0.0862108096480369,-0.3806881850202288,true,true
ACOT8,-0.014779969677329,0.1899933950567174,false,true
ACOT9,-0.0922912206006003,0.1828173488689968,false,true
ACOX1,-0.100563545525074,0.257301462796061,false,true
ACOX2,0.1930974181741476,0.5123346751362207,true,true
ACOX3,0.0959637776017188,-0.1249534177937339,false,true
ACOXL,-0.0631354674696922,0.0041630133168185,false,true
ACP1,-0.0614516474306583,-0.0729440360149018,true,true
ACP2,-0.1930630076676607,-0.3887971427743468,true,true
ACP5,0.2149453312158584,-0.3708238932316574,false,true
ACP6,-0.0106313060969114,0.3385950501569117,false,true
ACPP,0.1799302250146865,-0.4881552326158246,false,true
ACSBG1,-0.2369432002305984,0.0025128032786661,false,true
ACSF2,0.2258448509965091,0.6794001998464978,true,true
ACSF3,0.0427506476640701,0.1489112069101441,true,true
ACSL1,-0.6809478402137756,0.2257896293794097,false,true
ACSL3,-0.0630437882306675,0.00007388967943722236,false,true
ACSL4,-0.0715503221643822,-0.0702438174586941,true,true
ACSL5,-0.0544301234185695,-0.1954705376367993,true,true
ACSM1,-0.5975397825241088,0.0937023964418134,false,true
ACSM3,-0.3798807263374328,1.164490088217327,false,true
ACSM5,0.4967391788959503,0.2659302871569179,true,true
ACSS1,0.1880138296013077,1.005916222860006,true,true
ACSS2,-0.0786761790513992,0.1606039859372527,false,true
ACSS3,-0.0316370949149131,0.5139224111890992,false,true
ACTA2,-0.0565419755876064,0.0923979742944878,false,true
ACTB,-0.1365156860223837,-1.299796634415119,true,true
ACTG1,-0.1347608965588733,-1.117116190957373,true,true
ACTL6A,-0.0468204267323017,-0.2546335431203594,true,true
ACTN1,-0.1459735333919525,-0.9677067755209858,true,true
ACTN2,-0.0811788365244865,-8.27072428730384,true,true
ACTN4,0.0071524094258035,-0.1333662713792875,false,true
ACTR10,-0.0550971675132002,-0.0079673493903138,true,true
ACTR1A,-0.1005129992961883,-0.1806108920716544,true,true
ACTR1B,0.0209960327483713,-0.1861093001599005,false,true
ACTR2,-0.0952163130111459,-0.3960838522048932,true,true
ACTR3,-0.0784971506467887,-0.6937962002584248,true,true
ACTR3B,-0.1160918995738029,0.2895980477079074,false,true
ACTR3C,-0.0139447376132011,-0.0711929407484758,true,true
ACTR5,0.0283914936328073,-0.1963740090044356,false,true
ACTR6,-0.0319848481565713,0.2261138173441117,false,true
ACTR8,-0.0203306879848241,0.1723123760089135,false,true
ACVR1,0.1027879447986682,-0.1871370266450664,false,true
ACVR1B,-0.204624201481541,-0.158976174617289,true,true
ACVR1C,-0.1328514069318771,0.1672613763896526,false,true
ACVR2A,0.0368822276858346,0.1236047065889072,true,true
ACVR2B,0.1691278830170631,0.3921506517480595,true,true
ACVRL1,-0.3424802124500274,-0.5018918547095845,true,true
ACY1,0.1279771663248539,0.2274924139785374,true,true
ACYP1,-0.0595055390149354,0.52383741543917,false,true
ACYP2,0.02090237243101,0.849312109560711,true,true
ADA,-0.2548700322707493,-0.458940725810808,true,true
ADAL,0.0670814886689186,0.570838039788458,true,true
ADAM10,-0.0004994893180472,-0.1646452122087831,true,true
ADAM11,-0.1266508400440216,0.3677943648295982,false,true
ADAM12,0.421823114156723,-0.5469846583254938,false,true
ADAM15,-0.1533544063568115,-0.7016490549927199,true,true
ADAM17,-0.039175473261691,-0.2254433281295122,true,true
ADAM18,0.2716062068939209,0.1842035226371131,true,true
ADAM19,0.1344509006788333,-1.0239884035816,false,true
ADAM21,0.1346071362495422,-0.0043197069493914,false,true
ADAM22,0.3108900288740794,0.6046122358034349,true,true
ADAM23,-0.1012844964861869,0.3033838129738168,false,true
ADAM28,0.0842659696936607,-0.2863044041537623,false,true
ADAM32,0.0688038617372512,0.4170899960434286,true,true
ADAM33,-0.0407312177121639,0.659595712253046,false,true
ADAM9,-0.0992432199418544,-0.6307049960232866,true,true
ADAMTS1,-0.2311578869819641,-0.9210349329069089,true,true
ADAMTS10,0.14404122158885,0.0181185002312438,true,true
ADAMTS12,-0.0823291465640068,-0.0611587379174063,true,true
ADAMTS13,0.1557940766215324,0.489433089003058,true,true
ADAMTS14,0.3657807856798172,-0.303543577490353,false,true
ADAMTS15,-0.1669214367866516,-0.7501207686674629,true,true
ADAMTS16,0.1101304497569799,-0.0045526885954819,false,true
ADAMTS17,-0.1293736696243286,-0.0401342635528791,true,true
ADAMTS19,0.0628748685121536,-0.0237485688477079,false,true
ADAMTS2,-0.3520705699920654,-0.2877360472363992,true,true
ADAMTS3,0.2162732779979705,-0.2729842276194031,false,true
ADAMTS4,-0.6447351574897766,-2.520941354935711,true,true
ADAMTS5,-0.7340056300163269,0.4774019127318351,false,true
ADAMTS6,0.2144360008339087,0.1721100598453737,true,true
ADAMTS7,0.0195113457739353,-0.1558284859858829,false,true
ADAMTS8,0.060875616967678,-0.5129112795629007,false,true
ADAMTS9,-0.4985758177936077,-1.607910603018556,true,true
ADAMTSL1,0.4006284475326538,-0.0144329800183778,false,true
ADAMTSL2,0.2353414595127105,0.1123806273023391,true,true
ADAMTSL3,0.164044588804245,-0.1000673972381635,false,true
ADAMTSL4,-0.3009469658136367,-0.0892921530528378,true,true
ADAMTSL5,0.20315483212471,0.7786152793934485,true,true
ADAP2,0.3945006132125854,-1.069731618440199,false,true
ADAR,0.0744689728266426,-0.1814781407898502,false,true
ADARB1,0.0271762582872595,0.0005860808061664,true,true
ADARB2,0.1966889798641204,0.0213840871128509,true,true
ADAT1,0.0329620471224188,-0.0058830327661065,false,true
ADAT2,-0.0802302993834018,-0.1362237974201507,true,true
ADCK1,0.0654172785580158,0.0551138982826566,true,true
ADCK2,0.0636712089180946,-0.184759947206043,false,true
ADCK5,0.0412560484061638,0.0646253369475144,true,true
ADCY1,0.3568193614482879,-0.0466669729077584,false,true
ADCY10,-0.0068458169698715,0.1120958841326385,false,true
ADCY2,0.1222373098134994,0.0774468203547671,true,true
ADCY3,-0.3780238032341003,-0.5764557926836841,true,true
ADCY4,0.0270821563899516,-0.164737489680415,false,true
ADCY5,0.0046960804611444,0.5164793794765136,true,true
ADCY6,0.0988892711699009,0.2392889928255321,true,true
ADCY7,0.1845652163028717,-0.3379696154898537,false,true
ADCY9,0.0889547355473041,-0.2346369749984487,false,true
ADCYAP1R1,-0.310822993516922,0.186111410582843,false,true
ADD1,-0.0146096891590527,-0.1772804003945989,true,true
ADD2,-0.0259568579494953,-0.1872139156965138,true,true
ADD3,0.0423215140721627,0.5529612823438823,true,true
ADH1B,-1.070254921913147,0.1427734409717711,false,true
ADH4,-0.0608825609087944,-0.0014314637540985,true,true
ADH5,-0.0805529832839965,0.5631062442150636,false,true
ADHFE1,0.0483704954385757,0.7533703785214713,true,true
ADI1,-0.0855496302247047,0.3276878443229582,false,true
ADIPOR1,-0.0211730848997831,-0.1324057847484931,true,true
ADIPOR2,-0.2073065117001533,0.2713595032085249,false,true
ADIRF,-0.0355987809598445,0.0087023283377929,false,true
ADK,-0.0395107991062104,0.1004783280175125,false,true
ADM,-0.2474455740302801,0.4455466656275057,false,true
ADNP,0.029644262311714,0.1956732874602016,true,true
ADNP2,-0.0600356974949439,0.2717270333456136,false,true
ADO,0.1159817725419998,0.1684508130813724,true,true
ADORA1,0.032659363001585,0.146441074090087,true,true
ADORA2A,0.0074471426196396,-0.0963599391937922,false,true
ADORA2B,0.4081282615661621,-0.2229364149575979,false,true
ADPGK,-0.0310798538848757,-0.5225847586933327,true,true
ADPRH,-0.3042594790458679,-0.1879297776885464,true,true
ADPRHL1,-0.0027901977300643,1.118008932345927,false,true
ADPRHL2,0.1167740104719996,-0.4171878160842403,false,true
ADPRM,-0.0723996996879577,0.1300965695863187,false,true
ADRA1A,0.0022060945630073,-0.0959011884693268,false,true
ADRA1B,0.0534250549972057,-0.3062713868048225,false,true
ADRA2B,-0.4029131829738616,0.577813228504962,false,true
ADRB1,-0.137063905596733,-0.5793447447900192,true,true
ADRB2,-0.065436924342066,0.083101365648551,false,true
ADRM1,-0.0889889664947986,-0.5903574536927731,true,true
ADSL,-0.0649034673348069,-0.1861110348117964,true,true
ADSS,-0.0609986189131935,-0.305803513704193,true,true
ADSSL1,-0.0889279544353485,0.9096870738516448,false,true
AEBP1,0.497544378042221,0.3758261759571048,true,true
AEBP2,0.0306071314428533,0.1745480658816371,true,true
AEN,-0.0728733241558074,-0.6542121220020307,true,true
AES,-0.0568106651306152,0.2143655755305076,false,true
AFAP1,0.0810147708281874,-0.2532581786730943,false,true
AFAP1L1,0.451331853866577,0.1292248584158874,true,true
AFAP1L2,0.2502262592315673,0.2410518365059291,true,true
AFF1,-0.1808406636118888,0.3918659269653916,false,true
AFF3,0.430358262360096,0.8807911346358778,true,true
AFF4,-0.0684855480545333,0.1835731198189032,false,true
AFG3L2,0.037867434322834,-1.428184264929223,false,true
AFMID,-0.0252292044460773,0.6223694483034307,false,true
AFTPH,-0.0010699177426951,-0.0745691694561494,true,true
AGA,0.0869550518691539,-0.2230024825144487,false,true
AGAP1,0.1107605440276009,-0.0324279109339835,false,true
AGAP2,0.1337364166975021,0.7952562662468167,true,true
AGAP3,0.1679624259471893,-0.3322228726402074,false,true
AGAP4,0.0955308474600315,-0.0530659408747891,false,true
AGAP5,0.1586836539208889,0.2235371447209854,true,true
AGAP6,-0.0667166084051132,0.0064804209977797,false,true
AGAP9,0.088795181363821,0.0105637089321818,true,true
AGBL2,0.0950027164071798,-0.0368007156519994,false,true
AGBL3,-0.02167896189106,0.0720120989721086,false,true
AGBL4,-0.0245109088718891,0.3068652978906016,false,true
AGBL5,-0.0651214510202407,0.1807184053987391,false,true
AGFG1,-0.6884303092956543,-0.4113923686118949,true,true
AGFG2,0.0623092725872993,-0.1482613322015851,false,true
AGGF1,0.0352673912420868,0.0293943635160185,true,true
AGK,0.0205726206768304,0.2330058210942627,true,true
AGL,0.1401623636484146,0.164950597096027,true,true
AGMAT,-0.028865834698081,-0.0101799784765137,true,true
AGMO,0.2396137926727533,0.345629934332199,true,true
AGO1,0.0797370210289955,0.2083260618085125,true,true
AGO2,-0.1158361631844725,-0.2765923527742231,true,true
AGO3,0.0014152544068305,0.1518645721564704,true,true
AGO4,0.0999970119446516,0.21979001957021,true,true
AGPAT1,0.0180693745302657,0.0506129885284032,true,true
AGPAT2,-0.0170480329543352,-0.2243988297452141,true,true
AGPAT3,0.0378534086048602,-0.2801188127918212,false,true
AGPAT4,-0.0050567316689661,0.0157813593196374,false,true
AGPAT5,-0.047720543667674,-0.3445268981276139,true,true
AGPS,-0.0217692471508468,-0.154572848026925,true,true
AGRN,0.2773633847633997,-0.0979905502037943,false,true
AGT,-0.3438460230827331,-0.1737161119166641,true,true
AGTPBP1,-0.0190446323582104,0.189354915809198,false,true
AGTR1,-0.3964179754257202,0.5310188470391547,false,true
AGTRAP,-0.0227363985031843,-0.3762348145598917,true,true
AHCTF1,-0.0709096774392362,-0.068059938716281,true,true
AHCY,-0.0689926613122224,-0.0091910505881083,true,true
AHCYL1,-0.1821264959871769,0.0190977824977771,false,true
AHCYL2,0.0838861883218799,0.08588384842819,true,true
AHDC1,0.1086098545541366,-0.2522984475155354,false,true
AHI1,-0.1292819742645536,-0.1389204532093057,true,true
AHNAK2,-0.1032188609242439,-0.6208255432308128,true,true
AHR,0.0360388442447098,-0.4260185715206819,false,true
AHRR,0.0133975995704531,-0.0401253483191722,false,true
AHSA1,-0.0212635514326393,0.1088779725448123,false,true
AIDA,0.058291352726519,-0.0765254550448757,false,true
AIF1,0.1325275152921676,-1.428700460891965,false,true
AIF1L,-0.5065949559211731,0.2233340856536543,false,true
AIFM1,-0.1171872423961758,0.2872608442860888,false,true
AIFM2,-0.1997758221502105,0.0054454259605454,false,true
AIG1,0.0753093585371971,0.7347428330581529,true,true
AIM2,-0.0767559334635734,-0.0160298014340161,true,true
AIMP1,-0.045827630534768,-0.0402956544649812,true,true
AIMP2,-0.2007389843463897,-0.2452944934675827,true,true
AIP,-0.0283381924964487,-0.0838692943621879,true,true
AIPL1,0.1380280256271362,0.004197412782815,true,true
AK1,-0.1650777272880077,0.2384558655541173,false,true
AK2,-0.0481368178501725,-0.26205417604924,true,true
AK3,-0.0382687064508597,-0.0023559811394946,true,true
AK4,0.0395021922886371,0.2270386563637374,true,true
AK5,0.5473218201659619,0.0752672564824879,true,true
AK7,0.0334803275763988,0.0851995168199327,true,true
AK9,0.0144572305493056,0.1136301395196901,true,true
AKAP1,-0.0382915027439594,0.3923679224380389,false,true
AKAP10,0.0232215944145406,0.1920464550581138,true,true
AKAP11,0.1183087396036301,0.2309664482086573,true,true
AKAP12,-0.1472217570990324,0.4053220747639261,false,true
AKAP13,0.038464993238449,-6.656182340530425,false,true
AKAP3,0.1366200447082519,0.1967797208462321,true,true
AKAP5,-0.0619097501039505,-0.0144051381261706,true,true
AKAP6,0.0030418280512094,-6.654507725620489,false,true
AKAP7,0.0600786063199241,0.1999833548640066,true,true
AKAP8,-0.0077415696966151,-0.2817094963602335,true,true
AKAP8L,0.0197426293577466,0.0099486549136984,true,true
AKAP9,0.0466980766505002,0.3335953968424041,true,true
AKIP1,0.0713560935109853,0.0835779598593022,true,true
AKIRIN1,-0.0882862955331802,-0.3892023543703837,true,true
AKIRIN2,-0.084474753588438,0.0141294783188583,false,true
AKNA,-0.1223996505141258,-0.0842611236116339,true,true
AKR1A1,-0.0281805731356143,-0.3839053335715219,true,true
AKR1B1,-0.0684218538925051,-0.1531724518406028,true,true
AKR1C1,-0.6331578493118286,-0.7152134988299985,true,true
AKR1C2,-0.271912008523941,-0.0494537757282844,true,true
AKR1C3,-0.191867783665657,-0.7202011384699162,true,true
AKR1D1,-0.014810811728239,0.0112910630522029,false,true
AKR1E2,-0.0371997145315011,0.1833204559559247,false,true
AKR7A2,0.0581448214749495,0.4221983963203954,true,true
AKT1,0.036530826985836,-0.0610421008075867,false,true
AKT2,0.0868890382349491,0.0068180245572708,true,true
AKT3,-0.0052162068230765,0.450426913843593,false,true
AKTIP,0.0211266539990901,-0.1678921368977826,false,true
ALAD,-0.0072158477269113,-0.0834210348671442,true,true
ALAS1,-0.1171213693916797,0.3544193140553515,false,true
ALCAM,-0.02619937248528,-0.5180424201942859,true,true
ALDH16A1,-0.0755068156868219,-0.5537108143909832,true,true
ALDH18A1,0.0563905835151672,-0.3181487154663553,false,true
ALDH1A1,-0.0011741677299141,0.5717743979283485,false,true
ALDH1A2,0.3506842851638793,0.5422467396864916,true,true
ALDH1A3,-0.0116866193711757,-1.73053440319941,true,true
ALDH1L1,-0.2908157706260681,0.7495068469375683,false,true
ALDH1L2,-0.0394551297649741,-0.2476352472274427,true,true
ALDH2,0.0050544852390885,0.3854036140820067,true,true
ALDH3A2,0.0584242060780525,-0.3409175602581635,false,true
ALDH3B1,-0.0201765894889831,-0.143866860235106,true,true
ALDH4A1,-0.003884270787239,0.6603705582868975,false,true
ALDH5A1,0.4373494982719421,0.7937922682641707,true,true
ALDH6A1,-0.0772400610148906,0.8800963836511517,false,true
ALDH7A1,0.1147062502801418,0.7251967337596344,true,true
ALDH8A1,0.160889521241188,0.0145903375002891,true,true
ALDH9A1,0.0279087860137224,0.3433046225675964,true,true
ALDOA,-0.2239353167159216,0.1677637443960904,false,true
ALDOB,-0.1327359825372695,0.0068469750972134,false,true
ALG1,0.176122429780662,-0.3824933372243264,false,true
ALG10,0.0072982981801033,0.1158226826020696,true,true
ALG10B,-0.0356744142870108,0.2396408104501932,false,true
ALG11,-0.0227371145505458,0.1118930502656967,false,true
ALG12,-0.0544967090245336,-0.1427082845472571,true,true
ALG13,0.0260408459497349,0.0746843692217065,true,true
ALG14,0.0060547720640897,-0.070774847350648,false,true
ALG2,-0.1321213617920875,-0.5294962121541915,true,true
ALG3,-0.2220869474112987,-0.7272951663924933,true,true
ALG5,-0.0322319486644118,-0.5829742241292841,true,true
ALG6,0.0558727040886879,-0.1370856345804905,false,true
ALG8,-0.0154139749705791,-0.2638361619686731,true,true
ALK,-0.1455384604632854,0.0025231085790672,false,true
ALKBH1,-0.0046397437884782,0.007387674271527,false,true
ALKBH2,-0.212824227909247,-0.2641948525605317,true,true
ALKBH3,0.0908539447933435,-0.3894162180183022,false,true
ALKBH4,0.0322547908872365,0.1677909210527783,true,true
ALKBH5,0.0044721760321408,-0.1602452785082793,false,true
ALKBH6,-0.0399343039219578,-0.2207917147151703,true,true
ALKBH7,-0.0830954753328114,0.1272267941771891,false,true
ALKBH8,0.1025949917733669,0.0311575046130849,true,true
ALMS1,0.0751476927128221,0.644338649646809,true,true
ALOX12,-0.1830426851908365,-0.0017933818571222,true,true
ALOX5,-0.4622153043746948,-1.039911980982729,true,true
ALOX5AP,-0.3576874732971191,-1.19547580290293,true,true
ALPK1,0.0246549624328811,-0.4290078445826046,false,true
ALPK2,-0.2655166387557983,-0.8513035701476763,true,true
ALPK3,-0.0387121252715587,0.3088546802556226,false,true
ALPL,-0.4396084249019622,-0.5740729654008733,true,true
ALS2,-0.0119557287544012,0.222309888098513,false,true
ALS2CL,0.1288176141679287,0.2376458326638792,true,true
ALS2CR12,0.2054425179958343,0.6874938000853159,true,true
ALX3,0.0556448958814144,0.0111136932844061,true,true
ALX4,-0.0618078671395778,0.0114820340271459,false,true
ALYREF,0.0640429332852363,-0.3379967875310439,false,true
AMACR,0.157969646815521,-0.101206719653359,false,true
AMBRA1,-0.0527230990784508,0.2017391803979991,false,true
AMD1,-0.1303797844331711,-0.5727636012494699,true,true
AMDHD1,-0.0493848472833633,-0.131249474510765,true,true
AMDHD2,0.2124528288841247,-0.1303221996024384,false,true
AMER1,-0.0832297205924987,0.1138039969602102,false,true
AMFR,0.0402970853659401,-0.2596494613890874,false,true
AMIGO1,-0.0034286465961486,0.4625208237794891,false,true
AMIGO2,-0.0899234414100646,-0.0462242368943759,true,true
AMMECR1,-0.4489784836769104,-0.2423349698371836,true,true
AMMECR1L,-0.0920694809406995,-0.1385457722917289,true,true
AMN1,0.051472699890534,0.0135530964191197,true,true
AMOT,0.2812433838844299,0.5975632840721163,true,true
AMOTL1,-0.0519126448780298,0.7102540193426918,false,true
AMOTL2,-0.0288794003427028,0.3740313596521396,false,true
AMPD2,0.0743445971359809,-0.6251978311621186,false,true
AMPD3,0.2969084680080413,-0.4452248888514243,false,true
AMPH,-0.0408560037612914,0.4370767226601951,false,true
AMT,0.1168697886168956,1.205201575660455,true,true
AMY2B,0.0551473125815391,1.243286307180958,true,true
AMZ1,-0.1808927088975906,0.0085902813609647,false,true
AMZ2,0.1646205857396125,0.5106493512817369,true,true
ANAPC1,0.0436236497813037,-0.080474152902572,false,true
ANAPC10,-0.030942945874163,0.1354191792741983,false,true
ANAPC11,-0.1308286696672439,-0.1333879345520365,true,true
ANAPC13,-0.0632198644707386,0.2073239762325345,false,true
ANAPC15,-0.091590479016304,0.2668148370027747,false,true
ANAPC16,-0.0311521527224353,0.4452682809791928,false,true
ANAPC2,0.0672292423434555,-0.0635499524552889,false,true
ANAPC4,0.1128565830045512,0.072153973842846,true,true
ANAPC5,0.0354785675049892,-0.1640977612240419,false,true
ANAPC7,-0.0232199657974498,-0.0235050296458356,true,true
ANGEL1,0.1249601989984512,0.0127571109867288,true,true
ANGEL2,0.0539323361923119,0.1395123949939227,true,true
ANGPT1,0.0173141025006771,0.3837938439898456,true,true
ANGPT2,-0.2478006056376866,-0.8792256178314978,true,true
ANGPTL1,-0.2807344999164342,1.110495292126126,false,true
ANGPTL2,-0.0579953230917453,-0.206767545488991,true,true
ANGPTL4,-0.3503477964550256,-2.14890353883102,true,true
ANGPTL5,0.0434425137937068,0.5255803172110913,true,true
ANGPTL7,-0.1655951589345932,0.5024523491260348,false,true
ANK1,0.0635100975632667,1.76875039284451,true,true
ANK2,-0.068797118961811,-2.546888407520752,true,true
ANK3,-0.0012153261341154,0.1111884985565945,false,true
ANKAR,0.1703854746052197,0.6077038873393378,true,true
ANKDD1A,-0.0823849741369485,-0.0138844508753778,true,true
ANKDD1B,0.0663597166538238,0.1597718164495134,true,true
ANKEF1,0.0943675860762595,-0.0820907583692978,false,true
ANKFY1,0.0683072746864386,0.168338761336932,true,true
ANKH,-0.1396015584468841,0.3047439414172536,false,true
ANKHD1,-0.016046978732837,0.129971563884581,false,true
ANKIB1,0.0756398833223751,0.5551142782162639,true,true
ANKLE2,-0.0295040127156036,-0.3250929030147622,true,true
ANKMY1,0.1481377982667514,0.2691193796140525,true,true
ANKMY2,0.2189734926447272,0.5926201836731559,true,true
ANKRA2,0.1339029103517532,0.232921029672565,true,true
ANKRD10,0.0590264142623969,-0.4166259095723408,false,true
ANKRD11,-0.056301435721772,-0.0715718174014376,true,true
ANKRD12,0.0536846058177096,0.3663638597073455,true,true
ANKRD13A,-0.0296863004565238,-1.185338584452707,true,true
ANKRD13C,-0.0573302193411758,-0.1354887715982928,true,true
ANKRD13D,0.1293896660208702,-0.2589954399444069,false,true
ANKRD16,0.1169890584424138,0.2688488376106663,true,true
ANKRD17,-0.0718282793781587,0.2156497905500884,false,true
ANKRD2,-0.3373917639255523,0.988678796094943,false,true
ANKRD20A1,-0.0173176378011703,0.0118688668393313,false,true
ANKRD23,0.0512643996626138,1.390814223505555,true,true
ANKRD24,0.2523594697316487,0.1597562086180425,true,true
ANKRD26,0.1565174274146556,-0.6150664002182888,false,true
ANKRD27,0.0066588039376905,-0.1044138183506779,false,true
ANKRD29,0.4290646612644195,0.541383818750706,true,true
ANKRD33B,-0.0640382774174213,0.6887089384930202,false,true
ANKRD34A,-0.1341542899608612,-0.0188282270876486,true,true
ANKRD35,-0.0422345958650112,-0.016013026571617,true,true
ANKRD36,0.2729744033089706,0.3201769069981039,true,true
ANKRD36C,0.170926344048764,0.4383986464063718,true,true
ANKRD37,-0.0821191077120602,-0.3647529364878756,true,true
ANKRD39,-0.0921700745820999,0.0696641846253363,false,true
ANKRD40,0.0038994729984551,-0.2698308792932415,false,true
ANKRD42,0.0235029274597764,0.3768421735416061,true,true
ANKRD44,0.0365871042013168,0.1891585886787745,true,true
ANKRD45,0.3084830045700073,0.0683135658367494,true,true
ANKRD46,0.0646401092410087,0.5508570513525725,true,true
ANKRD49,-0.0222382299602031,0.0014565305339262,false,true
ANKRD50,0.1663431398570537,-0.079358287458231,false,true
ANKRD52,0.084086912125349,-0.3802956223683509,false,true
ANKRD53,-0.0469073075801134,0.0052996852642683,false,true
ANKRD54,-0.0482698374738295,-0.4623290602708713,true,true
ANKRD6,0.176457825427254,0.4469349781695037,true,true
ANKRD61,-0.0634184330701828,-0.0265779140518424,true,true
ANKRD7,-0.0853252336382865,0.0402314073898934,false,true
ANKRD9,-0.3326348364353179,-0.0571856123013674,true,true
ANKS1A,0.0322033880012376,0.5681136830405795,true,true
ANKS1B,0.2456525437533855,0.1514403976520899,true,true
ANKS3,0.0665252417325973,0.0216837746404168,true,true
ANKS4B,0.0714525058865547,0.0037037638802975,true,true
ANKS6,0.1140604754909873,0.0579069521125143,true,true
ANKZF1,0.1313943140208721,0.2697576471207758,true,true
ANLN,-0.4719964861869812,-0.4538200706419874,true,true
ANO1,0.0990306250751018,0.5572976247534503,true,true
ANO10,0.0798897701315581,-0.1947903072831249,false,true
ANO2,-0.1843465566635132,0.2741105017149347,false,true
ANO3,-0.2601236850023269,0.0356380006434615,false,true
ANO4,0.1515883952379226,0.0288778388120263,true,true
ANO5,0.0620257332921028,0.5695564551265119,true,true
ANO6,0.0922302714149866,-0.2306128728003757,false,true
ANO7,0.1294637881219387,0.0144506269781464,true,true
ANO8,0.0730388537049293,-0.0761564034991819,false,true
ANP32A,0.1037074364721775,0.317462896193728,true,true
ANP32B,-0.1092424747534096,0.1855716228656465,false,true
ANP32E,-0.1290724948048591,0.4776241113457571,false,true
ANPEP,-0.6669818758964537,-0.95956982296115,true,true
ANTXR1,0.441428005695343,-1.153242041212997,false,true
ANTXR2,-0.0158751093161602,0.4080623961640332,false,true
ANXA1,-0.2911404371261596,-0.4713369398741127,true,true
ANXA11,-0.0016385111957788,0.0399146284041504,false,true
ANXA13,-0.2646568119525909,0.007129188019866,false,true
ANXA2,-0.1506318002939224,-0.9850673327666932,true,true
ANXA3,-0.4463522732257843,0.2187790844814743,false,true
ANXA4,0.2020471884558598,0.1242644281028759,true,true
ANXA5,-0.0673167230561375,-0.3679284214285489,true,true
ANXA6,0.0802573966128485,0.0686066302200387,true,true
ANXA7,-0.057095691251258,0.2003527035244205,false,true
ANXA9,0.0307636409997939,0.0253916817911927,true,true
AOAH,-0.083850473165512,-0.3638306314381882,true,true
AOC1,-0.057303313165903,0.1286050501881212,false,true
AOX1,-1.165843844413757,0.0324095802752413,false,true
AP1AR,-0.0041773073375225,-0.2076847316365526,true,true
AP1B1,0.0795571729540824,-0.4088188312509188,false,true
AP1G1,-0.0365332842671445,-0.0305618540456369,true,true
AP1G2,-0.016599899623543,-0.268363717684434,true,true
AP1M1,-0.01499814260751,-0.3522035657518101,true,true
AP1S1,0.1433300971984863,-0.4259180360941496,false,true
AP1S2,-0.182580217719078,-0.4558445319644928,true,true
AP1S3,0.0289209212642163,-0.2258442131671744,false,true
AP2A1,-0.0959384907813121,-0.4453578856609534,true,true
AP2A2,-0.1649980843067169,-0.1060758124552641,true,true
AP2B1,-0.0442334284473742,0.2198112717724569,false,true
AP2M1,0.0332678407430648,-0.0382736805338641,false,true
AP2S1,-0.1124299421906471,-0.5778000223510542,true,true
AP3B1,-0.0377208743510501,-0.0713275672874509,true,true
AP3B2,-0.0454861719626933,0.0176582158833321,false,true
AP3D1,-0.0200331364758312,-0.2689896527448913,true,true
AP3M1,-0.0793652631342411,-0.0779388633315116,true,true
AP3M2,0.1739231512571374,0.7945439305514496,true,true
AP3S1,-0.0367095655916879,-0.1397001319230932,true,true
AP3S2,-0.0307160999093736,0.1991091156065554,false,true
AP4B1,0.0865767419338226,0.2376684223627827,true,true
AP4E1,-0.0196777936071157,-0.168854973991551,true,true
AP4M1,0.1168059330433607,-0.1586929927840343,false,true
AP4S1,-0.0683582781680992,0.33584034189583,false,true
AP5B1,-0.0846968914071718,-0.1550980604225422,true,true
AP5M1,-0.0329387305304408,0.2271954580496125,false,true
AP5S1,-0.1240596510469913,-0.1477739665483959,true,true
AP5Z1,-0.0535883873701095,-0.3428834445085731,true,true
APAF1,0.1307073310017585,-0.0495305394406682,false,true
APBA1,0.2564390543848276,0.1555126878383621,true,true
APBA2,-0.1722619086503982,0.0766951495617804,false,true
APBA3,0.0359798790886998,-0.4010075821828513,false,true
APBB1,-0.0233193542808294,-0.2788948747839992,true,true
APBB1IP,-0.0836394634097814,-0.563624538234973,true,true
APBB2,0.0649513909593224,0.2893924021959826,true,true
APBB3,0.088930457085371,0.3969903845866298,true,true
APC,0.0859302818509084,0.2755735247131516,true,true
APC2,0.009071173146367,0.0222223616411408,true,true
APCDD1,-0.3687727749347686,0.7597416819867145,false,true
APCDD1L,0.2505606487393379,0.0095206176022326,true,true
APEH,0.1608191542327404,0.0517823470935843,true,true
APEX1,-0.130938272178173,-0.1356200589136826,true,true
APEX2,-0.1697001457214355,-0.1676574797189527,true,true
APH1A,-0.0610421346500515,-0.0800189760491569,true,true
APH1B,0.0138160094618797,0.1653494933655133,true,true
API5,-0.0278773312623213,-0.1307154689588716,true,true
APIP,0.020065452158451,-0.3305515663441456,false,true
APLF,0.2795748884479205,0.4861186966126294,true,true
APLNR,0.2894874662160873,-0.95539436768968,false,true
APLP2,0.0172219596803188,0.2730348987242763,true,true
APMAP,-0.0364998176693916,-0.1019581052571605,true,true
APOA1,0.1449606269598007,1.938144847088968,true,true
APOB,-0.3250566124916076,0.2607571845868808,false,true
APOBEC2,-0.1393452882766723,-0.5791424692259363,true,true
APOBEC3F,0.227044199903806,0.3671295937714993,true,true
APOBEC4,-0.059149719774723,-0.0079351265377205,true,true
APOD,-0.53448885679245,0.5912790956432294,false,true
APOE,-0.2063182443380356,0.1590258024058433,false,true
APOL1,-0.2205279618501663,-0.8096228127772975,true,true
APOL2,0.0149047235026955,-0.6714553005513668,false,true
APOL3,0.0974726378917693,-0.1285522933999789,false,true
APOL4,0.0567233212059363,0.3754023778455803,true,true
APOL6,0.036825104150921,-0.519024887011438,false,true
APOLD1,-0.1197068676618593,0.9662821891059572,false,true
APOM,-0.0505726300179958,0.1795536407862398,false,true
APOO,0.0181848518550395,0.3689558640725767,true,true
APOOL,-0.0067109332060984,0.1081796152176304,false,true
APP,-0.0847940184175968,0.3723283632488509,false,true
APPBP2,0.0400021017662116,0.0561454724578864,true,true
APPL1,0.0537953084955612,0.2640120632540687,true,true
APPL2,0.0734011914048876,0.4677824193815531,true,true
APRT,-0.2277740582823753,-0.5834608899571986,true,true
APTX,0.0068522631190717,-0.000147380789726,false,true
AQP11,-0.1680045630782842,-0.0920053711837122,true,true
AQP3,-0.8356831669807434,-0.1851728380613426,true,true
AQP4,-0.4088198244571685,0.4083903464145123,false,true
AQP7,-0.169287085533142,1.229276085907577,false,true
AQP9,0.1801289469003677,-1.419887645523715,false,true
AQR,-0.0433375071734189,-0.0034207151251437,true,true
AR,0.0484750196337699,0.529378311502469,true,true
ARAF,-0.1048567205667495,-0.1335629084647722,true,true
ARAP1,0.0941945165395736,-0.0752672794051312,false,true
ARAP2,0.0458213053643703,-0.3076375621151463,false,true
ARAP3,0.1445865780115127,0.0639866602485925,true,true
ARCN1,-0.1434983710447947,-0.3493149173701777,true,true
AREG,-0.6252820491790771,0.042080600761888,false,true
AREL1,0.0008025275809424,-0.1138436320190132,false,true
ARF1,-0.1313957570120692,-0.147531059512139,true,true
ARF3,-0.0561392839998006,-0.3208390593594576,true,true
ARF4,-0.2001307855049769,-0.4385725835370388,true,true
ARF5,-0.0210328690707683,-0.2259705517750756,true,true
ARF6,-0.0650810515508055,-0.5703830379173808,true,true
ARFGAP1,0.06566963493824,-0.2894467778174862,false,true
ARFGAP2,-0.0063924209680408,0.0628947255065916,false,true
ARFGAP3,-0.1667453789462645,-0.4978109244342396,true,true
ARFGEF1,0.0278840429548706,-0.0318691576199161,false,true
ARFGEF2,-0.0464236414326088,0.2236255754427602,false,true
ARFIP1,0.0632433328511459,0.0169450515603131,true,true
ARFIP2,-0.040974298492074,-0.4085750317182292,true,true
ARFRP1,-0.1495644830167293,0.1831185910244119,false,true
ARG1,-0.0583808384835719,0.0276239071921102,false,true
ARG2,-0.1633084472268819,-0.8159853097956131,true,true
ARGLU1,0.0984774019036974,0.4417742328695561,true,true
ARHGAP1,0.168522173538804,0.611317861718331,true,true
ARHGAP10,-0.0758630377905709,0.589930275356437,false,true
ARHGAP11B,-0.0933571904897689,-0.0884008524710623,true,true
ARHGAP12,0.1978019082120486,0.2196683642124073,true,true
ARHGAP15,0.0341053083539009,-0.0902383945494176,false,true
ARHGAP17,0.0917946050176396,0.0888516549704569,true,true
ARHGAP18,-0.0415574461221694,-0.2865511171552177,true,true
ARHGAP19,0.0828825481235981,0.3429196220984698,true,true
ARHGAP20,-0.2436550110578537,0.0822298556651012,false,true
ARHGAP21,0.0905642120965889,0.1277360449560585,true,true
ARHGAP22,0.2813203334808349,-0.1673221509101698,false,true
ARHGAP23,-0.0553904995322227,-0.3710301651043144,true,true
ARHGAP24,0.0620847381651401,0.9288616712725348,true,true
ARHGAP25,0.1914666444063186,-0.1774791150420829,false,true
ARHGAP26,-0.1494302973151207,0.7473723699504191,false,true
ARHGAP27,-0.0166745955745379,0.0014629351912236,false,true
ARHGAP28,0.6716642975807189,0.0588788791919467,true,true
ARHGAP29,-0.0028971098363399,-0.0898426546942374,true,true
ARHGAP30,0.1119476561434567,-0.8496398626535389,false,true
ARHGAP31,-0.0886482149362564,-0.2209281319097211,true,true
ARHGAP32,0.0473803911978999,0.1179437285074549,true,true
ARHGAP33,0.3247573524713516,0.181752451168105,true,true
ARHGAP35,0.0480339213141373,0.1253662104899309,true,true
ARHGAP39,0.2439004480838775,-0.1055910214543331,false,true
ARHGAP4,0.1010077148675918,-0.7563277326402611,false,true
ARHGAP42,-0.0165557172149419,0.1161563714174955,false,true
ARHGAP44,0.3720062971115111,-0.1187362714139612,false,true
ARHGAP5,0.0027464258351496,0.2497156774134259,true,true
ARHGAP6,-0.0156012067371713,0.1714452148519785,false,true
ARHGAP9,0.019808480516076,-0.993259146809386,false,true
ARHGDIA,-0.1124125432223081,-0.9355261418763714,true,true
ARHGDIB,0.0707636053363482,-0.3925272565416602,false,true
ARHGDIG,0.1443221569061279,0.57384611231503,true,true
ARHGEF1,0.0171801347945195,-0.4646078757474474,false,true
ARHGEF10,0.0181067585945129,0.1810473634222113,true,true
ARHGEF10L,0.104633155465126,-0.1424784474744296,false,true
ARHGEF11,0.0982119825979073,-0.1731567222063534,false,true
ARHGEF12,-0.0071509231680205,0.1687555647370651,false,true
ARHGEF15,0.157232791185379,-0.1330449846672037,false,true
ARHGEF17,-0.0396025888621807,-0.1554389957033914,true,true
ARHGEF18,0.0496741881860153,-0.1776798823907259,false,true
ARHGEF19,-0.4915785789489746,0.0145970370857486,false,true
ARHGEF2,0.1476081228964696,-0.168780015933688,false,true
ARHGEF25,0.1311156898736953,0.1747046774386222,true,true
ARHGEF26,0.1507548093795776,0.3828264127785869,true,true
ARHGEF28,0.3895773340482264,0.3200590898640277,true,true
ARHGEF3,0.0375588261988013,-0.1349109605617031,false,true
ARHGEF33,-0.1145710498094558,0.1116781741591433,false,true
ARHGEF37,0.1529518088791519,-0.0286490108531087,false,true
ARHGEF38,-0.1838180795311928,0.0033976159361505,false,true
ARHGEF39,-0.0730474218726158,-0.0483227277689838,true,true
ARHGEF4,-0.1519334614276886,0.4794834451460882,false,true
ARHGEF40,0.1526505803456529,-0.3397440078493287,false,true
ARHGEF5,0.0998684912919998,-0.0124844880142647,false,true
ARHGEF6,0.230625780565398,0.4232917213410161,true,true
ARHGEF7,0.0530452060380152,0.5574238997132954,true,true
ARHGEF9,0.2240076977759599,0.7897545991078796,true,true
ARID1A,0.0182960803753563,0.0127257988805546,true,true
ARID1B,-0.0188828668157969,0.1367989027954092,false,true
ARID2,-0.0221538489152278,0.2200971011216137,false,true
ARID3A,0.2640594244003295,-0.415427570979216,false,true
ARID3B,0.0737152490764856,0.0071202691332512,true,true
ARID4A,0.0903058597551924,0.2335566103367763,true,true
ARID4B,0.0024645082386476,0.2780072979546193,true,true
ARID5A,0.0427816052521978,-0.2900225806064513,false,true
ARID5B,-0.080067724521671,0.3036224545295072,false,true
ARIH1,-0.0665355275518127,0.1615658941567637,false,true
ARIH2,0.0137289213016629,0.4598136737816265,true,true
ARIH2OS,0.0216024369001388,0.271095223237215,true,true
ARL1,0.0271244287490844,0.0066617954367478,true,true
ARL10,0.0507014784961938,0.3389423513543088,true,true
ARL11,0.0374019891023635,-0.1663234813116353,false,true
ARL13B,-0.0780839553723732,-0.0680151511867754,true,true
ARL14EP,-0.0986060321331024,0.2694224966402476,false,true
ARL15,0.0434454243097986,-0.0471394850499313,false,true
ARL16,-0.0825283657759428,0.1650552397446825,false,true
ARL17A,-0.0311485834768973,0.1455733589145632,false,true
ARL17B,0.1151320338249206,0.1440192065990912,true,true
ARL2,0.0453662850583593,0.0550698660655655,true,true
ARL2BP,-0.1172221029177308,-0.334690201515575,true,true
ARL3,0.000116059789434,0.0767942328216277,true,true
ARL4A,0.0381325346728165,-0.7559313374154896,false,true
ARL4C,-0.0172977067995816,-0.552424203176681,true,true
ARL4D,-0.6181779503822326,0.3481954773826465,false,true
ARL5A,0.0504998210817575,0.020942656560619,true,true
ARL5B,-0.0436639801599085,-0.5091999071156276,true,true
ARL6,0.2081249747425317,0.0872796303386063,true,true
ARL6IP1,-0.0884026437997817,0.1516410098036895,false,true
ARL6IP4,0.0172517256811261,0.2129956978445726,true,true
ARL6IP5,-0.0920737284235656,-0.0611982063787515,true,true
ARL6IP6,0.0528954959784944,-0.1430293241829485,false,true
ARL8A,-0.0621599730104207,-0.2749863538708567,true,true
ARL8B,-0.0806414006011826,-0.0425840397930983,true,true
ARMC1,0.0201902754721231,-0.0270939229825195,false,true
ARMC10,0.0192607278004288,-0.1654727705197545,false,true
ARMC2,0.1458001205076774,0.4399835745739055,true,true
ARMC4,0.2106025069952011,0.0553643115976245,true,true
ARMC5,0.0500547690317034,-0.1506384224131702,false,true
ARMC6,-0.1138992896303534,-0.0359792363134801,true,true
ARMC7,0.1398632284253835,0.1218273348762213,true,true
ARMC8,-0.1204494341675724,-0.0404759445643287,true,true
ARMC9,0.2626837243636449,0.1389563590375028,true,true
ARMCX1,0.0663623288273811,0.1738989280130609,true,true
ARMCX2,0.1929665307203928,0.254445633674897,true,true
ARMCX3,-0.0866117356345057,0.113804915054442,false,true
ARMCX4,0.1009705637892087,0.2741437673210711,true,true
ARMCX5,0.0189812134951353,0.0279231783267259,true,true
ARMCX6,0.2169781650106112,-0.0971340509327163,false,true
ARNT,-0.0412193432649863,0.0488949885018246,false,true
ARNT2,0.2802080959081649,0.4241373484449856,true,true
ARNTL,-0.1788612258221422,-0.1871914292688123,true,true
ARNTL2,0.4655180275440216,-0.6857026204471883,false,true
ARPC1A,0.0892095223867467,0.100244401503641,true,true
ARPC1B,-0.0058051913976669,-1.154462252739302,true,true
ARPC2,0.0458484977217657,-0.5279964441924258,false,true
ARPC3,-0.0531338735794027,-0.6368636112787865,true,true
ARPC4,-0.0751125618815422,-0.6901930758491587,true,true
ARPC5,-0.0121523169800639,-0.6775832276454796,true,true
ARPC5L,-0.0858342284336686,-0.4911136326586045,true,true
ARPP19,-0.1444163039326667,-0.1685596248423513,true,true
ARRB1,0.2050104240576426,-0.2981028862587082,false,true
ARRB2,-0.0580479688942432,-0.5088071762757366,true,true
ARRDC1,-0.0136225339956581,-0.2177675235017084,true,true
ARRDC2,-0.195785050590833,1.682286778513653,false,true
ARRDC3,0.0356602936983108,0.3183263723596478,true,true
ARRDC4,-0.0776386402547359,-0.5452812733484155,true,true
ARSA,0.0455110151320695,0.1527261749605068,true,true
ARSB,0.1026040092110634,-0.0377336552365257,false,true
ARSD,-0.0184252066537737,0.0332867233248443,false,true
ARSG,-0.0099517491956551,-0.3867236739598936,true,true
ARSJ,0.0557355061173439,-0.1152889019757592,false,true
ARSK,-0.0284985192120075,0.0572881212011679,false,true
ART1,-0.114161729812622,0.1243325316650429,false,true
ART3,-0.1380687206983566,-0.2905402515397055,true,true
ARV1,-0.074261596542783,0.2749056714943778,false,true
ARVCF,0.1787778437137603,0.3154019870455551,true,true
AS3MT,0.0335936211049556,0.7017145390832673,true,true
ASAH1,0.0928747653961181,0.4778071393143497,true,true
ASAH2,0.0350751392543315,0.0266209870512455,true,true
ASAH2B,0.1123029850423336,-0.0675338794713632,false,true
ASAP1,-0.0578513443470001,0.1472081687387483,false,true
ASAP2,0.1380649271110693,0.1110664194257498,true,true
ASAP3,0.0075690075755119,-0.3484903061929496,false,true
ASB1,-0.1199964640739684,0.0628111223147977,false,true
ASB10,-0.0916360393166542,0.4073995985477654,false,true
ASB11,-0.0396741107106208,0.6384307089934235,false,true
ASB13,0.0101255394518375,-0.0642249234338265,false,true
ASB14,0.1075237616896629,0.7792149981432444,true,true
ASB15,-0.0061960248276591,1.282182314847897,false,true
ASB16,0.0372859463095664,0.0229469409703817,true,true
ASB18,0.444989800453186,0.5641819506296457,true,true
ASB2,0.0036210960242897,0.0165494025013313,true,true
ASB3,-0.0346926913812889,-0.0265387100819271,true,true
ASB4,-0.0629836022853851,0.4579784598326371,false,true
ASB5,0.2065636664628982,0.5760133642363175,true,true
ASB6,-0.0409696325659751,-0.3074706211546782,true,true
ASB7,0.024938495690003,-0.0531740043011259,false,true
ASB8,-0.0885626468807458,0.2055908362842808,false,true
ASB9,-0.2147735208272934,0.3006545750777072,false,true
ASCC1,-0.0989076455256768,0.1949538203358041,false,true
ASCC2,-0.0138255473226308,-0.3817542976114509,true,true
ASCC3,0.0295254045299121,0.0239787157442878,true,true
ASF1A,-0.0970520768314599,0.0997581046912419,false,true
ASH1L,-0.0381276638114026,0.1468635805164826,false,true
ASH2L,0.0660602370432267,0.2323860201203782,true,true
ASIC3,-0.0317262932658195,-0.046835592682638,true,true
ASIP,-0.1835156083106994,0.7352764249202046,false,true
ASL,-0.0485613457858562,-0.0926754517231587,true,true
ASNA1,-0.0928162535031636,-0.1978504412289767,true,true
ASNS,0.1385843977332115,-0.082342533542357,false,true
ASNSD1,-0.084232010692358,-0.1797897369171384,true,true
ASPA,0.4853149652481079,0.2407164430225984,true,true
ASPG,-0.2291456460952758,-0.0993453824071308,true,true
ASPH,-0.0263896324613597,0.0953142275887755,false,true
ASPHD1,-0.0205014493316411,-0.0371209740136405,true,true
ASPM,-0.2686970233917236,-0.2321032442332525,true,true
ASPN,0.2796862125396728,0.7882111732459594,true,true
ASPSCR1,-0.0668913505971431,-0.2343856549010672,true,true
ASRGL1,-0.4092798829078674,-0.7417487596556269,true,true
ASS1,-0.3981793224811554,-0.9343798118126612,true,true
ASTE1,0.0372813963331282,0.0189105736253838,true,true
ASTN1,0.3621529340744018,0.1740133947934171,true,true
ASTN2,0.0186873007565736,0.4055161716673769,true,true
ASXL1,-0.0662787365061896,-0.1338156681932138,true,true
ASXL2,0.040264552991305,0.1248734994029439,true,true
ASXL3,0.0553336255252361,0.3084341373234298,true,true
ATAD1,-0.1167180410453251,0.2121474979122703,false,true
ATAD2,-0.1304958593100309,0.6718533180463262,false,true
ATAD2B,-0.0049782667442091,0.1686111724201024,false,true
ATAD3A,-0.0201615852614243,-0.5869133651387057,true,true
ATAD3B,-0.0021375689655542,-0.2560031084553399,true,true
ATAD3C,-0.0607055723667144,-0.0472226725367195,true,true
ATAD5,-0.1546454199124127,-0.1969530942461257,true,true
ATAT1,0.0321035018190741,0.1806052762134815,true,true
ATCAY,0.2203911691904068,0.0014160389719629,true,true
ATE1,-0.0039411693412278,0.1712136314102243,false,true
ATF1,0.0468018795363605,-0.1198543260693107,false,true
ATF2,0.0110313396767846,0.1115094715089513,true,true
ATF3,-0.2444652840495109,-0.06838293934742,true,true
ATF4,-0.0931498482823372,-0.7789253620211011,true,true
ATF5,0.0783734175687034,-0.3743613477663132,false,true
ATF6,-0.1026030124298163,-0.077984587759472,true,true
ATF6B,0.0175401637243339,0.1959724544331051,true,true
ATF7,0.0335876973611967,-0.1442740867805438,false,true
ATF7IP,0.0357957814287926,0.3456848430323118,true,true
ATF7IP2,-0.0488350181175129,0.3594662267498578,false,true
ATG10,0.0739227698317595,-0.637872600950747,false,true
ATG12,0.0222226549605173,-0.0387479641891665,false,true
ATG13,-0.0547526702672863,0.2127962652018156,false,true
ATG14,0.0561181943242748,0.4920888427476746,true,true
ATG16L1,-0.0236603744948903,-0.1668307280874601,true,true
ATG16L2,0.0480170772410929,0.1543300199125701,true,true
ATG2A,-0.087597386073321,0.0005050165723785,false,true
ATG2B,0.0466843854103769,0.217391031679444,true,true
ATG3,-0.0220774268731474,-0.0960618383622975,true,true
ATG4A,-0.0341196842491626,-0.1372434333726757,true,true
ATG4B,0.0103952750408401,-0.099158708603845,false,true
ATG4C,0.1886508055031299,0.1638169045029211,true,true
ATG4D,-0.0957037955522537,-0.3114493780366673,true,true
ATG5,-0.0203581653269273,-0.0843417201201366,true,true
ATG7,0.1774895638227462,-0.1463994223929527,false,true
ATG9A,-0.0567145985551178,-0.3324454120784867,true,true
ATG9B,-0.0702269151806831,0.0027938301822211,false,true
ATIC,-0.0833824872970581,-0.3417781421763184,true,true
ATL1,0.1035227589309215,-0.0387098195079105,false,true
ATL2,-0.100170104453961,-0.0823243241688036,true,true
ATL3,-0.1180073451250791,-0.3710539115062525,true,true
ATM,0.1335753234369414,0.3829718733056242,true,true
ATMIN,0.018906965230902,0.0137777655063238,true,true
ATN1,-0.0258512764315431,-0.0642497736158431,true,true
ATOH8,-0.4231588542461395,0.9078138049765152,false,true
ATOX1,-0.0112610245123505,-0.1552195030062542,true,true
ATP10A,0.025237089022994,0.1191248173635587,true,true
ATP10B,-0.0269624721258878,0.0245023789532588,false,true
ATP10D,0.1333320037617037,0.5176952422090361,true,true
ATP11A,0.035651738888451,0.0284280102333678,true,true
ATP11B,-0.0076090824856821,0.2036318835135242,false,true
ATP11C,-0.0225972700864076,-0.624765369892356,true,true
ATP13A1,-0.0098090847954153,-0.3223982628326878,true,true
ATP13A2,0.0080906867980957,-0.7307179930796521,false,true
ATP13A3,-0.2023622233952794,-0.815771270694575,true,true
ATP13A4,-0.0052274749614298,0.0512869122502167,false,true
ATP13A5,0.0176339186728,-0.0005912354938547,false,true
ATP1A1,-0.3385977625846862,-0.8969580641351556,true,true
ATP1A2,-0.1213821694254875,1.333244997557116,false,true
ATP1A3,0.1496943086385726,0.7454786115492328,true,true
ATP1A4,0.2554078102111816,0.0499212124175122,true,true
ATP1B1,-0.3060773611068725,-0.2215439713192175,true,true
ATP1B2,0.1701763123273849,0.4428456897689562,true,true
ATP1B3,-0.3598094221337565,-1.12102401041447,true,true
ATP2A1,0.2527933716773986,0.0488825934480644,true,true
ATP2A3,0.1966058611869812,-0.342430839239268,false,true
ATP2B1,0.0568715965242258,-0.2770925769415866,false,true
ATP2B2,0.093739777803421,0.0081661006312203,true,true
ATP2B4,0.0744709491264075,-0.5296663628792739,false,true
ATP2C1,0.0267411914787122,0.5692926026940758,true,true
ATP2C2,-0.1450651586055755,0.0055605105280141,false,true
ATP5F1A,-0.0340689085423946,-9.312815586894931,true,true
ATP5F1B,0.1490026712417602,-9.664836014495066,false,true
ATP6AP1,-0.0641805596649646,-0.1688591170552147,true,true
ATP6AP1L,0.1492823045700788,0.53477228659939,true,true
ATP6AP2,-0.1596213854849338,-0.2556666188681484,true,true
ATP6V0A1,0.0848902096040546,-0.1872436447334044,false,true
ATP6V0A2,-0.0744305443949997,-0.1422174604049857,true,true
ATP6V0B,0.0031228356063365,-0.4790357163064413,false,true
ATP6V0C,-0.2882407903671264,-0.4926067177114075,true,true
ATP6V0D1,-0.0770041115581989,-0.166698489779371,true,true
ATP6V0E1,-0.1569819572780813,-0.2770317776436961,true,true
ATP6V0E2,0.0526351444423198,0.8588688390353632,true,true
ATP6V1A,0.0402652102389505,-0.4147100043516118,false,true
ATP6V1B2,-0.0354749336838722,-0.3575684411734605,true,true
ATP6V1C1,0.0053113854179779,0.1471497631604101,true,true
ATP6V1C2,-0.118259304203093,-0.0607379072008766,true,true
ATP6V1D,-0.1596748189379771,0.1429045097506094,false,true
ATP6V1E1,-0.1454438025131821,0.033650138898313,false,true
ATP6V1E2,-0.1027800987164179,0.1155000096525402,false,true
ATP6V1G1,-0.0685323334299027,-0.0942502023944307,true,true
ATP6V1G2,0.0112465843558311,0.5540782001539619,true,true
ATP6V1H,-0.0145765618820275,0.0898498579867759,false,true
ATP7A,0.0570521261543035,0.0170263254213571,true,true
ATP7B,0.1561823183049758,0.6898041253943201,true,true
ATP8A1,0.0159181877970695,0.5949854681275517,true,true
ATP8A2,0.0567893758416175,0.0065691553703381,true,true
ATP8B1,-0.0282768130834613,0.052759562283895,false,true
ATP8B2,0.0722704373300075,0.0912990908140574,true,true
ATP8B4,0.1491740345954895,-0.3676849129536721,false,true
ATP9A,0.2113637961447238,-0.121227605590835,false,true
ATP9B,0.036085229067664,0.2686728138711247,true,true
ATPAF1,0.053597987939914,0.5064410232418801,true,true
ATPAF2,0.0222024243790656,0.3263208754326698,true,true
ATR,-0.0353549915765013,-0.003428722919184,true,true
ATRAID,-0.0499444149434566,0.2025478857497669,false,true
ATRIP,-0.0470025967806577,-0.1348223428245025,true,true
ATRN,0.0777801448213202,0.1277250137121801,true,true
ATRNL1,0.3596141338348388,1.929074541149689,true,true
ATRX,0.0380732536889679,0.1874495530260986,true,true
ATXN1,0.1056913078895637,-0.3970728586372074,false,true
ATXN10,0.018023233794208,0.382525807682664,true,true
ATXN2,-0.0103869278516088,0.1595931734445721,false,true
ATXN2L,-0.0162081180654543,-0.1979643543283922,true,true
ATXN3,0.0170862621494701,0.3607648051893868,true,true
ATXN7,-0.0290875967059816,-0.1613371251218849,true,true
ATXN7L1,0.0741146472947938,0.4036344008478938,true,true
ATXN7L2,-0.0002497255045454,-0.0459523606914453,true,true
ATXN7L3,0.0520989764481782,-0.4816858154618803,false,true
ATXN7L3B,-0.0632769046351313,0.0895693287864212,false,true
AUH,-0.0044748824023242,0.5752485382573295,false,true
AUNIP,-0.0417295210063457,-0.1268092999752054,true,true
AUP1,-0.0431055516004562,-0.796487040102619,true,true
AURKA,-0.1619554609060287,-0.2770313624314257,true,true
AURKAIP1,-0.1013200640678405,-0.1310317154927593,true,true
AUTS2,0.0273216712687696,0.2350844944814378,true,true
AVEN,-0.0779815829591825,-0.8085715500897792,true,true
AVIL,0.0848036089912056,-0.0509215357505606,false,true
AVL9,-0.0039747370673077,-0.1153568962091404,true,true
AVPI1,-0.2255739271640777,-0.0918409525543428,true,true
AVPR1A,0.2074007838964462,0.3906349972612879,true,true
AVPR2,0.0254514422267675,0.2044583537722766,true,true
AXIN1,0.0979809518903494,-0.4338217518983049,false,true
AXIN2,-0.2853357195854187,0.6730188829406031,false,true
AXL,-0.1298435405828058,-0.1205358317509057,true,true
AZGP1,-0.534381091594696,0.2594259473940878,false,true
AZI2,-0.1536826957017183,-0.0005052405669481,true,true
AZIN1,-0.106064086407423,0.4386465423048102,false,true
B2M,-0.0428739738251481,-0.3319021323713222,true,true
B3GALNT1,-0.0212654639035463,0.0756922862677269,false,true
B3GALNT2,-0.0565503342077135,0.2019026986532068,false,true
B3GALT2,-0.2072717696428299,-0.2665703695809558,true,true
B3GALT4,0.050306448014453,-0.1696397894829508,false,true
B3GALT5,0.3027051389217376,0.0924466754431079,true,true
B3GAT2,-0.0158664714545011,0.0417810694624275,false,true
B3GAT3,-0.0180490741506218,-0.3522325860441961,true,true
B3GNT2,-0.072124532268693,-0.1358139710925869,true,true
B3GNT5,0.1578100677579641,-0.9137057458461484,false,true
B3GNTL1,-0.0121050775051116,0.1373242765286388,false,true
B4GALNT2,-0.0498620830476284,0.0004186487683094,false,true
B4GALNT3,-0.0069278539158403,-0.021248956890854,true,true
B4GALT1,-0.2145821649049009,0.0470309751743998,false,true
B4GALT2,0.0328679899103008,-0.3501232751234795,false,true
B4GALT3,0.0099089257419109,-0.3872549913504226,false,true
B4GALT4,-0.0775759227573871,-0.1372459876631606,true,true
B4GALT5,-0.1326393916138581,-0.7443840958492566,true,true
B4GALT6,0.1036008397738138,0.0696970295002565,true,true
B4GALT7,0.0750276166945695,-0.3158322839415275,false,true
B9D1,-0.0172893814742565,0.4090260211833642,false,true
B9D2,-0.0468755885958671,-0.3703488493497363,true,true
BAALC,0.3401426076889038,-0.2810100256609235,false,true
BAAT,0.0302176997065544,0.0397136916511178,true,true
BABAM1,-0.0176637655124068,0.0600249792867115,false,true
BACE1,0.0646265916526317,-0.0474288481893352,false,true
BACE2,-0.0061347068154386,-0.265203784553208,true,true
BACH1,-0.0985440356390816,-0.0503535466918467,true,true
BACH2,0.2332533331854002,0.6027341571257804,true,true
BAD,-0.0025760737189557,-0.2012877294368831,true,true
BAG1,-0.1575715810060501,0.2514835093688754,false,true
BAG2,-0.0639362707734107,-0.6373035726500506,true,true
BAG3,-0.0629374384880065,-0.2886517249205962,true,true
BAG4,-0.0166575507260859,-0.0523008498638515,true,true
BAG5,-0.059852322563529,-0.0054300361926284,true,true
BAG6,-0.0179374378174543,-0.0473426618807106,true,true
BAHD1,-0.0228433702141046,-0.1692559836486653,true,true
BAIAP2,0.0685750506818294,0.5846171591413638,true,true
BAIAP2L1,-0.1105162352323532,-0.0621614195198678,true,true
BAIAP2L2,0.2541185294588406,-0.0273619261644534,false,true
BAK1,-0.0118004148826003,-0.1722265633158199,true,true
BAMBI,0.0871049240231513,-0.1076771562672935,false,true
BANF1,-0.1172305913642048,0.0140482471447529,false,true
BANK1,-0.2681926134391687,0.0152705331198659,false,true
BANP,0.0042420442083052,-0.1392183098792352,false,true
BAP1,-0.0384266152977943,-0.2114456310158443,true,true
BARD1,-0.0219635618850588,0.2264512937918938,false,true
BASP1,-0.2362892478704452,-0.8713416878108587,true,true
BATF,-0.4509849846363067,-0.8389673947488394,true,true
BATF3,0.1917875260114669,-0.4608005168964409,false,true
BAX,-0.0774120569229126,-0.5178098079402877,true,true
BAZ1A,-0.160222299929176,-0.7624921095358541,true,true
BAZ1B,-0.0223766570644719,0.1246275811273296,false,true
BAZ2A,0.0173815867165103,0.1494988846353333,true,true
BAZ2B,0.0316935713802065,0.5585015358919847,true,true
BBC3,0.1359222680330276,-0.4374091491904234,false,true
BBIP1,-0.1005568113178014,-0.1324097450718144,true,true
BBS1,0.0761953182867728,0.4227978682336295,true,true
BBS10,0.1399198658764362,0.6277044988338673,true,true
BBS12,-0.1943298131227493,0.3664227242655986,false,true
BBS2,0.1824276626110076,0.6754491744827194,true,true
BBS4,0.0517659597098827,0.5370570453684964,true,true
BBS5,0.050007057422772,0.2251146402110557,true,true
BBS7,-0.0179597407579422,-0.0333594756077464,true,true
BBS9,0.0764182821980544,0.0303263260359809,true,true
BBX,0.0668223864798035,0.3728201607613597,true,true
BCAM,0.131055885925889,0.2232301721162599,true,true
BCAP29,0.0282669812440872,-0.3070455789594515,false,true
BCAP31,-0.1141198694705963,-0.3301119647350327,true,true
BCAR1,0.1775421928614378,-0.388306482860314,false,true
BCAR3,0.1063379688809315,0.1445850818843066,true,true
BCAS1,-0.0344989337027072,0.0051685381301573,false,true
BCAS2,-0.031010516360402,0.1498206650886926,false,true
BCAS3,0.0279972516166578,0.6716802571491236,true,true
BCAT1,0.0913684070110321,-0.8668174266019175,false,true
BCAT2,-0.0118717015720903,0.1852735840892281,false,true
BCCIP,-0.0626124393194913,-0.2592757174390447,true,true
BCDIN3D,0.0634908750653266,-0.0367434345791357,false,true
BCHE,0.324895828962326,-0.0028061366633493,false,true
BCKDHA,-0.0907397018745541,0.6914602557205826,false,true
BCKDHB,-0.4103516340255737,0.2379605728158633,false,true
BCKDK,-0.0400096834637224,-0.0982458560480434,true,true
BCL10,-0.085309336381033,-0.3947423120463318,true,true
BCL11A,-0.1454986929893493,0.0615103373399825,false,true
BCL11B,0.0618573017418384,0.060733053222619,true,true
BCL2,0.0813812911510467,0.5688613077328263,true,true
BCL2L1,-0.0680873898257102,0.0016043402310899,false,true
BCL2L11,0.0747316421940922,0.4350540530931481,true,true
BCL2L12,-0.0026158578693866,-0.216606699343347,true,true
BCL2L13,-0.1710870390026164,-0.0523969518773244,true,true
BCL2L14,-0.1419157739728689,-0.0210449365565654,true,true
BCL2L15,0.0558004155755043,-0.0672879603096296,false,true
BCL2L2,-0.063816076144576,-0.0755091476092548,true,true
BCL2L2-PABPN1,-0.007907884940505,-0.1986714217630858,true,true
BCL3,-0.2153516337275505,-1.633049580091106,true,true
BCL6,-0.3698793028791745,-0.9036495876088586,true,true
BCL6B,0.3463914692401886,-0.0063528343070196,false,true
BCL7A,0.271301656961441,0.1133563050135877,true,true
BCL7B,-0.0747100170701742,-0.2104609789758975,true,true
BCL7C,0.2987606202562649,-0.1092899522971135,false,true
BCL9,0.0783474259078502,0.2882718205346692,true,true
BCL9L,-0.0802206341177225,-0.537182443801587,true,true
BCLAF1,-0.0037852053397468,0.214893386289356,false,true
BCO2,-0.0723171383142471,0.1626771104097892,false,true
BCOR,0.0367181400458017,-0.1750442783441803,false,true
BCORL1,0.0236261489801108,-0.1563006620461242,false,true
BCR,-0.0006114847492426,-0.52965460703123,true,true
BCS1L,0.088793127797544,0.1164648157050876,true,true
BDH1,-0.0023436921183019,0.5929735565233715,false,true
BDH2,0.0444792200578376,0.2267264328215068,true,true
BDKRB2,-0.1417896449565887,-0.1963095877478105,true,true
BDNF,0.2339813411235809,0.2137848537278763,true,true
BDP1,0.00007097135364477123,0.0628913709618923,true,true
BEAN1,0.051820258796215,0.1591265468764527,true,true
BECN1,-0.0955322653055191,-0.0854566010712813,true,true
BEGAIN,0.2301162183284759,0.2295141969461816,true,true
BEND2,-0.1795151531696319,-0.1086768106117514,true,true
BEND3,0.0136578399688005,-0.117608602959253,false,true
BEND6,0.3318377286195755,-0.0041572857944738,false,true
BEND7,0.0607300482690334,-0.1858526108961653,false,true
BEST1,-0.0811597853899002,-0.1689401892319706,true,true
BEST2,0.0023132553324103,0.0015939528593668,true,true
BEST3,0.036874447017908,-0.2640605404126255,false,true
BET1,0.0596243804655387,-0.1166295395987444,false,true
BET1L,0.0111745342612266,-0.0594742815899458,false,true
BEX4,-0.0389162798722585,0.3809185745181684,false,true
BFAR,-0.0486118011176586,-0.0905388209892041,true,true
BFSP1,0.1987931728363037,0.0983631644452077,true,true
BGN,0.255719244480133,-0.3546085504732898,false,true
BHLHB9,0.1045770303656657,0.230552408297372,true,true
BHLHE40,0.0541771948337554,-2.075564178539743,false,true
BHLHE41,0.369653582572937,-0.1845416959258257,false,true
BHMT2,-0.1069330871105194,0.126130332096725,false,true
BICC1,0.3043525516986846,-0.0257433349237414,false,true
BICD1,0.1108571690108094,0.1482707444956896,true,true
BICD2,0.042874639108777,-0.2756044235943799,false,true
BID,-0.0526252444833517,-0.6178174044922023,true,true
BIK,-0.0486550480127334,-0.0972415216273472,true,true
BIN1,0.0307129944364229,-0.0179654413684944,false,true
BIN2,0.0557578951120376,-0.4637330633450291,false,true
BIN3,-0.140756302823623,-0.3337179149533717,true,true
BIRC2,-0.0232909638434648,-0.2382658487571371,true,true
BIRC3,-0.0994241461157798,-0.1992907083078381,true,true
BIRC6,-0.0062605804497642,0.2087904990728626,false,true
BIVM,-0.0698417017702013,0.2752491716947469,false,true
BLCAP,0.0895918377985556,0.300785366670186,true,true
BLM,-0.6578424274921417,0.2621570398734669,false,true
BLMH,-0.001605026028119,-0.0183946698875123,true,true
BLNK,0.6004912853240966,-0.350924991423391,false,true
BLOC1S1,-0.194962278008461,-0.1901165154835826,true,true
BLOC1S2,-0.061652473732829,-0.0468187175166221,true,true
BLOC1S4,-0.0821542888879776,-0.2129608171596055,true,true
BLOC1S5,0.0647430644370615,0.03000409874259,true,true
BLOC1S6,-0.0677449289709329,-0.128516489203732,true,true
BLVRA,0.0491849109530448,-0.1460725055078224,false,true
BLVRB,-0.0116234486922621,0.0089029737949486,false,true
BLZF1,0.0461085280403494,0.1018466526488022,true,true
BMF,0.3442760109901428,-0.1247382399557218,false,true
BMI1,0.1187792390584945,-0.1636923194446966,false,true
BMP1,-0.0625295376405119,-0.6467523299574562,true,true
BMP2,-0.0979672968387603,0.6029972115238115,false,true
BMP2K,0.1579739600419998,0.0685341411263982,true,true
BMP4,0.3529043495655059,0.5628443751129437,true,true
BMP5,0.0993408933281898,0.2814859114293442,true,true
BMP6,-0.2660807073116302,0.745929163575573,false,true
BMP7,-0.2771649360656738,-0.5471562122145303,true,true
BMP8A,0.1028804779052734,-0.2300045214391921,false,true
BMPER,-0.496819794178009,-0.0614387517140674,true,true
BMPR1A,-0.020182070962619,0.2061315450457117,false,true
BMPR1B,0.0117482803761959,-0.134052864945422,false,true
BMPR2,0.0296492986381053,0.0514621154036563,true,true
BMS1,-0.0788827203214168,-0.1056750618576982,true,true
BMX,-0.4926312295719981,0.1939548386327951,false,true
BNC2,0.086028330028057,-0.0530280683798596,false,true
BNIP1,0.0007174612643818,-0.0923526550453455,false,true
BNIP2,-0.08145357593894,0.0064407910213262,false,true
BNIP3,-0.3210841417312622,0.0585016764680856,false,true
BNIP3L,-0.00006800952057043712,0.2972742033142354,false,true
BNIPL,0.1954922676086425,0.08996451656994,true,true
BOC,0.6730132699012756,0.2500060566331359,true,true
BOD1,-0.0045917220413684,0.1384217456829226,false,true
BOD1L1,0.0627892751778875,0.393788283699243,true,true
BOK,-0.0915115028619766,0.0298664377541877,false,true
BOLA1,0.0667996574193239,0.0735882855800813,true,true
BOLA3,-0.0520062260329723,0.1725890719777716,false,true
BOP1,0.0102544883266091,-0.0760461558115136,false,true
BORA,-0.1327199097722768,-0.3593471010914863,true,true
BPGM,-0.1066194102168083,-0.2252866452427038,true,true
BPHL,0.3020278103649616,0.4837498114041252,true,true
BPNT1,0.0118468450382351,0.2554762986189165,true,true
BPTF,0.1049970702401229,0.3929438447308921,true,true
BRAF,-0.0692937259695359,0.3799118994906511,false,true
BRAP,-0.0675547512558599,0.1841584470085537,false,true
BRAT1,0.1018196612596511,-0.3644880623914583,false,true
BRCA1,-0.0082372312899678,0.3008642080555503,false,true
BRCA2,-0.2785277962684631,-0.441108728505586,true,true
BRCC3,0.0372434165328741,0.0696561621055402,true,true
BRD1,-0.0383922265464207,0.0837069556773726,false,true
BRD2,-0.0243601599708199,-0.1816228376657482,true,true
BRD3,0.0025317954365164,0.1926215586905835,true,true
BRD4,-0.0576322485160614,-0.1167373653926953,true,true
BRD7,0.0353684189418951,0.1075471662661762,true,true
BRD8,0.0410906579345464,0.4055444332395503,true,true
BRD9,-0.0479384817493458,-0.080749785181311,true,true
BRDT,-0.0770694687962532,0.0004620778937344,false,true
BRF1,-0.0045530792122008,0.1005078732132438,false,true
BRF2,0.0544863804243505,0.1881377671166459,true,true
BRI3,-0.0137600637972354,-0.1937331095297336,true,true
BRI3BP,0.1393308117985725,0.0117777400347434,true,true
BRICD5,-0.0046225069090723,0.5182603792410773,false,true
BRINP1,0.8125780820846557,0.2801068264545524,true,true
BRINP2,0.0371461547911167,0.0363027838304122,true,true
BRINP3,-0.187986135482788,-0.7789910273722565,true,true
BRIP1,-0.5048732757568359,-0.1277384599895639,true,true
BRIX1,-0.1847727231681347,-0.1899084788170362,true,true
BRK1,-0.0882553502917289,0.070518025142932,false,true
BRMS1,0.0226366931165102,-0.7184600686303301,false,true
BRMS1L,-0.0814427882432937,-0.0353257091450802,true,true
BROX,0.0685258851386606,0.1154667102718338,true,true
BRPF1,-0.0562631478533148,-0.0258176256074058,true,true
BRPF3,0.0083035841584205,-0.1199278165352328,false,true
BRSK1,0.2321277074515819,0.4644426326490007,true,true
BRWD1,0.0092209738878799,0.2983634263280468,true,true
BRWD3,-0.0155948333475472,-0.0219654472572834,true,true
BSCL2,0.1070977449417114,-0.3515045380581371,false,true
BSDC1,0.0301977486039201,0.0793595957549673,true,true
BSG,-0.0720776915550231,0.3574241479108017,false,true
BSN,0.1319010257720947,0.1765456634414897,true,true
BSPRY,-0.0922282114624977,-0.4491729136561574,true,true
BST1,0.2362423688173294,-0.1520616962533336,false,true
BST2,0.035328809171915,-0.245713152975675,false,true
BTAF1,-0.0238792276276009,0.1760870698989602,false,true
BTBD1,-0.034149280217077,0.1998980284963281,false,true
BTBD10,0.0540314194347177,-0.124653275460933,false,true
BTBD11,-0.0558763034641742,0.112398139159868,false,true
BTBD18,-0.2102302461862564,0.0006317707085461,false,true
BTBD19,0.0072033554642985,0.0131984317941981,true,true
BTBD2,0.1109810315072536,-0.1087000841821339,false,true
BTBD3,0.0379156501342852,0.0252761989428043,true,true
BTBD6,-0.0001268622775872,-0.3428729984439518,true,true
BTBD7,-0.0202120844540851,0.1926343145054567,false,true
BTBD8,0.2280196249485015,0.716331155063091,true,true
BTBD9,-0.0737805058431279,0.4507118815091053,false,true
BTC,0.0976645052433014,-0.00007686854170607661,false,true
BTD,0.0251081362366676,0.3659818378067116,true,true
BTF3,-0.1239509031176567,-0.0919635929386473,true,true
BTF3L4,-0.0810008652818699,-0.1180942996495528,true,true
BTG1,-0.2466645006622587,0.0563988379859843,false,true
BTG2,-0.1927520215511321,0.4547374393324172,false,true
BTG3,-0.1437783733010292,-0.3489775306178049,true,true
BTK,0.0608456693589687,-0.5483557691090593,false,true
BTN2A1,0.0582898415625095,-0.2568675517776228,false,true
BTN2A2,0.2100013643503189,-0.3388591249187724,false,true
BTN3A1,0.0474102348089218,0.2803392379675298,true,true
BTN3A2,0.1080581396818161,-0.0571059977772847,false,true
BTN3A3,0.3795385062694549,0.0258733587668251,true,true
BTNL8,-0.4168187379837036,0.0145179696918721,false,true
BTNL9,-0.1248974427580833,0.7172395416900232,false,true
BTRC,0.0780213791877031,0.3506477468810893,true,true
BUB3,-0.0086890805512666,-0.0881986274697963,true,true
BUD13,-0.0506301447749137,-0.0017136847630521,true,true
BUD31,-0.0139382183551788,-0.2723914147709836,true,true
BVES,-0.0852336958050727,-0.5325492135666358,true,true
BYSL,-0.1446199640631675,-0.6062149591600904,true,true
BZW1,-0.1447246920317411,-0.649111017827638,true,true
BZW2,-0.0619246326386928,0.2335858357983191,false,true
C10orf67,0.1219134256243705,0.1246709401889734,true,true
C10orf71,0.1985881924629211,1.571984102749708,true,true
C10orf88,0.011797803081572,-0.085437962211798,false,true
C11orf1,0.0734520703554153,0.558733122620286,true,true
C11orf21,0.2048297077417373,0.9399100610938222,true,true
C11orf24,-0.1007853467017412,-0.4540833902678418,true,true
C11orf49,-0.0176949556916952,0.1458021684490233,false,true
C11orf52,0.0452537238597869,-0.8355155770380647,false,true
C11orf54,-0.0157091551227495,0.5295244482522902,false,true
C11orf58,0.0450355067316974,0.0012294490740041,true,true
C11orf65,0.019165385980159,0.5297387506734641,true,true
C11orf68,0.2029809057712554,0.1229518348300771,true,true
C11orf71,0.2042491063475608,0.3230631539721398,true,true
C11orf74,0.0677523729391396,0.3488477496038022,true,true
C11orf80,0.6218358278274536,0.1663387201919708,true,true
C11orf95,0.0457573905587196,-0.1370490502532173,false,true
C11orf96,0.0246895048767328,-1.701743260824109,false,true
C12orf10,0.0427964637055993,-0.0279325730837243,false,true
C12orf29,-0.1013535484671592,-0.2493328200457591,true,true
C12orf4,0.0664977002888917,-0.0495637695585622,false,true
C12orf40,-0.2795061275362968,0.0351406142529955,false,true
C12orf43,0.0141236285271588,-0.1942778841624206,false,true
C12orf45,0.0262533960863947,-0.1178516972624992,false,true
C12orf49,-0.0158060239627957,-0.3579278000342403,true,true
C12orf57,-0.049910445138812,0.1133893167870887,false,true
C12orf60,-0.2397645860910415,0.0997886086536594,false,true
C12orf65,-0.0601280238479375,0.1963905003959864,false,true
C12orf66,-0.1023553479462862,-0.0109670878783647,true,true
C12orf73,0.0056625125929713,0.2043083901994502,true,true
C12orf75,0.1214145720005035,0.049283985113912,true,true
C12orf76,0.052856720983982,0.3067466941831826,true,true
C14orf119,-0.1415110163390636,-0.3129035254328722,true,true
C14orf132,0.2121700830757618,0.9082190792870733,true,true
C14orf178,-0.0028561167418956,0.0246583766878401,false,true
C14orf180,-0.2844727635383606,0.8876130576938248,false,true
C14orf28,0.1482296859224637,0.0385463946134305,true,true
C14orf93,0.0078951397910714,0.2307511455733155,true,true
C15orf39,0.0668088570237159,-0.5537723076214544,false,true
C15orf40,0.0177404293790459,-0.0995951840060929,false,true
C15orf41,-0.1130524575710296,-0.1947668783700251,true,true
C15orf61,-0.0695753172039985,0.0904464976012002,false,true
C15orf65,-0.0540246069431304,-0.2158606488003223,true,true
C16orf45,-0.0065972277273734,0.0863554918751221,false,true
C16orf46,0.061866283416748,-0.0103307612745452,false,true
C16orf58,0.10108751244843,0.1299394054378582,true,true
C16orf70,0.061113229766488,0.1302699223747905,true,true
C16orf71,0.0079888748005032,-0.0480312585108022,false,true
C16orf72,-0.032810868229717,-0.230116224139941,true,true
C16orf74,0.1532211899757385,-0.0366860347325284,false,true
C16orf86,0.1487635225057601,0.2245042974618127,true,true
C16orf87,0.0540301506407558,0.0304869766401512,true,true
C16orf89,0.3289069235324859,0.9241981493274678,true,true
C16orf91,-0.0638698488473892,-0.1179314067345629,true,true
C16orf95,-0.0088623333722352,0.2427853935719071,false,true
C17orf51,0.0702214625974496,-0.0875349326008361,false,true
C17orf58,-0.3679932653903961,-0.0636549332720703,true,true
C17orf67,0.1599384946748614,0.0523366478123559,true,true
C17orf75,0.1124548812707265,0.4547973639492273,true,true
C17orf80,0.0598341910168528,0.2842764249260971,true,true
C18orf21,-0.115950021892786,-0.1078592301255927,true,true
C18orf25,-0.1228239767785583,0.2556658781219027,false,true
C18orf32,-0.0813393415883183,0.0538156834158005,false,true
C18orf54,0.1371999979019165,0.0391368846580224,true,true
C19orf12,0.0023127533495426,-0.490235764666957,false,true
C19orf18,0.1136346235871315,0.167264789007216,true,true
C19orf24,0.1010432317852973,-0.8330167727285896,false,true
C19orf25,-0.0328639768064021,0.1584588446885422,false,true
C19orf44,0.1274643056094646,0.2312478504226094,true,true
C19orf47,-0.117743857204914,-0.3101354227398518,true,true
C19orf48,-0.0095525830984115,-0.1543028186072492,true,true
C19orf53,-0.0552406570932362,-0.0831268924808039,true,true
C19orf54,0.0818689130246639,0.3768370265561877,true,true
C19orf66,0.1205396130681038,-0.180802647534237,false,true
C19orf71,0.1142582893371582,0.291165521483575,true,true
C1D,-0.0154486991465091,-0.072443718890776,true,true
C1GALT1,-0.0384103569279735,-0.1239116685138679,true,true
C1GALT1C1,-0.1842223182320594,-0.2067631876370081,true,true
C1QA,-0.3135588765144348,-0.3963726992982774,true,true
C1QB,-0.3320523202419281,-0.9055726986126292,true,true
C1QBP,-0.1835979640483856,-0.0275220214202933,true,true
C1QC,-0.2264831215143203,-0.837662885234728,true,true
C1QL3,-0.0529423095285892,0.0111074420125654,false,true
C1QTNF1,-0.4280586838722229,-1.973153420296852,true,true
C1QTNF2,0.6350742578506469,0.2619610146604152,true,true
C1QTNF3,0.2014213850100835,0.2991562038102653,true,true
C1QTNF6,0.2336567714810371,-0.3953748774640539,false,true
C1QTNF7,0.1448743939399719,1.076231642158366,true,true
C1R,-0.6310616135597229,-0.6861770078336747,true,true
C1RL,-0.424852579832077,-0.4355429379457764,true,true
C1S,-0.4263303875923156,0.0594779829110301,false,true
C1orf105,-0.1674506366252899,-1.477989652637647,true,true
C1orf109,-0.0891491752117872,0.0120832498407481,false,true
C1orf112,0.0018296811729669,-0.0807718204504145,false,true
C1orf115,-0.0988052189350128,-0.1374154624526675,true,true
C1orf122,0.0190169600148995,-0.0768297806888753,false,true
C1orf127,0.0733824074268341,0.0820712567053867,true,true
C1orf131,-0.0140660356730222,0.0350175322568069,false,true
C1orf159,0.0498845507390797,-0.0340667159876415,false,true
C1orf162,-0.5618902444839478,-1.121494561085607,true,true
C1orf167,-0.1235236674547195,-0.1197015354248422,true,true
C1orf174,0.019114201888442,-0.4551234540624791,false,true
C1orf198,0.252260903827846,0.4015496399529681,true,true
C1orf21,-0.2120339583073343,0.1852659369094134,false,true
C1orf216,-0.0957048777490854,-0.094337503644589,true,true
C1orf226,-0.0947101265192032,-0.0167266804327654,true,true
C1orf35,0.1681595183908939,-0.0447318107745069,false,true
C1orf43,-0.0654370322202642,-0.1701465854517714,true,true
C1orf50,0.0225549578666686,0.2146224339986653,true,true
C1orf52,0.0077173193916678,-0.1997058925809471,false,true
C1orf54,0.1941929131746291,-0.1355600062310897,false,true
C1orf56,-0.1202474644407629,-0.168829503480997,true,true
C1orf74,0.0275215003639459,0.174158806732106,true,true
C2,0.0434302013988296,-0.6170024727336902,false,true
C20orf144,0.0481240265071391,0.0008017513453862,true,true
C20orf194,0.1518113590510828,0.2042031103958295,true,true
C20orf27,-0.1967399716377258,-0.5497289609806532,true,true
C20orf96,0.1751411408185958,0.2464875282737426,true,true
C21orf58,0.062593991557757,0.0150510525088747,true,true
C21orf62,0.0780877694487571,-0.1878101250807256,false,true
C21orf91,-0.0688648596405982,0.3626018320342501,false,true
C22orf15,-0.1238345056772232,-0.0043839070436159,true,true
C22orf23,0.0721824876964092,0.073498828887758,true,true
C22orf39,-0.0926656372845172,0.4068418262789732,false,true
C22orf46,0.0993433855473995,0.1475879108079648,true,true
C2CD2,0.1656983830034732,-0.1439664861685328,false,true
C2CD2L,0.0367698461438218,-0.3726794069783103,false,true
C2CD3,0.0067956821460808,0.1477976537033121,true,true
C2CD4C,-0.0773052871227264,-0.0652554487772102,true,true
C2CD5,0.1020882401083197,0.4463419420142766,true,true
C2orf27A,0.1936097012367099,0.0300709560678365,true,true
C2orf42,0.066464652493596,0.082548000370898,true,true
C2orf49,-0.0076112856622785,0.2406300184431655,false,true
C2orf68,0.0879372717812657,0.1681947789521132,true,true
C2orf69,-0.0992474660277366,-0.387063050438861,true,true
C2orf74,0.1094028502702713,0.5484699646976141,true,true
C2orf76,0.1236093774437904,0.1331388202221619,true,true
C2orf81,0.1675828397274017,0.0717283189808773,true,true
C2orf88,-0.224664644151926,-0.013635562968568,true,true
C3,-0.6135839223861694,-0.4280598755163636,true,true
C3AR1,-0.0182294454425573,-1.152176652078014,true,true
C3orf14,0.134262591600418,-2.172388298096049,false,true
C3orf18,0.1516139060258865,0.1322636580680125,true,true
C3orf33,0.091754212975502,0.5027527315007052,true,true
C3orf38,-0.0507698521018028,0.0472137316615843,false,true
C3orf52,-0.3362742066383361,-0.6671510775917299,true,true
C3orf62,0.0222212806344032,0.0509042479567471,true,true
C3orf67,0.0735438968986272,-0.0274933134861903,false,true
C3orf70,0.052658773958683,0.1171476817706962,true,true
C4BPA,0.0068799224682152,0.0029190924303363,true,true
C4orf19,-0.3759420722102125,0.0159402516311263,false,true
C4orf3,-0.0650885060429573,0.3805690525571821,false,true
C4orf33,0.0157200494781136,0.0764731192088776,true,true
C4orf36,-0.0809803791344165,0.3615797000566448,false,true
C4orf45,-0.2957450449466705,0.0006872510803401,false,true
C4orf46,0.0335169062018394,0.1843032067208736,true,true
C5,-0.0120713450014591,0.229159105963254,false,true
C5AR1,-0.2206627130508422,-1.355593629579636,true,true
C5AR2,-0.2614884674549102,-0.2706177584582992,true,true
C5orf15,-0.0780840673483908,-0.1611521746026802,true,true
C5orf22,-0.0708179180277511,0.0995150796377823,false,true
C5orf24,-0.0944243095815181,-0.3246477231680273,true,true
C5orf30,0.0099674090743064,-0.057974572542552,false,true
C5orf34,-0.0602704907457033,-0.1139549823554036,true,true
C5orf46,0.1419366896152496,1.445212196307489,true,true
C5orf47,0.0436873286962509,0.0447511270566351,true,true
C5orf51,-0.04241677634418,0.3619669845057842,false,true
C5orf56,0.2031933037298066,0.736170890846985,true,true
C5orf63,0.1012098118662834,0.5246312571456064,true,true
C6,-0.0392436906695365,1.113596821028794,false,true
C6orf106,-0.0953221932053566,-0.5352098421129705,true,true
C6orf120,-0.1706064008176326,-0.3900788730605411,true,true
C6orf132,-0.1117343120276927,-0.0679614662294791,true,true
C6orf136,-0.0404566496610641,0.2466202027822856,false,true
C6orf141,0.3649491667747497,0.1811033660278458,true,true
C6orf201,-0.1894833073019981,0.0063689866369662,false,true
C6orf203,-0.0962557438760996,0.3814201960859908,false,true
C6orf226,0.1058262959122657,-0.0251887942322797,false,true
C6orf47,-0.0659473040141165,-0.1278426957814229,true,true
C6orf48,-0.1840380231539408,0.217059307302053,false,true
C6orf62,0.034587615635246,-0.1533431603346251,false,true
C6orf89,-0.0389733522523394,-0.0420561237239596,true,true
C7,-0.3855336606502533,0.0954554069303119,false,true
C7orf25,-0.0533200874924659,-0.1381605780420855,true,true
C7orf26,0.0584914781153201,-0.3201472534562612,false,true
C7orf31,0.026553263887763,-0.0229147692582182,false,true
C7orf43,0.1103750541806221,-0.0874116051669606,false,true
C7orf50,0.0790234713815152,0.422739813352547,true,true
C8orf33,-0.0650047251023352,-0.2244982029608102,true,true
C8orf34,0.3727858364582061,0.227772156426818,true,true
C8orf37,-0.0055893715471029,0.1151162926844862,false,true
C8orf59,0.0421282349154353,-0.030248136089102,false,true
C8orf76,-0.060799091309309,-0.5149255164360462,true,true
C8orf82,0.0003208964481018,-0.3053485169365082,false,true
C9orf131,-0.04750257730484,-0.0183041791277772,true,true
C9orf16,-0.0370163351763039,0.1528078495525715,false,true
C9orf24,0.1361628612503409,0.8406536458333642,true,true
C9orf40,-0.1170211434364318,-0.092577491394333,true,true
C9orf64,0.0470731804768244,0.0364971136745695,true,true
C9orf72,-0.0710574313998222,-0.0346753498741914,true,true
C9orf78,0.0360496504232287,0.0889500456656553,true,true
C9orf85,0.0462666576994316,0.1826882852641453,true,true
CA1,-0.2323328405618667,0.176426257649647,false,true
CA11,-0.0410660989582538,-0.0284251415998084,true,true
CA13,0.1254934221506118,-0.5950816054722056,false,true
CA14,-0.2198597639799118,-0.3082001748175904,true,true
CA2,-0.1153039261698722,-0.19650952836722,true,true
CA3,-0.0962797850370407,0.6005853383473027,false,true
CA4,0.3338775038719177,0.7101621026479136,true,true
CA5A,-0.1578674465417861,-0.0023092204598956,true,true
CA5B,-0.0502621685154735,0.2381105735331445,false,true
CA8,0.0558140091598033,-0.0835558867450609,false,true
CAAP1,-0.0028123799711465,0.035301288623474,false,true
CAB39,-0.0392953376950962,-0.1018855103005647,true,true
CAB39L,-0.2533075213432312,0.1245176402441319,false,true
CABIN1,0.0221418065151997,-0.1039415593656274,false,true
CABLES1,0.2782947897911071,0.3133517472552732,true,true
CABLES2,-0.0338463596999645,-0.5924790789215099,true,true
CABP1,0.1170006990432739,0.4966457439668192,true,true
CABYR,-0.1875887004037698,0.0190186769617961,false,true
CACFD1,0.022858016192913,-0.2552340232165422,false,true
CACHD1,-0.0450732633471488,-0.2090485797202004,true,true
CACNA1A,0.1050767749547958,0.0282589312684787,true,true
CACNA1B,0.1798811107873916,0.1178548666198586,true,true
CACNA1D,0.647667646408081,0.0296855822730696,true,true
CACNA1E,-0.2059923410415649,-0.0690490476517709,true,true
CACNA1H,-0.2168506532907486,-0.0259529422591073,true,true
CACNA2D1,-0.0049066171050071,0.6479794848504543,false,true
CACNA2D3,0.0837203323841095,0.6945339958137379,true,true
CACNA2D4,-0.1971994936466217,-0.160836976385031,true,true
CACNB1,0.025070697069168,-0.3910332107847853,false,true
CACNB2,-0.2033590376377105,0.4069177887685921,false,true
CACNB3,0.0640713199973106,-0.1745766499001129,false,true
CACNB4,0.0909992359578609,0.0856594882562921,true,true
CACNG8,0.270824909210205,0.0061808123609193,true,true
CACTIN,0.015973700210452,-0.1474492596103811,false,true
CACUL1,0.0197102312397743,-0.0405264692232032,false,true
CACYBP,-0.0903263309970498,-0.325056978435354,true,true
CAD,0.067679151892662,-0.3450058926520642,false,true
CADM1,0.1735315024852752,0.0724129716664458,true,true
CADM2,-0.0832502543926239,-0.0496572175443429,true,true
CADM3,-0.1582018435001373,0.0584451616258535,false,true
CADM4,-0.0316731072962284,-0.261799056773277,true,true
CADPS,0.3336000442504882,0.7405070171409411,true,true
CADPS2,-0.1684779971837997,-0.2651827593523248,true,true
CALB1,0.061042308807373,0.0038986278368263,true,true
CALCB,0.0519943113128344,-0.4088740743681041,false,true
CALCOCO1,0.0511664702401806,0.0967662883341784,true,true
CALCOCO2,-0.2471516068492616,0.1065701731351014,false,true
CALCRL,-0.1421719491481781,-0.0757506349028949,true,true
CALD1,-0.0732049127109348,0.24418417441706,false,true
CALHM2,-0.2028036266565322,-0.660832760607811,true,true
CALM1,0.0761070487399895,-0.2705746452874295,false,true
CALM2,-0.0622674468904733,-0.0890853980928687,true,true
CALM3,-0.0099264614284038,0.1528692563433509,false,true
CALML4,-0.0153843767475336,-0.3020666812949466,true,true
CALR,-0.1042093366384506,-0.4962180083635834,true,true
CALU,-0.1747037731111049,-0.729248618604119,true,true
CAMK1,-0.0766477867960929,-0.3637712477025414,true,true
CAMK1D,0.0669765621423721,0.0680998632286087,true,true
CAMK2A,0.2682216167449951,0.1610558732887028,true,true
CAMK2B,0.2256402671337127,0.6165622896607692,true,true
CAMK2D,0.0065549095161259,-2.989438594216709,false,true
CAMK2G,0.2659623127962861,0.1046661176213623,true,true
CAMK2N1,0.1519033014774322,-0.0913610315402989,false,true
CAMK4,-0.192490741610527,0.0835403638312583,false,true
CAMKK1,0.1796474680304527,-0.2505265386803525,false,true
CAMKK2,0.0884952737639347,-0.0992858177599393,false,true
CAMKMT,-0.1212900573653834,0.0093790635635269,false,true
CAMLG,-0.0697177553549408,-0.0028878887889951,true,true
CAMSAP1,0.1748787686228752,-0.0933722103935163,false,true
CAMSAP2,0.0310721628900085,0.0255958625808183,true,true
CAMTA1,0.0299163133438144,0.202441075496389,true,true
CAMTA2,-0.0039786087349057,-0.1527973489391323,true,true
CAND1,0.0303052600938826,-0.1027764158724049,false,true
CAND2,0.1168867498636245,0.7110658035874291,true,true
CANT1,0.0465235877782106,-0.4012396235642032,false,true
CANX,-0.0849175788462162,-0.2089239515469572,true,true
CAP1,-0.0647736596209662,-0.7762407324066825,true,true
CAP2,-0.142544999718666,0.6286674033446155,false,true
CAPN1,-0.0757448326796293,-0.5388201881633989,true,true
CAPN10,-0.0224239002913236,0.1307458561306109,false,true
CAPN12,-0.182134598493576,0.0552602125666233,false,true
CAPN14,0.1399455219507217,0.0786907316326257,true,true
CAPN15,-0.0706273317337036,-0.5160056306298321,true,true
CAPN2,0.0205705208437783,-0.2784424159797023,false,true
CAPN3,0.1963921591639518,0.7442636672285936,true,true
CAPN5,0.3357965946197509,-0.0274160247098621,false,true
CAPN7,0.0082617537783724,0.1469268845623119,true,true
CAPN9,-0.0153705887496471,0.0274727055426292,false,true
CAPNS1,-0.1064353670924902,-0.0896377528012886,true,true
CAPRIN1,-0.0407490787495459,0.1346751973599813,false,true
CAPRIN2,0.1807062268257141,0.3064379955720251,true,true
CAPS,0.1324801035225391,0.4155323839545035,true,true
CAPS2,0.0984142410258452,0.9195044076770093,true,true
CAPZA1,-0.1186814558293138,-0.7105858344723823,true,true
CAPZA2,-0.1087990190301622,-0.1912703466450622,true,true
CAPZB,-0.0178151110719357,-0.241337842975831,true,true
CARD10,0.3027658462524414,-0.0049282571433666,false,true
CARD11,0.2022578716278075,0.0791538062841559,true,true
CARD14,-0.0609944406896829,-0.0167727144593656,true,true
CARD16,-0.1718764454126358,-0.3424486399552444,true,true
CARD6,-0.213260402282079,-0.2028601655453243,true,true
CARD8,0.0977407474226008,0.1092839252936297,true,true
CARD9,0.0573744401335716,-0.3280997120290301,false,true
CARF,0.1039439660186568,0.8288417074557838,true,true
CARHSP1,-0.1340162813663482,-0.9076076538307172,true,true
CARM1,0.0344829723238945,-0.5543503499905519,false,true
CARNS1,0.4047757983207702,0.9168172231123428,true,true
CARS,-0.0699924292663733,-0.338421633818188,true,true
CARS2,0.1267048088567597,-0.0225516889983774,false,true
CASC1,0.0996341407299041,0.1576035604414382,true,true
CASC3,-0.0083077723781267,-0.0229412221473737,true,true
CASC4,0.0788629981023924,0.1514813899247227,true,true
CASD1,0.1010214200775538,0.2640569030691066,true,true
CASK,0.0389272130227514,-0.0336594103408605,false,true
CASKIN2,-0.254713237285614,-0.2207052672882925,true,true
CASP1,0.5560853481292723,-0.5703052861273094,false,true
CASP10,0.1280229538679122,-0.1808930204643814,false,true
CASP2,0.068622413277626,-0.1973948671757266,false,true
CASP3,-0.0274073764681816,-0.549635688513959,true,true
CASP4,0.1068689436263715,-1.055824950731796,false,true
CASP5,-0.0466707348823547,-0.2051110048478446,true,true
CASP6,-0.019318408332765,0.0761426059501497,false,true
CASP7,0.0163595296442508,-0.6989727835910324,false,true
CASP8,-0.1507029831409454,-0.1485884938169324,true,true
CASP8AP2,0.0665013369871303,0.3082722666813739,true,true
CASP9,0.0483808903954923,0.0417868762335749,true,true
CASQ1,0.0822880342602729,0.2119707817339806,true,true
CASQ2,-0.003263755235821,-8.582204319989795,true,true
CASS4,0.0915789902210235,0.0515974626965483,true,true
CAST,-0.0964364760688373,-7.583830457972105,true,true
CASZ1,-0.0439141951501369,-0.1697184037581922,true,true
CAT,-0.0239514540880918,0.2716628379010552,false,true
CATSPER2,0.3073242157697677,0.2151256312405618,true,true
CATSPERB,-1.042436957359314,0.0166193537753476,false,true
CATSPERG,0.1818815104663371,0.099159198746688,true,true
CAV1,-0.11424271017313,0.2050301778844803,false,true
CAV2,-0.084116093814373,-0.250181895318712,true,true
CAV3,-0.0360656343400478,0.1782778638160684,false,true
CBFA2T2,0.1199510772047298,0.3858602366944841,true,true
CBFA2T3,0.0377261638641357,-0.013141966250964,false,true
CBFB,-0.0176034579053521,-0.3214074672407401,true,true
CBL,0.0424539125358153,-0.2142309066523588,false,true
CBLB,-0.2833190853042261,0.3842108799148675,false,true
CBLL1,-0.0768617298454046,0.288116024429454,false,true
CBR1,-0.0075049258070066,-0.423651313089179,true,true
CBR3,-0.0769126592203974,-0.2991613110444288,true,true
CBR4,-0.0479238838888704,-3.554763019794481,true,true
CBWD1,-0.0277980191633105,-0.2835323213301244,true,true
CBWD2,-0.0378906680271029,-0.1444338746038957,true,true
CBX1,0.0059996871277689,-0.0738830416688318,false,true
CBX3,-0.0924501476809382,-0.2898403419684001,true,true
CBX4,0.0180968604981899,-0.3935822508955064,false,true
CBX5,-0.0721582951024174,0.1399218301808353,false,true
CBX6,-0.0660891499370336,-0.33516330644701,true,true
CBX7,0.1889469634431104,0.7498678341747568,true,true
CBX8,0.1915750652551651,0.0331049677005581,true,true
CBY1,0.042552027106285,0.4591694063845155,true,true
CC2D1A,0.0384102763608097,-0.1440515606901655,false,true
CC2D1B,-0.0838501278311014,-0.3231236204841496,true,true
CC2D2A,0.0506524099037051,0.7889724271804117,true,true
CC2D2B,-0.0651801588634649,0.1223478156725694,false,true
CCAR1,-0.0223329799648906,-0.1203314324452762,true,true
CCAR2,-0.0978292107582092,0.026344916011129,false,true
CCBE1,-0.2632984220981597,-0.0332434642478499,true,true
CCDC102A,0.1783142661054929,-0.1503201822806139,false,true
CCDC102B,0.1173543632030487,-0.2048710020478874,false,true
CCDC106,0.0366350822150707,0.0312068322353322,true,true
CCDC107,-0.0706843409376839,-0.2434280601404212,true,true
CCDC110,-0.0171144157648086,0.135294371768635,false,true
CCDC112,0.1931527554988861,-0.0603797105617454,false,true
CCDC113,0.0885156672447919,0.7828964129906186,true,true
CCDC115,0.1832187846302985,0.2729999133527516,true,true
CCDC117,-0.0423909503966569,-0.1339220048060592,true,true
CCDC12,-0.0725853757134505,-0.0882290504794425,true,true
CCDC120,0.0886349491775035,-0.0196093785101829,false,true
CCDC121,0.0308635756373405,0.3970960177516809,true,true
CCDC122,0.0838320513721555,0.77725378139189,true,true
CCDC124,-0.076896995306015,-0.3408716378164902,true,true
CCDC125,0.2089823419228195,0.3407548091379393,true,true
CCDC126,-0.0365504950284957,0.0964348648577812,false,true
CCDC127,-0.0192159265279769,0.122397181945828,false,true
CCDC13,0.0393941551446914,0.0766409800362506,true,true
CCDC130,0.0273967407178133,0.105776116691429,true,true
CCDC134,0.1691358741372823,-0.1585314590538409,false,true
CCDC136,0.1737430173282822,0.3348320067154739,true,true
CCDC137,-0.0784127199091017,-0.2242274359895093,true,true
CCDC138,-0.0121640838682651,0.1581801339305504,false,true
CCDC14,0.0939796880951949,0.2824363757588579,true,true
CCDC142,0.0962667591869831,0.0706256908627267,true,true
CCDC144A,0.1211167828490336,0.0880886880991469,true,true
CCDC146,0.0902216660657099,0.4066830913120362,true,true
CCDC148,0.3032127146919568,0.1513265272247511,true,true
CCDC149,0.193087510454158,-0.4626971165779854,false,true
CCDC15,0.1320097707211971,0.0161026781077298,true,true
CCDC150,-0.044372422620654,0.0900826846649421,false,true
CCDC151,-0.2117777317762374,0.0203238436204676,false,true
CCDC152,0.0251770081619421,0.12969950156909,true,true
CCDC154,0.1182756349444389,0.1312650773854307,true,true
CCDC157,-0.0876539051532745,-0.0166875035580317,true,true
CCDC158,0.3183435499668121,0.0843754434348983,true,true
CCDC159,0.1735921688377857,0.5536718224061588,true,true
CCDC167,-0.015395906753838,-0.4141982456652213,true,true
CCDC168,0.4420869946479797,0.3019179375720221,true,true
CCDC169,0.1693839877843856,0.1455057997668891,true,true
CCDC17,0.0914927273988723,0.152150595686252,true,true
CCDC170,0.2854111492633819,-0.0205384715203482,false,true
CCDC171,0.2855571309725443,0.567565708317578,true,true
CCDC174,-0.029639639519155,0.250837008400818,false,true
CCDC18,-0.1058931263784567,-0.0365954355121489,true,true
CCDC180,0.2610673233866691,0.6005089514512655,true,true
CCDC181,-0.1214680355042219,0.137074966266096,false,true
CCDC22,0.0724714572230974,0.0978123174485721,true,true
CCDC24,0.1726023405790329,-0.1061897928207801,false,true
CCDC25,-0.0044255549320951,0.0046074752932754,false,true
CCDC28A,0.0257102392613887,0.7905658489278151,true,true
CCDC28B,0.0192170796217396,0.1167849554973687,true,true
CCDC3,0.3469143211841583,0.4367613633804261,true,true
CCDC30,0.2534775167703628,0.2155525615208551,true,true
CCDC34,0.231878712773323,0.0712002715644737,true,true
CCDC36,0.0247825868427753,0.5982854983167524,true,true
CCDC38,-0.0825788304209709,0.0218861326506047,false,true
CCDC39,-0.2242675330489873,-0.0225096459999452,true,true
CCDC40,-0.1324437746079638,0.2607558763714317,false,true
CCDC43,-0.0623034220188856,0.1356156617098482,false,true
CCDC47,-0.2051586285233497,-0.2560953627818323,true,true
CCDC50,0.0165353774403532,-0.0643954012507901,false,true
CCDC51,-0.0201031323522329,0.0230319261328912,false,true
CCDC57,0.0793968255498579,0.0523018479461403,true,true
CCDC58,-0.0301928822882473,-0.1080552048804031,true,true
CCDC59,0.0142743088304996,0.024818881802767,true,true
CCDC6,0.0142743582837283,-0.5373750047995358,false,true
CCDC61,0.0081425346434116,0.1119600997184289,true,true
CCDC62,0.234560027718544,0.2414465801815798,true,true
CCDC65,-0.1251063339412212,0.0436789476254512,false,true
CCDC66,-0.0038101176199104,0.4546849992565338,false,true
CCDC68,-0.375992476940155,0.4661940346027739,false,true
CCDC69,-0.2495395378326065,-0.3643926912112425,true,true
CCDC7,0.2178745067545346,0.5690865991425546,true,true
CCDC71,-0.080728705972433,0.019995758198819,false,true
CCDC71L,-0.1406905800104141,-0.4006430955967361,true,true
CCDC77,0.0010876186192035,0.1398096092804641,true,true
CCDC8,0.2553523443639278,0.3013161155300867,true,true
CCDC80,0.3682999610900878,-0.0548373375752593,false,true
CCDC81,0.0682053230702877,0.1552323306947011,true,true
CCDC82,0.0385048630802581,0.3526628361555967,true,true
CCDC83,-0.0080775627866387,0.0045681756969997,false,true
CCDC84,-0.088723442650267,0.0883795868272816,false,true
CCDC85A,0.0268212594091892,-0.0444442924807555,false,true
CCDC85B,0.1529349700547754,-0.3777386077505875,false,true
CCDC85C,0.0526940831914544,-0.4326116725127189,false,true
CCDC88A,-0.0968207418918609,-0.1540080272167432,true,true
CCDC88B,-0.0141075644642114,-0.358819860354398,true,true
CCDC88C,0.2093422412872314,-0.1458383774275267,false,true
CCDC9,-0.0428576560690999,-0.2580683756759896,true,true
CCDC90B,0.0904163137078285,-0.1315658732705209,false,true
CCDC91,-0.0546279616121734,0.3815207638673419,false,true
CCDC92,0.1830783486366272,-0.2913268018881707,false,true
CCDC93,0.085727593462382,0.6623016297972688,true,true
CCDC97,-0.042794120684266,-0.0206122426344679,true,true
CCHCR1,0.018173245092233,-0.0037749749656352,false,true
CCL11,-0.0791508704423904,-2.24278288057645,true,true
CCL18,0.0213300641626119,-0.7089976295129771,false,true
CCL2,-0.7008901238441467,-5.097855489944441,true,true
CCL21,0.0612952942028641,-0.8091352891863667,false,true
CCL5,-0.0306834075599908,0.4595289838300779,false,true
CCL8,0.2509407699108123,-1.835069626968734,false,true
CCM2,0.0498572662971647,-0.5733830416872716,false,true
CCM2L,0.1305323839187622,0.0144754517147895,true,true
CCNA2,-0.0186060965061187,-0.3865493626661868,true,true
CCNB1IP1,-0.1796138733625412,0.4913898732207773,false,true
CCNB2,-0.0459659025073051,-0.3604658861615914,true,true
CCNB3,-0.0619734190404415,0.0118378775870207,false,true
CCNC,-0.1111637486943176,-0.1359671241865796,true,true
CCND1,0.2038087308406829,0.6687673935106515,true,true
CCND2,0.0735300377011299,0.8497412582416554,true,true
CCND3,-0.1565871685743331,0.0567822465458869,false,true
CCNDBP1,0.047161316871643,0.2391654944905363,true,true
CCNE1,0.0538013912737369,-0.3084453298412103,false,true
CCNE2,-0.0559831801801919,-0.1267212663377261,true,true
CCNF,0.0953341089189052,-0.3157650981080757,false,true
CCNG1,-0.1137606732547283,-0.4646051261272958,true,true
CCNG2,0.2116688843816518,0.9180707347413184,true,true
CCNH,-0.1535316768900624,0.0959836703460932,false,true
CCNI,-0.0055150842028004,0.3595496077512709,false,true
CCNJ,-0.0804095152765512,-0.2375051318391721,true,true
CCNJL,-0.0156099656596779,-0.0906462264502871,true,true
CCNK,-0.0787248626351356,-0.0830425220691641,true,true
CCNL1,-0.0929733347147703,-0.1061670410748143,true,true
CCNL2,0.0679073535970279,0.2087474587501647,true,true
CCNT1,-0.0875279201815525,0.2737743663357976,false,true
CCNT2,0.0001083358323999,0.2322169410256589,true,true
CCNY,-0.0364803191706804,-0.0390225498565737,true,true
CCNYL1,0.0067238885288437,-0.3235088920293707,false,true
CCP110,-0.0028446299649658,0.1418032125520776,false,true
CCPG1,0.0006374873753104,0.3096156966423411,true,true
CCR1,-0.2826361656188964,-1.667428171838225,true,true
CCR10,-0.141101062297821,-0.2652125458804219,true,true
CCR9,-0.3285464942455291,-0.0088358336501762,true,true
CCS,0.1144517607986927,0.2097093667763085,true,true
CCSAP,0.1458560874064763,0.2345158300944114,true,true
CCSER1,0.0770723447203636,0.4318601096671121,true,true
CCSER2,-0.0160727902714695,0.3874078292522185,false,true
CCT2,-0.0997679755091667,-0.797169197659481,true,true
CCT3,-0.1633193431422114,-0.2580389985955831,true,true
CCT4,-0.0552472472190856,-0.1916464558648955,true,true
CCT5,-0.1804490003734827,-0.5096625584512297,true,true
CCT6A,-0.2009560115635395,-0.4010899098403939,true,true
CCT6B,-0.0798134139428536,0.0436369151304083,false,true
CCT7,-0.0442190550267696,-0.2428393594040239,true,true
CCT8,-0.116961033642292,-0.027419759614859,true,true
CCZ1,0.0193007068242877,0.1279672295158949,true,true
CCZ1B,-0.0146917895413935,-0.5961068471453163,true,true
CD101,-0.0790622360073029,-0.2695631275170399,true,true
CD109,-0.3828520476818084,-0.2571029150227053,true,true
CD14,-0.1330504417419433,-2.507038613895229,true,true
CD151,-0.0560440339148044,-0.2932004498620894,true,true
CD160,-0.2573497245709101,0.0375338355615028,false,true
CD163,-0.6458953619003295,-1.6110543522203,true,true
CD163L1,0.439923346042633,-0.2363083362787805,false,true
CD164,-0.0926970959241901,-0.5178000080754827,true,true
CD1D,-0.0547278299927711,0.1703843925592791,false,true
CD2,-0.0428214520215988,0.1539041189674028,false,true
CD200,0.0136459162458777,-0.4558450227813664,false,true
CD200R1,0.5551535487174987,-0.2694383292552918,false,true
CD209,0.2357834577560424,-0.7678374479257934,false,true
CD226,0.1596817076206207,0.215504427914158,true,true
CD247,0.1085324808955192,0.0473595407007713,true,true
CD248,-0.5336135625839233,-0.2750278050257419,true,true
CD274,-0.0603683963418006,-0.5553690166168099,true,true
CD276,-0.0040988971789677,-0.8045042900961215,true,true
CD28,0.2274196781218051,-0.5564737578955322,false,true
CD2AP,0.0576892320199736,-0.1174037638896443,false,true
CD2BP2,0.0100451042875647,-0.094063012492497,false,true
CD300A,0.054314624518156,-0.9680269108651,false,true
CD300E,-0.2111577689647674,-1.272778480913494,true,true
CD300LF,0.3856202363967895,-0.3491084429007577,false,true
CD300LG,-0.4164241850376129,0.1018519231493781,false,true
CD302,-0.0867979737619559,0.2539732932725797,false,true
CD320,-0.054765623062849,-0.4614682698019305,true,true
CD33,0.0952475294470787,-0.7641832278718597,false,true
CD34,-0.1293300837278366,0.1522465622577469,false,true
CD36,-0.0231828446766095,-8.176209302862336,true,true
CD37,-0.0778204246948007,-0.6756546461987463,true,true
CD38,-0.5143294930458068,-0.2363143879527167,true,true
CD3E,-0.0195439420640468,0.1218586466336965,false,true
CD3EAP,-0.1560797728598117,-0.5183399869278382,true,true
CD4,0.1193462461233139,-0.2875908891117005,false,true
CD40,0.0613249816000461,-0.7430918338961412,false,true
CD44,-0.0356512426709135,-1.463889355432174,true,true
CD46,0.0345074257680347,-0.0310740290836859,false,true
CD47,0.1878798646586281,-0.088747935396932,false,true
CD48,0.3607809841632843,-0.769706224719564,false,true
CD53,-0.1391861885786056,-1.431430158619102,true,true
CD55,-0.2294073075056075,-0.6991018434178561,true,true
CD58,-0.1024009318623159,-0.249725712411176,true,true
CD59,-0.5578644871711731,-0.755765306581952,true,true
CD5L,-0.0544194728136062,0.0572124718380464,false,true
CD6,0.0696606636047363,0.0662929200521654,true,true
CD63,-0.1874435499310493,-0.91996568975864,true,true
CD68,-0.1919855326414108,-1.535271147547938,true,true
CD69,-0.1982938349246978,-0.0213846150731744,true,true
CD72,0.1815771162509918,-0.1561482250196322,false,true
CD74,0.5449516177177429,-0.0581833622338336,false,true
CD79B,-0.0388161875307559,-0.0299685820213022,true,true
CD81,-0.0246010333299636,-0.1926601522425821,true,true
CD82,-0.1974189579486846,-0.0725172035159489,true,true
CD83,0.695228636264801,-0.8645666637544926,false,true
CD84,0.2112569212913513,-0.3455061672204471,false,true
CD86,0.1336612999439239,-0.5722900726863526,false,true
CD9,-0.2164987474679946,0.1146982987501354,false,true
CD93,-0.089142732322216,-0.5997520959276574,true,true
CD96,-0.1060381978750228,0.1652686068991704,false,true
CD99L2,0.0313264497866233,0.2535072496207426,true,true
CDA,-0.3366214334964752,0.186432418409851,false,true
CDADC1,-0.0485866621136665,0.3556558707443642,false,true
CDAN1,0.0427698702551424,0.2321972487586156,true,true
CDC123,0.0026912329097588,-0.2841936967752296,false,true
CDC14A,-0.1839920431375503,0.2992495346515762,false,true
CDC14B,0.0799387898296117,0.1726030524835438,true,true
CDC16,0.0963332203349896,0.0026355599689185,true,true
CDC23,0.0414071153849363,0.0932538744253865,true,true
CDC25B,0.0066527091548778,-0.17275090836973,false,true
CDC25C,0.0102398879826068,-0.1654166427956191,false,true
CDC26,-0.1674124797185262,0.0256089902201055,false,true
CDC27,-0.0223809132086379,-0.1147892735566529,true,true
CDC34,0.1274618183573087,-0.1971676670641109,false,true
CDC37,-0.042092994919845,-0.1458684940012888,true,true
CDC37L1,-0.1567268694440523,-0.1479997078115298,true,true
CDC40,-0.0078326744426573,0.0977865068000607,false,true
CDC42,-0.01746363352452,-0.4057766245565233,true,true
CDC42BPA,0.0009126828185149,0.0974325661089503,true,true
CDC42BPB,0.0411205810184279,0.0413779819024577,true,true
CDC42EP1,-0.0892971418797969,-0.8329244644057243,true,true
CDC42EP2,-0.3513126373291015,-0.3227853438119181,true,true
CDC42EP3,0.1227841302752494,-0.1233294532484468,false,true
CDC42EP4,-0.3660476952791214,-0.2279101140540364,true,true
CDC42EP5,-0.1310163736343383,-0.0495232206710507,true,true
CDC42SE1,-0.0222906723086323,-0.4149364752809163,true,true
CDC42SE2,-0.1477740854024887,-0.2423051251951702,true,true
CDC5L,-0.0189037368205996,0.3424941616544976,false,true
CDC7,-0.1591876730322837,-1.049914293190542,true,true
CDC73,-0.009513833111019,0.0933512708770631,false,true
CDCA2,-0.3992673754692077,-0.1557623705554474,true,true
CDCA3,0.1899136751890182,-0.3258065594080387,false,true
CDCA4,0.0867421478033065,-0.5020589964199921,false,true
CDCA7,-0.0410034693777561,-0.0376288199208847,true,true
CDCA7L,0.1361265182495117,0.327323725570634,true,true
CDCP1,-0.2817575931549072,-0.7877227415099507,true,true
CDH1,-0.0095613459125161,0.0092282841794034,false,true
CDH11,0.0726687982678413,-0.7760667491103356,false,true
CDH12,-0.1796971626579761,0.0023788988897816,false,true
CDH13,-0.1633147448301315,0.1691397076794931,false,true
CDH17,0.154377207159996,0.0613285847617835,true,true
CDH18,-0.0103970440104603,0.0065956437660597,false,true
CDH19,-0.4273747205734252,0.3821250630792851,false,true
CDH2,-0.1433963626623153,-6.929972505657598,true,true
CDH20,-0.3038089610636234,0.044815845012632,false,true
CDH22,-0.2042762637138366,0.0249036825076008,false,true
CDH23,0.2933062314987182,0.6483704483706558,true,true
CDH26,-0.0134732704609632,0.0331604612507576,false,true
CDH3,-0.0302635431289672,0.0303485923175273,false,true
CDH5,-0.0009578345925547,-0.2514433914721108,true,true
CDH6,0.4254694059491157,0.2185219827788922,true,true
CDH8,0.343993991613388,0.0846321421778766,true,true
CDHR3,0.0946234568953513,0.0813131258470992,true,true
CDHR5,0.0525632128119468,0.0006628925818979,true,true
CDIP1,-0.1055871861986816,0.086170252959516,false,true
CDIPT,-0.0370404597371816,0.0625689062051728,false,true
CDK10,0.0679189914837479,-0.1245958585015571,false,true
CDK11A,-0.0727241964079439,-0.0365240774814294,true,true
CDK11B,-0.0300327213481068,-0.018100294338702,true,true
CDK12,0.019791040835636,0.0826916221045825,true,true
CDK13,0.0590067839782152,0.0509838736679717,true,true
CDK14,0.01310490242516,0.0125926445635307,true,true
CDK15,-0.2284248173236846,0.0895375778513773,false,true
CDK16,-0.0758788214996457,-0.1198502080901322,true,true
CDK17,-0.0379423610866069,-0.2556340729511741,true,true
CDK18,0.1354949623346328,0.4493766382409853,true,true
CDK19,0.0601852975253547,0.2346054834421085,true,true
CDK2,-0.0787342637777328,-0.9350025996133182,true,true
CDK2AP1,-0.0243709652374188,-0.6485109279174459,true,true
CDK2AP2,-0.1588719084858894,-1.139369804212582,true,true
CDK3,0.079901285469532,0.0487464293164328,true,true
CDK4,-0.0818258129991591,0.0219241028305763,false,true
CDK5RAP1,-0.0109965049196034,0.0041165646665013,false,true
CDK5RAP2,0.0453762615631733,0.1007954354096045,true,true
CDK5RAP3,0.1179990159968535,0.0522659597646972,true,true
CDK6,0.2294113973953894,-0.2281784429076561,false,true
CDK7,0.0148849509656429,-0.1418992473675446,false,true
CDK8,-0.0123592762143484,-0.0682799870502837,true,true
CDK9,-0.0134861753555014,-0.031284892643379,true,true
CDKAL1,-0.0255162768376716,0.1408858629864333,false,true
CDKL1,0.0328059386461973,0.1918670713624509,true,true
CDKL2,0.1655482053756713,0.1223640917028974,true,true
CDKL3,0.0514318219696481,0.5558338278971748,true,true
CDKL5,0.0015386529266834,0.5782280469703631,true,true
CDKN1A,-0.1627196572721004,-0.5721646920334909,true,true
CDKN1B,0.0523982182145118,0.4907523023470656,true,true
CDKN1C,-0.1888453066349029,0.101084811860618,false,true
CDKN2AIP,0.0059944266686215,0.0844856658324779,true,true
CDKN2AIPNL,-0.1203179657459259,0.0735212812541914,false,true
CDKN2C,0.0894262939691543,-0.0075947085145133,false,true
CDKN3,0.0757135953754186,-1.127657172269249,false,true
CDNF,0.2030602358281612,0.0764066177140091,true,true
CDO1,0.0085440967231988,0.3821128092072809,true,true
CDON,-0.1674074828624725,0.3519281144267254,false,true
CDPF1,0.1121639609336853,0.3267098120357752,true,true
CDR2,0.1423786013786281,-0.3406642780146862,false,true
CDR2L,0.0178427559634049,-0.4651238253813012,false,true
CDRT4,0.24912050898586,0.0578845020871759,true,true
CDS1,-0.2149174958467483,-0.099073869016429,true,true
CDS2,0.1044024557839813,0.5150151045793931,true,true
CDSN,0.0132717574015259,0.0032825412657722,true,true
CDV3,-0.1295951180160045,-0.6970568434727448,true,true
CDYL,-0.0096468853631189,-0.2063634679766797,true,true
CDYL2,-0.0504038501530885,-0.2691714093808392,true,true
CEACAM1,-0.0439488366246223,-0.2993716348585961,true,true
CEACAM19,-0.1150546036660671,-0.2829669873787146,true,true
CEACAM21,0.2720777690410614,-0.1642257952337965,false,true
CEACAM4,-0.1458284705877304,0.0349193377100308,false,true
CEBPB,-0.4793499410152435,-0.3092522026260344,true,true
CEBPD,-0.3970700266460577,-1.043623021209743,true,true
CEBPG,-0.1130321733653545,-0.340861507799195,true,true
CEBPZ,-0.12112390405188,-0.0459980749809352,true,true
CECR2,-0.124876095354557,0.1945324375335235,false,true
CECR7,-0.1739960461854934,0.275606019207083,false,true
CEL,0.1264556497335434,-0.0154680661024289,false,true
CELF1,0.0282826510124972,-0.0585798228993104,false,true
CELF2,-0.1720654408314398,0.5947857300835953,false,true
CELF4,0.0255712177604436,0.0206624202619438,true,true
CELF5,-0.0579408667981624,0.0074104819296907,false,true
CELSR1,0.043610356748104,0.1325582862718968,true,true
CENPA,-0.09604087844491,-0.1166050387907238,true,true
CENPBD1,-0.0358940064907073,0.0338278529825233,false,true
CENPC,0.0604188319827829,0.4852899762968139,true,true
CENPE,-0.3602598011493682,-0.1892174590062407,true,true
CENPH,-0.0011358702322468,-0.1121066373996768,true,true
CENPI,-0.1185371540486812,-0.1820786441176613,true,true
CENPJ,-0.0095626370050013,0.1619805290895546,false,true
CENPL,-0.0752017209306359,-0.2531479412151376,true,true
CENPN,0.0592833012342453,-0.3200815034859583,false,true
CENPO,-0.2013603250185648,-0.3113483819036262,true,true
CENPP,0.0553719255008867,-0.1499586790605824,false,true
CENPQ,-0.0788367105027039,0.0377061369717539,false,true
CENPT,0.0538926290348172,-0.1891940320470104,false,true
CENPV,-0.2569785192608833,-0.4651856448320907,true,true
CEP104,0.0911132656037807,-0.0486292324322481,false,true
CEP112,0.0829428107078586,0.1762243379227173,true,true
CEP120,0.1049634122422763,0.2147076548052369,true,true
CEP128,0.0281938202679157,-0.0113794790522492,false,true
CEP135,0.0276284083724021,-0.1604507315696681,false,true
CEP152,-0.1006079707294702,-0.1805557901843668,true,true
CEP164,0.0825251855654642,0.0787797832545988,true,true
CEP170,0.1045389279190983,-0.0870733642005747,false,true
CEP170B,0.0238777622580528,-0.5433493190415138,false,true
CEP19,0.0724738463759422,-0.1306291009994352,false,true
CEP192,0.0739826706703752,0.6651939247983675,true,true
CEP250,0.1104579841097196,0.1025311704934481,true,true
CEP290,0.1518694827599184,0.2668510670253141,true,true
CEP350,-0.0576580004500491,0.2356155517798619,false,true
CEP41,0.1322114188224077,0.0405453859727953,true,true
CEP44,0.0764757193624973,0.422081265916677,true,true
CEP57,0.0569595518921102,0.2418160382608647,true,true
CEP57L1,0.1027266757252315,0.1303741752186362,true,true
CEP63,0.0474877208471298,0.182744089353644,true,true
CEP68,-0.0283000289152065,0.3259325971809397,false,true
CEP70,-0.0583619655420382,-0.0072269496072308,true,true
CEP72,0.0140392533503472,0.0615264538391108,true,true
CEP76,0.0375884428620338,-0.0554954151931996,false,true
CEP78,0.1798380920663476,0.0298711871721684,true,true
CEP85,-0.002875717356801,1.01739148489914,false,true
CEP85L,0.035472241363355,-2.76138770266293,false,true
CEP89,0.1904367208480835,0.0651233601213925,true,true
CEP95,0.02867201436311,0.3222814485341229,true,true
CEP97,-0.0007200660184025,0.1585098913253468,false,true
CEPT1,-0.0102975861102874,-0.2424957125941338,true,true
CERCAM,0.2998124659061431,-0.1085543605985925,false,true
CERK,-0.0059193111956119,-0.4362825377652992,true,true
CERS2,-0.1256346270442008,-0.540427486956184,true,true
CERS4,0.1145208787971309,-0.2431885272181306,false,true
CERS5,-0.0715298876166343,-0.0126026715484439,true,true
CERS6,-0.0678988918662071,0.1807640925674594,false,true
CES1,-0.3568859994411468,1.031351014232516,false,true
CES2,-0.2884450852870941,-0.5792624833659747,true,true
CES3,-0.1891607046127319,0.0549597079965144,false,true
CES4A,-0.2006279081106185,-0.2019447580368608,true,true
CETN3,0.2321712151169776,0.4894269745495818,true,true
CFD,-0.953665554523468,0.3617958298170802,false,true
CFDP1,0.007928667456976,-0.0048251934900012,false,true
CFH,0.0817232728004455,0.6611483547825565,true,true
CFI,-0.1371893733739852,-0.3479648115525324,true,true
CFL1,-0.164193657040596,-0.914695369048883,true,true
CFL2,0.0943386033177375,0.2743342357405875,true,true
CFLAR,-0.0289458009813513,0.238588555340673,false,true
CFP,0.1373943835496902,-0.3613375033227123,false,true
CFTR,-0.2005461305379867,0.0041316089372263,false,true
CGGBP1,-0.1265078921403203,-0.1497978631702885,true,true
CGNL1,0.4570170938968658,0.7961503485160124,true,true
CGRRF1,-0.0935113426297903,-0.2799303109746125,true,true
CHAC2,-0.1670454442501068,-0.8966554680907443,true,true
CHAD,-0.0759127214550971,0.0940773038108072,false,true
CHADL,-0.1314410418272018,0.4048606007339363,false,true
CHAF1A,-0.0941747641190886,-0.197258249818355,true,true
CHAF1B,-0.0220950096845626,-0.1403941922050171,true,true
CHAMP1,-0.1468660362064838,0.0546007722793206,false,true
CHCHD1,-0.082141950726509,-0.2515349538244153,true,true
CHCHD10,-0.1297139823436737,0.5606302740072681,false,true
CHCHD2,-0.1083060540258884,-0.2097207484934529,true,true
CHCHD3,-0.0204320400953292,-0.0148086682018133,true,true
CHCHD4,-0.0822686553001403,0.1467223260372345,false,true
CHCHD5,-0.0309150447137653,0.2284238020752056,false,true
CHCHD6,0.2114830881357193,0.1606891633323144,true,true
CHCHD7,-0.0624767150729894,0.138224610940191,false,true
CHD1,-0.1465164693903976,-0.2791774358218743,true,true
CHD1L,-0.0863423939794301,-0.1943676531589333,true,true
CHD2,-0.0383015446630971,0.0523138375082314,false,true
CHD3,0.0666165024973452,-0.1153281218516797,false,true
CHD4,0.0305897045348371,-0.163928239646661,false,true
CHD6,0.1044875782515321,-0.7305049327167673,false,true
CHD7,-0.0969947059638798,0.2820002545356379,false,true
CHD8,0.0001107882708311,0.0368155807519241,true,true
CHD9,-0.0066574600392154,0.3627346059326965,false,true
CHDH,-0.0620941817760467,-0.7639636485186079,true,true
CHEK1,0.0935267731547355,-0.2266133842890036,false,true
CHEK2,-0.0665097860619425,-0.3592324316594498,true,true
CHERP,0.0054085403680801,-0.0019497875646208,false,true
CHFR,-0.0441465952566691,-0.2037962530882713,true,true
CHIC1,0.103937069264551,0.1691299923938167,true,true
CHIC2,-0.0603135717766625,-0.4036532684415843,true,true
CHID1,0.1189405396580696,0.1704532792648887,true,true
CHKA,-0.1122435793280601,0.3928291233122807,false,true
CHKB,0.08431814936921,0.2715648017579597,true,true
CHKB-CPT1B,0.2428835481405258,0.1252500897100506,true,true
CHL1,-0.0142680462449789,-0.6851823938788768,true,true
CHM,-0.0150506964086421,0.0210116887642093,false,true
CHMP1A,-0.0264556679874658,-0.256552333617547,true,true
CHMP2A,-0.0203855946660041,0.1671348794960545,false,true
CHMP2B,-0.0559503650292754,0.0454837783696069,false,true
CHMP3,-0.0131601435797555,0.1800057254008677,false,true
CHMP4A,-0.099448562785983,0.1357615725202263,false,true
CHMP4B,-0.1147415300481952,-0.2853142659443062,true,true
CHMP5,0.0968519896268844,0.1370997041915167,true,true
CHMP6,0.202500662766397,-0.0895017685182986,false,true
CHMP7,-0.0261265631997957,-0.2964513718720471,true,true
CHN1,0.0841292724013328,0.3250279154072703,true,true
CHN2,0.0956071121618151,0.4490924003686394,true,true
CHODL,0.0434137284755706,0.0142782836079121,true,true
CHORDC1,0.0208200917889674,-0.15314112240624,false,true
CHP1,-0.1405954465270042,-0.087057870662468,true,true
CHPF,-0.0108472555875778,-0.4420649534388516,true,true
CHPF2,-0.0646939501166343,-0.3075615610848032,true,true
CHPT1,-0.3472256958484649,-0.3493086120593273,true,true
CHRAC1,-0.0976336691528558,-0.3605533142058274,true,true
CHRD,-0.100943211466074,-0.1205507300522497,true,true
CHRDL2,-0.4926146864891052,-1.231808979526401,true,true
CHRFAM7A,0.0042534675449132,0.019275123347013,true,true
CHRM2,0.1968773752450943,0.5237721729730235,true,true
CHRM3,0.2975932955741882,-0.0378263240729094,false,true
CHRM5,-0.2907838970422744,0.0100154357536204,false,true
CHRNA5,0.0067444494925439,0.3225147117397464,true,true
CHRNA7,-0.3862768709659575,0.0372698780193108,false,true
CHRNB1,0.0350641980767249,-0.0555537093337754,false,true
CHRNB4,-0.06521937251091,-0.0329121257301715,true,true
CHRNE,0.2152539740006128,0.0470113470102571,true,true
CHRNG,-0.0957972407341003,0.0006417977754984,false,true
CHST10,0.0845646541565656,0.3968654445784234,true,true
CHST11,-0.1587166339159011,-0.102163999394004,true,true
CHST12,0.0524850147776305,-0.0966434229114623,false,true
CHST15,-0.2332885283976793,-0.4771025680826983,true,true
CHST3,-0.109048263169825,0.1130726016733021,false,true
CHST7,-0.4259320655837655,0.0162171799427861,false,true
CHST8,0.2144564688205719,0.023440169114508,true,true
CHST9,-0.5039485692977905,0.3557228814984853,false,true
CHSY1,-0.2105869735990251,-0.7694632169319359,true,true
CHSY3,0.2129483419869627,-0.1578743651632097,false,true
CHTF18,0.133735179901123,0.0146358602926703,true,true
CHTOP,-0.0586365301162004,0.3357561326103164,false,true
CHUK,-0.0848793361335992,-0.3463630170730693,true,true
CHURC1,-0.0739393343350717,0.0062011459489319,false,true
CIAO1,0.0239671639033726,-0.02237374159444,false,true
CIAPIN1,-0.1961499899625778,-0.3654824573270141,true,true
CIB1,0.0213223794475197,-0.279353743502293,false,true
CIB2,-0.0420292504131793,-0.1675168814086842,true,true
CIC,0.0006303970585577,-0.6239087016227058,false,true
CIDEB,-0.2615129649639129,-0.3946729960006363,true,true
CIITA,0.6377225518226624,-0.2664103915417124,false,true
CILP,0.2267200052738189,0.2559837357419234,true,true
CINP,0.0419957051053643,-0.2225848442775619,false,true
CIR1,0.0249804770573973,0.3239548231864439,true,true
CIRBP,0.1026825207684721,0.4359647524423682,true,true
CISD1,-0.0413519702851772,0.2637842663276175,false,true
CISD2,0.0432394731789827,-0.3831077838292724,false,true
CISD3,-0.1058765854686498,0.1206170184912629,false,true
CISH,-0.006390226073563,-0.5342223450530774,true,true
CIT,-0.3976226449012755,0.0145807215833677,false,true
CITED2,-0.1146194636821746,-0.2304103266037627,true,true
CITED4,0.1043318957090377,-0.389166531852175,false,true
CIZ1,0.0642674576491117,-0.0382949932038303,false,true
CKAP2,0.0920820832252502,0.0274982476270033,true,true
CKAP4,-0.1394163575023412,-0.2348483544702761,true,true
CKAP5,0.0287250227161816,0.2716217155653986,true,true
CKB,-0.0847149863839149,0.0472122101508132,false,true
CKLF,0.167341773211956,-0.5957211912456275,false,true
CKM,-0.1428441107273101,-10.0044326955572,true,true
CKMT2,-0.1394523680210113,-3.888007563657363,true,true
CLASP1,-0.0473359008319675,0.6392576829681972,false,true
CLASP2,0.1461759449115821,0.6254144259132044,true,true
CLASRP,-0.0087419063784182,-0.1885780908507199,true,true
CLC,0.0298032909631729,0.1194303475583161,true,true
CLCF1,-0.2108969073742628,-0.8509280613816933,true,true
CLCN2,0.0725761614739894,0.0882796895396312,true,true
CLCN3,-0.1201545521616935,-0.0052753936743794,true,true
CLCN4,0.190799031406641,0.3343808172003037,true,true
CLCN5,-0.069568608701229,-0.4847985274718045,true,true
CLCN6,0.0034608891389022,-1.139350477766665,false,true
CLCN7,0.0041010301560163,-0.2762013407237278,false,true
CLDN10,0.0741306617856025,-0.0468579479337924,false,true
CLDN11,-0.2572551667690277,0.2334320234718279,false,true
CLDN12,-0.1974818557500839,0.153981601137267,false,true
CLDN15,-0.0142907248809933,-0.0364979007995164,true,true
CLDN18,-0.0384504068642854,-0.0018204032347324,true,true
CLDN20,-0.0564121473580598,0.0179110943447177,false,true
CLDN4,0.1833879351615905,0.0306210763930655,true,true
CLDN5,0.2294560074806213,-0.6670134578039691,false,true
CLDN7,-0.0903853103518486,-0.0750804931869611,true,true
CLDND1,-0.1312124229901071,-0.1154749108339165,true,true
CLDND2,-0.1200197637081146,0.248069804031817,false,true
CLEC10A,0.1559459120035171,-0.3465725816445401,false,true
CLEC11A,0.240252489844958,-0.2880660898084261,false,true
CLEC12A,0.1059582978487014,0.056849653410075,true,true
CLEC14A,-0.2361872792243957,-0.1431771411213436,true,true
CLEC16A,0.0005136801462088,0.0130569777172171,true,true
CLEC1A,0.2093178778886795,0.3824184734517659,true,true
CLEC2B,0.0286820775363594,-0.4715005779479177,false,true
CLEC2D,0.001337339519523,0.0776276478494146,true,true
CLEC4A,0.3654305934906005,-0.1638011507311402,false,true
CLEC4E,-0.2351740896701812,0.3470241190232076,false,true
CLEC4G,-0.0585096888244152,-0.764013779544432,true,true
CLEC5A,0.0713314786553382,-0.824043742626835,false,true
CLEC7A,-0.3506949245929718,-1.4077311622942,true,true
CLGN,-0.0219914112240076,0.2181681845516845,false,true
CLHC1,-0.0214155789115466,0.3289100418559625,false,true
CLIC1,-0.1677425876259803,-1.153800410429268,true,true
CLIC2,0.0495338542386889,-0.507055259307377,false,true
CLIC3,-0.1215167939662933,0.1841920638219645,false,true
CLIC4,-0.1668286050359408,-0.5936747815146876,true,true
CLIC5,-0.1630228161811828,0.4447749255399333,false,true
CLIC6,0.1101573780179023,0.5053070048318251,true,true
CLINT1,-0.02493150562181,-0.0755314327312541,true,true
CLIP1,-0.104860746966941,-0.2864894205960313,true,true
CLIP2,0.2124815210700035,-0.3912689875622474,false,true
CLIP3,0.0742666069418191,0.2042435488942505,true,true
CLIP4,-0.1725016341855128,0.1551369451536199,false,true
CLK1,0.0244512780170355,0.5495415111108465,true,true
CLK2,-0.0110893356977612,0.0866909521928276,false,true
CLK3,0.0555975098512135,0.1953556730609609,true,true
CLK4,0.0741623677313327,0.7277134629920594,true,true
CLMN,-0.0448325052857398,0.0878486486489791,false,true
CLMP,-0.1143249049782753,0.0265566246984034,false,true
CLN5,-0.1522938360770543,0.0550805568990178,false,true
CLN6,0.0272194086574018,-0.3867146936397034,false,true
CLN8,-0.0201657809317111,-0.0229445932027378,true,true
CLNS1A,0.0647503536726747,-1.358474159612537,false,true
CLOCK,-0.0193221212497779,0.0471994425930839,false,true
CLP1,-0.0428737720940262,-0.352899467629971,true,true
CLPB,-0.0739494878798723,-0.3566334545825298,true,true
CLPP,-0.034886903129518,-0.2404359386488339,true,true
CLPTM1,-0.0020041204988956,-0.4436222081838421,true,true
CLPTM1L,-0.0651069456711411,-0.523778151805855,true,true
CLPX,-0.02299010179316,0.1036304507347454,false,true
CLSTN1,0.0598729597404599,0.2374348235994361,true,true
CLSTN2,-0.4053321182727813,0.5345660103793956,false,true
CLSTN3,-0.0006621638312935,-0.4943374733921721,true,true
CLTA,-0.1207822747528553,-0.4392307525826195,true,true
CLTB,-0.1737886145710945,-0.3338860442052276,true,true
CLTC,-0.013541323265859,-0.179431523235328,true,true
CLTCL1,0.0143240053206682,0.3812553851219657,true,true
CLU,0.1990830699602762,0.6503583816553968,true,true
CLUAP1,0.005815190076828,0.4933059015890877,true,true
CLUH,0.0612586215138435,0.2579735380077581,true,true
CLVS1,0.6397544145584106,-0.0120179071226847,false,true
CLYBL,0.0376864713616669,0.388590417216946,true,true
CMAS,-0.0280771393328905,-0.1074120449132181,true,true
CMBL,0.1815917640924453,0.629759373081971,true,true
CMC1,-0.0431653157408748,-0.0553608217135517,true,true
CMC2,-0.0895248483866453,-0.1183711223390302,true,true
CMC4,-0.0662438496947288,0.2705102218660444,false,true
CMIP,-0.0340117989107966,-0.5364924448249994,true,true
CMKLR1,0.2024609446525573,-0.0281779787285825,false,true
CMPK1,-0.0839265474739174,-0.2094262635243842,true,true
CMPK2,0.1592227816581726,-0.6033844261145777,false,true
CMSS1,-0.2069508582353591,-0.150700197073835,true,true
CMTM3,0.08202131682386,-0.2617666405748297,false,true
CMTM4,-0.0460443373769521,-0.2334236974778725,true,true
CMTM6,-0.0939957663416862,-0.4799460759580642,true,true
CMTM7,-0.0975983366370201,-0.6543155111742933,true,true
CMTM8,-0.3651467561721801,-0.1612033360045099,true,true
CMTR1,0.046379950735718,0.2362897871966955,true,true
CMTR2,0.0957326501607894,-0.0612325633717101,false,true
CNBD2,0.0487878657877445,-0.0087160551912303,false,true
CNBP,-0.1665377175169331,0.4546435165462119,false,true
CNDP2,-0.0438429433852434,-0.3190373020561425,true,true
CNEP1R1,-0.0554875144734978,-0.2172782070035972,true,true
CNGA1,0.2645964622497558,0.0216921582486477,true,true
CNGB1,-0.1304257661104202,-0.0180258373117463,true,true
CNGB3,-0.1515708714723587,0.0281796303946862,false,true
CNIH1,-0.1246978871524334,-0.0341665216830504,true,true
CNIH3,0.1659674748778343,-0.0003860997693595,false,true
CNIH4,-0.223579366132617,-0.720597722786457,true,true
CNKSR1,0.0629345849156379,0.2659438554637871,true,true
CNKSR2,0.314342975616455,0.1643817279952121,true,true
CNKSR3,-0.0357979275286197,0.3016097481569848,false,true
CNN1,-0.0318125188350677,-1.101642488612903,true,true
CNN2,-0.0608152747154235,-0.1868165063995954,true,true
CNN3,0.031777711585164,-0.3473845340552683,false,true
CNNM1,-0.1426650136709213,0.0273383458968295,false,true
CNNM2,0.1912233595337186,0.3372831571732661,true,true
CNNM3,0.0238724434748291,0.1897921229769297,true,true
CNNM4,0.1130611486732959,0.8165278679018972,true,true
CNOT1,-0.0582982812608991,-0.0073439963995616,true,true
CNOT10,0.0258181763014623,0.0258836029531477,true,true
CNOT11,-0.0519815072417259,0.1002394869664495,false,true
CNOT2,0.0302142455641712,0.1393729886237631,true,true
CNOT3,0.0402409747242927,-0.1686575942510437,false,true
CNOT4,-0.0292251805575298,0.3513471164043529,false,true
CNOT6,0.037388759532145,-0.0907461668030573,false,true
CNOT6L,-0.4580118656158447,0.2705630188233039,false,true
CNOT7,0.0204251645365729,-0.009926809789313,false,true
CNOT8,-0.1107082977890968,-0.0246938192069015,true,true
CNP,-0.1053001880645752,-0.4156068178933138,true,true
CNPPD1,-0.0453556146472692,-0.161398357117414,true,true
CNPY2,-0.0296362057328224,-0.504427271062287,true,true
CNPY3,0.1388495117425918,-0.1677703252708227,false,true
CNPY4,0.0607079998590052,-0.1295892572322705,false,true
CNRIP1,-0.0011429293081164,-0.2070309724111938,true,true
CNST,-0.0760478152328037,0.1649686291178467,false,true
CNTD1,-0.1080103367567062,0.0550897763166943,false,true
CNTFR,0.2911192178726196,0.4255550236579913,true,true
CNTLN,0.0510234343154089,0.1540066144925915,true,true
CNTN1,-0.0125750685110688,0.0819533346966436,false,true
CNTN2,0.0045242751948535,0.0172250830102792,true,true
CNTN3,-0.3490703105926513,0.3856914455584231,false,true
CNTN4,-0.0289750527590513,0.6946233462098232,false,true
CNTN5,0.0366003985206286,0.0486730856482144,true,true
CNTNAP1,0.0749036539345979,-1.153337637839376,false,true
CNTNAP2,0.4742549657821655,0.1042954529385656,true,true
CNTNAP3,-0.2866589426994323,0.0236949053895565,false,true
CNTNAP3B,-0.0115855783224105,0.2230961258303088,false,true
CNTRL,0.0401386991143226,0.3249682109834801,true,true
CNTROB,0.1035019069910049,-0.0534161714580259,false,true
COA1,-0.0032472988324505,0.1863162760952645,false,true
COA3,-0.0179709307849407,0.1808936312659739,false,true
COA4,-0.0990551577415317,-0.3452236774300887,true,true
COA5,-0.0582452867180109,0.6730908058659812,false,true
COA6,-0.0588775910437107,-0.3290630926894335,true,true
COASY,-0.1067208705935627,-0.4354608448673449,true,true
COBL,-0.0688462406396865,0.2415768013927293,false,true
COBLL1,0.0257591283214943,0.0226909675635522,true,true
COCH,-0.1792165637016296,0.1650029805227646,false,true
COG1,-0.0135353286750614,0.1982695921647601,false,true
COG2,0.0453659735620021,-0.0594971659488345,false,true
COG3,0.0103535987436771,0.1667449772350786,true,true
COG4,0.111389397829771,0.3248792243151696,true,true
COG5,-0.0072728749364614,0.1619878690371567,false,true
COG6,0.1777413402284894,-0.2861536967857549,false,true
COG7,0.2091539744287729,0.137879774867712,true,true
COG8,-0.0814292907714843,0.0577270031364864,false,true
COIL,-0.0080441329861059,0.0474541692347596,false,true
COL10A1,-0.2868366837501525,0.1196955673840453,false,true
COL11A1,-0.0076537020504474,0.0486618284636308,false,true
COL12A1,0.3780384361743927,-0.3978326534801071,false,true
COL13A1,0.2729473710060119,-0.1263625928323101,false,true
COL14A1,0.3412564396858215,1.045777073519596,true,true
COL15A1,0.3208160698413848,-0.3538170134779603,false,true
COL16A1,0.5700905323028564,0.8058625272747894,true,true
COL17A1,0.0284539368003606,-0.0881179778198309,false,true
COL18A1,-0.1788837164640426,-0.2337787195641212,true,true
COL19A1,0.1185755059123039,-0.1318917693358232,false,true
COL1A1,0.4110004603862762,-0.5883328290535638,false,true
COL1A2,0.2572414278984069,-0.3153021388922789,false,true
COL21A1,0.3481976985931396,1.455309642338518,true,true
COL22A1,0.5026498585939407,0.2170374818969806,true,true
COL23A1,-0.3359384834766387,0.0565554180115652,false,true
COL24A1,0.5984205603599548,0.2410445475260855,true,true
COL25A1,-0.0150171928107738,0.2825833382111284,false,true
COL27A1,-0.1705619394779205,-0.1148657337588625,true,true
COL28A1,0.0431863106787204,0.2880969150212709,true,true
COL3A1,0.2973735034465789,-0.7154826869351182,false,true
COL4A1,-0.240675551683775,-3.203281530702236,true,true
COL4A2,-0.2327256657715354,-3.282207977645235,true,true
COL4A3,-0.3305636942386627,0.5379292622263551,false,true
COL4A3BP,0.023357193917036,0.2882424384643753,true,true
COL4A4,-0.3500686287879943,0.4440662418514094,false,true
COL4A5,0.0953908488154411,0.5971002102123188,true,true
COL4A6,-0.0275814365595579,0.39807785528569,false,true
COL5A1,0.0861250087618827,-0.3156884136646405,false,true
COL5A2,-0.0025650467723608,-0.3811337136651422,true,true
COL5A3,-0.1652151048183441,-0.2619785152039315,true,true
COL6A1,0.0053745177574455,-0.2622847312859839,false,true
COL6A2,-0.0875812207038203,-0.24796907003285,true,true
COL6A3,-0.164690613746643,-0.4348669288999191,true,true
COL6A6,0.0969830304384231,0.7946094610563263,true,true
COL7A1,0.1427182853221893,0.4844750011328213,true,true
COL8A1,0.2639224827289581,0.549279616547873,true,true
COL8A2,0.135576382279396,-0.1490776360974557,false,true
COLEC10,0.2043413072824477,0.1713609260328637,true,true
COLEC11,-0.0565443485975265,0.6943564068584136,false,true
COLEC12,0.0876515209674835,0.1172284515733848,true,true
COLGALT1,-0.0266063436865806,-0.735553280336326,true,true
COLGALT2,0.7980210185050964,0.9826152254067816,true,true
COLQ,0.2914089560508728,0.4593842201595856,true,true
COMMD1,-0.0136043026245066,0.082320756785009,false,true
COMMD10,-0.0116825247449534,0.4123159447470805,false,true
COMMD2,-0.059226981177926,-0.0878611210216178,true,true
COMMD3,0.0464820098131895,0.2607042157690138,true,true
COMMD4,0.0222695276141166,-0.175788388710143,false,true
COMMD5,-0.059910149872303,-0.2262091900661391,true,true
COMMD6,-0.040827203541994,0.5853130255355765,false,true
COMMD7,0.0160636899992823,-0.2574808269775124,false,true
COMMD8,0.1035621194168925,-0.0419100538964345,false,true
COMMD9,-0.0138848306087311,-0.0724395497380507,true,true
COMP,0.3352941274642944,0.6953583598138863,true,true
COMT,0.0344694585849841,-0.1108150176013307,false,true
COMTD1,-0.1536203622817993,-0.6413080442263487,true,true
COPA,-0.0872623549242104,0.1047588486167949,false,true
COPB1,0.0204510334879159,-0.2420518299522846,false,true
COPB2,-0.1110691713790098,-0.2559193694656531,true,true
COPE,-0.0420114304870366,-0.396781862833011,true,true
COPG1,-0.0247913468629121,-0.1666436535151856,true,true
COPG2,0.1929464628919959,0.27064908402432,true,true
COPRS,0.0732830986380577,-0.2873815786691515,false,true
COPS2,-0.0444175015824536,0.0567451580670734,false,true
COPS3,-0.1003366529941558,-0.2083938863954806,true,true
COPS4,0.0457219172191495,0.100224570615464,true,true
COPS5,-0.1390400722622871,0.0955945143131042,false,true
COPS6,0.0352439598180353,0.0422210544794134,true,true
COPS7A,-0.0197243501897901,0.0716719597136989,false,true
COPS7B,0.1569505617022514,0.3753517921549194,true,true
COPS8,-0.1763543099164962,-0.1067708363288666,true,true
COPZ1,-0.0621604151092469,-0.1380908674162526,true,true
COPZ2,0.2817836999893188,0.5866772226575411,true,true
COQ10A,-0.3136859536170959,0.8012830401357025,false,true
COQ10B,-0.1366473101079464,-0.0796584303193936,true,true
COQ2,-0.1789828951780994,0.104807108268969,false,true
COQ3,-0.1154370233416557,0.1099616324725545,false,true
COQ4,0.0808592390269041,0.2048000747868372,true,true
COQ5,-0.0078307513147592,0.1442054611605438,false,true
COQ6,0.0308426458388566,0.4106998713975005,true,true
COQ7,0.080722039937973,0.1849789216609565,true,true
COQ9,-0.0019926710519939,-0.0049645897587309,true,true
CORIN,-0.2211964130401611,0.1599363415014662,false,true
CORO1A,0.0389171503484249,-1.401849297678462,false,true
CORO1B,0.0233241724781691,-0.5199740634255638,false,true
CORO1C,-0.0384774251530567,-0.2768100659204852,true,true
CORO2B,-0.3687943816184997,0.2160398073633755,false,true
CORO6,0.1052509769797325,0.563577653210137,true,true
CORO7,-0.0670041752358277,-0.3000716064112505,true,true
COTL1,-0.0813793390989303,-1.508384379773522,true,true
COX10,-0.1169672608375549,0.52677747824782,false,true
COX11,0.0595006104558706,0.1706969460571379,true,true
COX14,0.0558966547250747,0.1155222684065959,true,true
COX15,0.0365988472942262,0.5176653856617798,true,true
COX16,-0.0162636197637766,-0.0594297438219433,true,true
COX17,-0.3894470632076263,-0.1792376351050446,true,true
COX18,0.0254887121729552,0.0489257872418296,true,true
COX19,0.1112484112381935,0.2120313341441351,true,true
COX20,-0.146459225565195,0.1336634524919819,false,true
COX4I1,0.0114431101828813,0.3724978264684892,true,true
COX4I2,0.1237957179546356,0.1758376795389056,true,true
COX5A,-0.2449961155652999,0.1020520115556156,false,true
COX5B,0.0213725790381431,0.131556398071206,true,true
COX6A1,-0.066231619939208,-0.3711194747795474,true,true
COX6A2,-0.1151747673749923,0.4826719073238194,false,true
COX6B1,-0.0640852525830268,0.2158326854142256,false,true
COX6C,-0.0239198394119739,0.1725653930516806,false,true
COX7A1,-0.0410480730235576,0.3977942218095833,false,true
COX7A2,-0.0215485654771327,0.1341536273495993,false,true
COX7A2L,-0.1256421871483325,0.3994796497586348,false,true
COX7B,-0.0240568201988935,0.2323143740837876,false,true
COX7C,-0.0116098849102854,0.159980954539038,false,true
COX8A,-0.0254243796225637,0.2595096634817402,false,true
CP,0.0011375944595783,-0.1233248982345946,false,true
CPA3,-0.1019302904605865,-0.0795911021824395,true,true
CPAMD8,-0.5506936311721801,0.4563695658587712,false,true
CPD,-0.0532330178123499,-0.3084442816345314,true,true
CPE,0.2247169613838196,0.6663310920894698,true,true
CPEB1,0.3512289524078369,0.3302543650826336,true,true
CPEB2,0.0574510027654469,-0.185217212156437,false,true
CPEB3,0.1478208750486373,0.5753011298458932,true,true
CPEB4,-0.2123321741819381,-2.395339487987762,true,true
CPED1,0.0330415107309818,1.168364208916284,true,true
CPLX1,-0.0369882136583328,-0.1079712655202349,true,true
CPLX3,-0.1570625156164169,0.0104793975043006,false,true
CPM,-0.4798972308635712,0.3918759493923924,false,true
CPNE1,0.0123947952607912,-0.337608386063088,false,true
CPNE2,0.1193654389353469,-0.2072007133263351,false,true
CPNE3,-0.1106019392609596,0.2270223982174188,false,true
CPNE4,-0.3703123927116394,0.510798074230653,false,true
CPNE5,-0.4510239660739898,0.2013135940217059,false,true
CPNE8,-0.0929992624691554,-0.3617885166184904,true,true
CPO,-0.0328667536377906,-0.0385007759109929,true,true
CPOX,0.1074676252901554,0.091088778007105,true,true
CPPED1,-0.1617112159729003,-0.2570325102736874,true,true
CPQ,0.1837564842509372,0.4855385426748029,true,true
CPS1,-0.0260925193627675,-0.0207174561565814,true,true
CPSF1,0.0777397630736231,-0.1870370334827491,false,true
CPSF2,-0.0125796653640766,-0.0705557515297297,true,true
CPSF3,-0.0683634562417864,-0.2247738936382197,true,true
CPSF4,-0.0610561811830848,-0.2074769867313612,true,true
CPSF6,0.0399331418531281,0.149231419640333,true,true
CPSF7,-0.0108724348247051,0.2116912977109728,false,true
CPT1A,-0.0594836243295243,-0.0809782213478795,true,true
CPT1B,-0.0587233453989028,0.7106376867476492,false,true
CPT1C,0.2345050126314163,-0.0832514910301761,false,true
CPT2,-0.0039019094159205,0.6622454111069013,false,true
CPVL,0.0664591006934642,0.0266268540071079,true,true
CPXM2,-0.0323183611035346,0.4302947446643501,false,true
CR1,-0.0356746762990951,-0.756236797231852,true,true
CRADD,-0.0395874604582786,0.3652526985098116,false,true
CRAT,-0.0685916493336359,0.1751285752365499,false,true
CRB1,0.2191797792911529,0.1252075074007998,true,true
CRBN,0.0348034726588853,0.641363096775104,true,true
CRCP,-0.0349302817136049,0.2082087983520915,false,true
CREB1,0.0646394652181438,-0.1452476047858941,false,true
CREB3,-0.0482693230733275,-0.5661159971669076,true,true
CREB3L1,-0.163368135690689,-0.0565853782487026,true,true
CREB3L2,-0.0726899742814046,-0.0433695489063055,true,true
CREB3L4,0.2347323447465896,0.1484662830837795,true,true
CREB5,0.0385205936618149,1.027786128659781,true,true
CREBBP,0.0550181274302303,0.1734202212130848,true,true
CREBL2,0.1574373630806803,0.0297275347113115,true,true
CREBRF,0.0717207464788641,0.5369019315307004,true,true
CREBZF,0.0056324606495244,0.2706762452614124,true,true
CREG1,0.0024321663659065,0.1731698975479361,true,true
CRELD1,0.208979332447052,0.4783759647279524,true,true
CRELD2,-0.0437604431062936,-0.5889112788752224,true,true
CREM,-0.0823693529569676,-0.1817136978966837,true,true
CRHBP,0.3151136636734008,0.1489242046520438,true,true
CRHR2,-0.1844228655099868,-0.0765840400932344,true,true
CRIM1,0.1233043888849871,-0.0111938543841576,false,true
CRIP2,-0.1406702452472277,-0.1100735255501685,true,true
CRIP3,0.0602737665176391,1.035635630019799,true,true
CRIPAK,0.0655589140951633,0.0323904399311237,true,true
CRIPT,-0.0516186114866286,0.2118082122665119,false,true
CRISPLD1,1.17043936252594,0.7135653695010052,true,true
CRISPLD2,-0.47377210855484,0.1269534047431286,false,true
CRK,-0.057789756384279,0.0131656215403435,false,true
CRKL,-0.0624001488089561,-0.2665116207479902,true,true
CRLF1,-0.6344316005706787,0.4403714986249043,false,true
CRLF3,-0.0449803403711744,-0.5097380134454583,true,true
CRLS1,-0.0702469944953918,-0.3415003200085466,true,true
CRMP1,-0.037811622605659,-0.3406851330081114,true,true
CRNKL1,-0.0401625126600265,0.346689345583194,false,true
CROT,0.1829722821712493,-0.0296662648822985,false,true
CRTAC1,0.2217579334974288,0.2627297753517953,true,true
CRTAP,0.0341574412770569,0.1128872577055881,true,true
CRTC1,0.0009340034531695,0.0847264056650225,true,true
CRTC2,-0.0352854283526539,-0.1386634614893291,true,true
CRTC3,-0.0060830341785081,0.0681170444331047,false,true
CRY1,-0.1796629966369696,-0.054097748316265,true,true
CRY2,0.0572421478107571,0.8236265487634169,true,true
CRYAB,0.025583166629076,-11.41774817221513,false,true
CRYGS,0.123074847459793,0.2076644485789878,true,true
CRYL1,0.0967288017272949,0.0960649579171071,true,true
CRYM,0.229934424161911,1.850052906901122,true,true
CRYZ,0.1954612493515014,0.1935837062708443,true,true
CRYZL1,0.0706087622259344,0.2551983655743304,true,true
CS,-0.1821666186054547,0.3370562034470925,false,true
CSAD,0.187367004652818,0.8851936434299303,true,true
CSDC2,-0.4242804646492004,0.0606062185311886,false,true
CSDE1,-0.0517301445361226,0.2492721684077414,false,true
CSE1L,-0.0378028355272752,-0.2598145430159206,true,true
CSF1,-0.2619054766837507,-0.5000707087403459,true,true
CSF1R,0.4339982867240905,-0.2773067464523939,false,true
CSF2RB,0.0669087395071983,-0.9285010961185524,false,true
CSF3R,-0.0299659334123134,-1.00949519188971,true,true
CSGALNACT1,0.027454575151205,0.5641365905181663,true,true
CSGALNACT2,-0.008526550472847,0.0368674811753724,false,true
CSK,0.1121909478679299,-0.6482839178628746,false,true
CSMD1,0.0921717882156371,0.0187414061125928,true,true
CSMD2,0.1336055397987365,-0.1178582333888498,false,true
CSMD3,0.1869107633829116,0.0138871793276008,true,true
CSNK1A1,-0.0927189565928918,-0.2130338695948061,true,true
CSNK1D,-0.0906144316707338,-0.3328783234295116,true,true
CSNK1E,0.0469604452539767,0.0658447909237338,true,true
CSNK1G1,0.0525047385038176,0.5633388972539713,true,true
CSNK1G2,0.003440158170027,-0.5569819978044066,false,true
CSNK1G3,0.0245850904445562,0.1402835305333081,true,true
CSNK2A1,-0.0101640094404241,0.0040058127403055,false,true
CSNK2A2,-0.040547077357769,-0.051234346615578,true,true
CSNK2B,0.0430623760446906,-0.0681123097536815,false,true
CSPG4,-0.1358157396316528,0.2044994864568576,false,true
CSPP1,-0.053484260487104,0.2477582985677195,false,true
CSRNP1,-0.3968004286289215,-0.0390762248488125,true,true
CSRNP2,0.0123146614059805,-0.0241200841888251,false,true
CSRNP3,0.4813586585223674,1.003861736786335,true,true
CSRP1,-0.2078142911195755,-0.1490504762672788,true,true
CSRP2,0.1087947487831115,-0.2229119282146263,false,true
CSRP3,0.1041804552078247,0.0525973762794773,true,true
CST3,-0.1243851110339164,0.0942775081657165,false,true
CSTB,-0.0112917890772223,-0.1462324050715868,true,true
CSTF1,-0.0413937934208661,-0.0111037107124474,true,true
CSTF2,0.0141421211883425,-0.0385165864454317,false,true
CSTF2T,-0.3499893918633461,-3.414680836614157,true,true
CSTF3,-0.0129330276644655,0.0770552426872579,false,true
CTBP1,0.1071348793804645,-0.1987313307315163,false,true
CTBP2,-0.0257619959967476,-0.1530281461334968,true,true
CTBS,-0.0306056454777717,-0.1483955189731327,true,true
CTC1,0.0041177656501531,0.1423050615448737,true,true
CTCF,0.0206356785659279,-0.0035551319884663,false,true
CTDNEP1,0.0049043131681779,-0.1372210473798944,false,true
CTDP1,-0.0506696641910821,-0.2642188487967747,true,true
CTDSP1,-0.0638190500438213,0.1523318850309007,false,true
CTDSP2,0.1161321513354778,-0.2066479637654072,false,true
CTDSPL,0.2337686685579163,0.2999572612172913,true,true
CTDSPL2,-0.0176048227502698,0.0496474360496863,false,true
CTF1,0.2926599383354187,0.9046237176462096,true,true
CTH,-0.4749102145433425,0.1950507078808916,false,true
CTHRC1,0.0040062094728151,-0.7180837067769898,false,true
CTIF,0.0429899804294109,-0.285646159203551,false,true
CTNNA1,-0.1577686273625918,-0.1928825270289209,true,true
CTNNA2,-0.0168276791227981,-0.0201870213014154,true,true
CTNNA3,-0.0468763932585716,-5.259763824184415,true,true
CTNNAL1,0.0272196605801582,0.2511725142985241,true,true
CTNNB1,-0.0701491894599582,-0.058003864116781,true,true
CTNNBIP1,0.0600986748933792,-0.1217345856019251,false,true
CTNNBL1,-0.0164754119053083,-0.0407045432619805,true,true
CTNND1,0.0242586804864307,-0.09255951872814,false,true
CTNND2,-0.0045265457592904,-0.0887794592359472,true,true
CTNS,-0.0002853579819202,-0.0997666318740164,true,true
CTPS1,-0.2193366900086402,-0.6168078624080313,true,true
CTPS2,0.1004927322889367,0.2422842852271829,true,true
CTR9,-0.0111083711672108,0.0175871941617185,false,true
CTRL,-0.0899564772844314,-0.0983582837362053,true,true
CTSA,-0.5343872904777526,-0.0490769737202487,true,true
CTSB,-0.3790382444858551,-1.181361978789893,true,true
CTSC,0.4394980370998382,-1.814002743254834,false,true
CTSD,-0.2826199829578399,-0.1853484745887508,true,true
CTSF,0.0342188999056816,0.9424120387390724,true,true
CTSH,0.0100401230156421,-0.0164027621311007,false,true
CTSK,0.2001883536577224,0.3526839372716237,true,true
CTSL,-0.2753026783466339,-0.2164896307931423,true,true
CTSO,0.0997005314566195,0.3200185356993081,true,true
CTSS,0.1825589835643768,-1.011981717293367,false,true
CTSZ,0.0806649550795555,-0.4945133932058771,false,true
CTTN,-0.0157315693795681,0.1648547673609694,false,true
CTTNBP2,-0.1126032248139381,0.3061598807344723,false,true
CTTNBP2NL,-0.1476113498210907,0.1103319553530095,false,true
CTU1,-0.1744625233113765,-0.26374391877663,true,true
CTU2,-0.0292508415877818,-0.2993950258622377,true,true
CUBN,0.0413571834564209,0.1287698558844425,true,true
CUEDC1,0.0082514649257063,-0.2346733868723647,false,true
CUEDC2,-0.0212407639250159,0.209215502139699,false,true
CUL1,-0.0171811934560537,0.0234616054886727,false,true
CUL2,0.02092367590272,-0.087185405421247,false,true
CUL3,-0.0029953907110861,-0.1313914003026548,true,true
CUL4A,-0.0079891729567732,0.2671494895373456,false,true
CUL4B,0.0653286401182413,0.1646761775818368,true,true
CUL5,-0.0070247795499328,0.2361563610096535,false,true
CUL7,0.1902030259370804,0.1651276281388725,true,true
CUL9,0.1001335084438324,0.1717096511795939,true,true
CUTA,0.0391474299132823,0.1688161304556263,true,true
CUTC,-0.0871794670820236,0.0081504052753214,false,true
CUX1,-0.1274136443223272,0.4017999170477049,false,true
CUX2,0.0609527714550495,0.0722499572018474,true,true
CUZD1,0.0465465411543846,-0.213185175838817,false,true
CWC15,-0.0211857477203011,-0.0144391409314348,true,true
CWC22,0.0189013698448737,0.1380970590157559,true,true
CWC25,-0.0945460975170135,-0.0814459633767157,true,true
CWF19L1,0.0116696353735668,0.0298313091089128,true,true
CWF19L2,0.0383378581276961,0.1794092195918377,true,true
CX3CL1,0.2008611112833023,-0.1213440206137677,false,true
CXADR,0.0327364578843116,-0.3151918964221085,false,true
CXCL12,-0.1841552406549453,-0.2550758487702351,true,true
CXCL16,0.172165423631668,-0.7108617399576231,false,true
CXCL2,-0.069916732609272,-1.187492122584296,true,true
CXCL3,0.0454269014298915,-0.6835426912946287,false,true
CXCR5,-0.1071854904294014,0.0009617837679695,false,true
CXXC1,0.119095666706562,-0.1884896508273872,false,true
CXXC4,0.1633101552724838,0.4361434219362458,true,true
CXXC5,0.2588234891494115,-0.2600792725450102,false,true
CXorf21,0.4294900894165039,-0.4628215837055774,false,true
CXorf38,0.0262874215841293,-0.2164448049138869,false,true
CXorf40B,-0.1804812202850977,-0.104302762056744,true,true
CXorf56,0.0230071664263959,0.3192720917266815,true,true
CYB561,0.1468797822793324,-0.2636739491879893,false,true
CYB561A3,-0.0258651226758956,-0.3578007888743037,true,true
CYB561D1,0.0597759461961686,-0.1914700083227487,false,true
CYB561D2,-0.0963738774880766,-0.4340101728541596,true,true
CYB5A,-0.1265766560100019,0.1195019127057346,false,true
CYB5B,-0.0421237584203481,-0.0848625770530189,true,true
CYB5D1,0.0099608320742845,0.3030716879547226,true,true
CYB5D2,-0.0278690017759799,-0.0722703636990424,true,true
CYB5R1,0.1398509740829467,0.5762519120550573,true,true
CYB5R2,-0.0468151606619357,-0.4720302467621371,true,true
CYB5R3,-0.0115477396175265,-0.2239741885809367,true,true
CYB5R4,0.0338222355182681,-0.2387193748558451,false,true
CYB5RL,0.2146780242522557,0.3946595523543121,true,true
CYBA,-0.1019862256944179,-1.07131772420724,true,true
CYBB,-0.0331642962992191,-1.793338458101036,true,true
CYBRD1,-0.2072030156850814,0.8376274692494059,false,true
CYC1,0.0105325691401958,0.1324584373622759,true,true
CYCS,-0.1744076311588287,0.1810639921145629,false,true
CYFIP1,0.0306110567180439,-0.5309342155058276,false,true
CYFIP2,0.1608529537916183,-0.0169673817622704,false,true
CYGB,0.0229892060160636,-0.2641577007838029,false,true
CYHR1,0.157476103445515,0.2605750986430677,true,true
CYLD,0.1368394951735224,-0.0539684441891834,false,true
CYP11A1,0.3711994290351868,0.5622636048889935,true,true
CYP19A1,0.4144860804080963,-0.0621028724904649,false,true
CYP1B1,0.2104286700487136,-1.569182707425639,false,true
CYP20A1,0.0017896517445998,0.1038447613773532,true,true
CYP27A1,0.1241569444537162,0.2119002463989354,true,true
CYP2D6,-0.1064916253089904,0.0107985108602149,false,true
CYP2E1,-0.0536628291010856,0.0101996849717483,false,true
CYP2J2,0.4240449070930481,1.155967793860183,true,true
CYP2R1,-0.0159800268709659,-0.3460214767184939,true,true
CYP2U1,0.0091279428452253,0.4655220158543336,true,true
CYP39A1,0.0182963926345109,0.2999005639095557,true,true
CYP3A4,-0.2665974199771881,0.028586272294243,false,true
CYP3A43,-0.3115530014038085,-0.0135037953493854,true,true
CYP3A5,-0.1309851622208952,0.1116667677209895,false,true
CYP46A1,0.2123685628175735,0.5432208406232064,true,true
CYP4B1,-1.11571741104126,2.062602762121536,false,true
CYP4F12,0.1598560512065887,0.1074007761969347,true,true
CYP4V2,0.2016292944550514,0.3177006782890607,true,true
CYP4X1,-0.4906427462895711,0.4809477117452197,false,true
CYP4Z1,-1.374833464622498,0.0723131191433278,false,true
CYP51A1,-0.0034855917096138,-0.598495573383996,true,true
CYP7B1,0.229221036657691,-0.3926470627723257,false,true
CYS1,0.9343531131744384,0.008175014437159,true,true
CYSLTR1,0.2655192892998457,-0.0720776728353613,false,true
CYSLTR2,0.0870517194271087,0.2498439285730671,true,true
CYSTM1,-0.1358246381084124,-0.2542189528032921,true,true
CYTH1,0.0190447584858962,-0.1375160420616086,false,true
CYTH2,0.1066213592886924,-0.2327365211933014,false,true
CYTH3,0.008661612868309,0.2592813501015354,true,true
CYTH4,0.3498896956443786,-1.234452250188185,false,true
CYTIP,-0.3089382350444793,-0.1884627018623332,true,true
CYYR1,-0.1809189021587372,-0.2167962020717784,true,true
D2HGDH,0.0646211700513958,0.3871765873657317,true,true
DAAM1,-0.0074745250001017,-0.1231764170942031,true,true
DAAM2,-0.1219837665557861,0.6018923646907712,false,true
DAB1,0.198042020201683,0.2710625791063001,true,true
DAB2,0.3973101675510406,-0.8388241149155097,false,true
DAB2IP,-0.0650162696838378,-0.2617380086172493,true,true
DACH1,0.3248265385627746,0.223586956312195,true,true
DACT1,0.3113842010498046,-1.128820521043145,false,true
DACT2,0.2656419873237609,0.0624162825889219,true,true
DACT3,0.1973853111267089,0.2843803817930838,true,true
DAD1,-0.1207203168421983,-0.3351687569708401,true,true
DAG1,-0.1124354004859924,-0.4105123998535411,true,true
DAGLA,0.1940028332173824,-0.0711239581109149,false,true
DAGLB,-0.0787965400144457,-0.3802091746679803,true,true
DALRD3,0.0734011982567608,-0.1304441427671534,false,true
DAND5,0.1278747022151947,0.7271677438688527,true,true
DAP,-0.012489003688097,-0.353160716476065,true,true
DAP3,-0.0404644193393843,0.2344814947783007,false,true
DAPK1,0.2567954063415527,-0.1514810880066757,false,true
DAPK2,-0.1851570904254913,0.6201886243446104,false,true
DAPK3,0.0165149017120711,0.0492656838534202,true,true
DAPP1,0.2620218396186828,-0.3563157175924184,false,true
DARS,-0.0258105262182652,-0.0031453234216334,true,true
DARS2,-0.2035341300070285,0.0384965469214026,false,true
DAXX,-0.0499005895107984,-0.3891136347675701,true,true
DAZAP1,0.0138348795007914,-0.8116729273116534,false,true
DAZAP2,-0.0984422768912433,-0.0591112950638663,true,true
DBF4,-0.0823182955384254,-0.2404779852755214,true,true
DBF4B,-0.0012417050078511,0.0303268354542537,false,true
DBI,-0.0958430305123329,0.2817592529483192,false,true
DBN1,-0.2138068526983261,-0.04659256677352,true,true
DBNDD1,0.0093910852447152,-0.3248123466610278,false,true
DBNDD2,-0.0002696453884709,-0.5316865826315266,true,true
DBNL,-0.0377224534749984,-0.2857627564525038,true,true
DBP,0.2089487463235855,0.4668886812062575,true,true
DBR1,-0.0037412469585736,-0.0070241746753612,true,true
DBT,-0.1222624466754496,0.4694954642550803,false,true
DCAF10,0.0022553240747323,-0.2885820004817407,false,true
DCAF11,0.0435391273349523,0.0453837049598604,true,true
DCAF12,0.0169878177344798,-0.2690042075883276,false,true
DCAF13,-0.097387701831758,-0.4313267641304996,true,true
DCAF15,0.0517172951251268,0.0312214731705862,true,true
DCAF16,0.0573817880824208,0.3770448461874842,true,true
DCAF17,0.0486759286373853,-0.0176799839751826,false,true
DCAF4,0.0098659296830495,0.0410644791977106,true,true
DCAF4L1,0.0635539144277572,0.029609266171874,true,true
DCAF5,0.0355354222868169,-0.0225538117712087,false,true
DCAF6,-0.0686341492193085,0.248490332820543,false,true
DCAF7,0.0090576611349076,-0.068948958544496,false,true
DCAKD,0.0780349445218841,0.4262442456583692,true,true
DCBLD1,-0.0865663290023803,-0.0765670783615535,true,true
DCBLD2,0.1483828192576766,-0.0991023303994316,false,true
DCHS1,0.2370954304933548,-0.0233829464812815,false,true
DCHS2,0.1095588686875999,0.0147189745376173,true,true
DCK,0.1332107037305831,-0.0820041892280682,false,true
DCLK1,-0.4115486145019531,-0.2244902789181302,true,true
DCLK2,0.3738794475793838,0.3565017790123672,true,true
DCLRE1A,0.0392629615962505,0.2063823018782644,true,true
DCLRE1C,0.0305568235538279,-0.0256638095475332,false,true
DCN,-0.3805063962936401,0.6453882953700631,false,true
DCP1A,-0.0221908673910157,-0.0675047082945781,true,true
DCP2,0.0408235104488475,0.0623875073569259,true,true
DCPS,0.1067815870046615,-0.0434825938902432,false,true
DCST2,0.061854675412178,0.0889200764522159,true,true
DCT,0.0606849901378154,0.0702381623059384,true,true
DCTD,0.0707835530629381,-0.1179707686482762,false,true
DCTN1,-0.0249130038544535,0.0987609322050291,false,true
DCTN2,-0.037321450933814,-0.2731474450095365,true,true
DCTN3,-0.0310668181627988,0.1030018814931628,false,true
DCTN4,-0.0818202171607741,0.2552578726773875,false,true
DCTN5,0.0066058606375008,-0.0928747150216593,false,true
DCTN6,-0.1305005125701427,0.2429857027409099,false,true
DCTPP1,-0.035823717713356,-0.3207063862272141,true,true
DCUN1D1,0.0327236437671152,0.2297021946648021,true,true
DCUN1D2,0.199002131819725,1.221520452849503,true,true
DCUN1D4,0.0622744712357719,0.1306832164217102,true,true
DCUN1D5,-0.0452225740998983,-0.5225757608602252,true,true
DCXR,-0.1252225342206657,0.2752434567878996,false,true
DDA1,-0.0428589838556945,-0.230216908511879,true,true
DDAH1,0.1522575610259082,-0.0095742307481896,false,true
DDAH2,0.1738452240824699,0.1676009432216094,true,true
DDB1,-0.0720490219204553,0.0764804819173399,false,true
DDB2,0.1856174816909645,-0.1007100296775309,false,true
DDHD1,0.0266669127824051,0.0200700097400541,true,true
DDHD2,0.0467228446505032,0.1602107363093434,true,true
DDI2,0.014502332235376,0.3959215335992611,true,true
DDIT3,0.018629022873938,-0.0266195509881295,false,true
DDIT4,-0.1443385630846023,1.230379998367341,false,true
DDO,0.0384308509528636,0.294157606471769,true,true
DDOST,-0.1231974929571151,-0.2222164166213298,true,true
DDR1,0.1874705404043197,0.1792770147476883,true,true
DDR2,-0.3311805129051208,0.3300418882493914,false,true
DDRGK1,-0.0626957841217517,-0.1504081481537897,true,true
DDT,-0.2333639398217201,0.032000619240752,false,true
DDTL,-0.2311144769191741,0.1604172635652563,false,true
DDX1,-0.0244355654964844,0.0494963098857832,false,true
DDX10,-0.1131660736032894,-0.0549263847638936,true,true
DDX11,-0.034580279385409,0.0613646183659339,false,true
DDX17,0.0727845792259488,0.1983509449611915,true,true
DDX18,-0.1140811363501208,-0.1453763113843056,true,true
DDX19A,-0.0535180382430553,0.0428526945300289,false,true
DDX19B,0.0202632677974179,-0.0417236326858683,false,true
DDX20,-0.1424222912639379,-0.1111953035511246,true,true
DDX21,-0.2544439447422822,-0.72891230434811,true,true
DDX23,-0.0013345117680728,-0.2814229908888004,true,true
DDX24,-0.0865500359130757,0.3883499949501549,false,true
DDX27,-0.0491335742175579,-0.2206466543163068,true,true
DDX28,0.0894672125577926,0.0856822582145753,true,true
DDX31,0.0043231312185525,0.0243508031491364,true,true
DDX39A,-0.1338698610663414,-1.02404833080843,true,true
DDX39B,-0.0402617169144962,0.2120290932521724,false,true
DDX3X,-0.0983522870977009,-0.4056735206301267,true,true
DDX3Y,0.1332179054617881,1.805261550963135,true,true
DDX41,0.1767996102571487,-0.2718400465726271,false,true
DDX42,-0.0108322955978413,0.1660700916133022,false,true
DDX43,0.0839850753545761,0.1944688166942284,true,true
DDX46,-0.0190538706790123,-0.1086384121847126,true,true
DDX49,-0.0289913058280944,-0.2527510212654071,true,true
DDX5,-0.0293077962456404,-0.2283692060630535,true,true
DDX50,-0.0581982497658048,0.0161249000414649,false,true
DDX51,-0.0101217731833457,0.0174543108176479,false,true
DDX52,-0.0340191836003214,-0.1315907093121087,true,true
DDX54,-0.0997873544692993,-0.315486020883096,true,true
DDX55,-0.0298586152493953,-0.0792833200919764,true,true
DDX56,-0.017611376196146,-0.2179263927358854,true,true
DDX58,0.0986415264861924,-0.1730111505479814,false,true
DDX59,0.083875522762537,0.0129705350573425,true,true
DDX6,-0.0513858679415924,0.607986650516037,false,true
DDX60,0.3491703048348426,0.4367143210918031,true,true
DDX60L,-0.0708331316709518,-3.005989500925807,true,true
DEAF1,0.0104864122501263,-0.1503981834640653,false,true
DEC1,0.1107982583343982,-0.0015430074140809,false,true
DECR1,-0.0138813145458698,0.4038585252375872,false,true
DECR2,0.077018491923809,0.3749829216423059,true,true
DEDD,-0.1295628398656845,-0.3683826280134634,true,true
DEDD2,-0.0201996906350056,-0.1505669786257293,true,true
DEF6,0.1587836742401123,-0.5283890948637275,false,true
DEF8,0.0559612199198454,-0.2596115578222186,false,true
DEGS1,-0.0597205132246017,-0.4352036846800908,true,true
DEK,-0.0359157377720943,-0.0156794553767252,true,true
DENND1A,-0.035621323489717,-0.0135073640875629,true,true
DENND1B,0.073492000877325,0.3930461868036663,true,true
DENND2A,0.1006474196910858,0.3681768653657249,true,true
DENND2C,0.0920834968273993,0.0023971356025955,true,true
DENND2D,0.2541336715221405,-0.3922079961094477,false,true
DENND3,-0.2295848242938518,0.6983841848443557,false,true
DENND4A,-0.078470032396061,-0.0036304606313146,true,true
DENND4B,0.0615478456020355,-0.1467823910081889,false,true
DENND4C,-0.0087169611028262,0.1225277437935465,false,true
DENND5A,-0.0412706748271981,0.0600423346715182,false,true
DENND5B,0.122816689312458,-2.018549506038497,false,true
DENND6A,-0.0632451090163418,0.2446365162968162,false,true
DENND6B,0.323823869228363,0.1369072009281672,true,true
DENR,0.0926934268458613,-0.1725423461603306,false,true
DEPDC4,-0.1426481520757079,-0.152242439940046,true,true
DEPDC5,0.0130102656049919,0.1170043363348916,true,true
DEPTOR,0.0080681801773607,0.1697804187292248,true,true
DERA,-0.0771477378827209,-0.273078358960368,true,true
DERL1,-0.1485909700393676,-0.4248688509740379,true,true
DERL2,-0.0383914873003959,-0.4170966406353251,true,true
DESI1,-0.1166952718049287,-0.3105707040843577,true,true
DESI2,-0.0264107044786214,-0.3709744412963713,true,true
DET1,0.1776772990822791,0.3119188339490901,true,true
DEXI,0.0205724285915493,-0.9258038494107363,false,true
DFFA,-0.0028941584751009,0.0114195119734765,false,true
DFFB,0.0482739633880555,0.092797673318709,true,true
DGAT1,0.0211403559893369,-0.4293493858036394,false,true
DGAT2,0.2091340869665145,0.5566961193703903,true,true
DGCR2,-0.0007200565721307,-0.0014332460671773,true,true
DGCR6,-0.084644928574562,0.2635711013687807,false,true
DGCR6L,0.1837618499994278,0.0160044585815177,true,true
DGCR8,0.0145281149695316,0.0323349118440801,true,true
DGKA,-0.0182535946369171,-0.3094386053959887,true,true
DGKB,0.4221573919057846,0.2338122860246473,true,true
DGKD,-0.0228302595870835,-0.7474123806523609,true,true
DGKE,0.1347269862890243,0.520055715087502,true,true
DGKG,0.0363989248871803,0.4474161855590383,true,true
DGKH,0.0241404958069324,0.3161289135389018,true,true
DGKI,0.2051302641630172,0.1342246500220684,true,true
DGKQ,0.0086838106314341,-0.0577243031790486,false,true
DGKZ,0.1072685699909925,-0.1691342600006315,false,true
DGUOK,-0.089826659609874,-0.3198263244125469,true,true
DHCR24,0.1011256724596023,-0.629881451351105,false,true
DHCR7,-0.0945221409201622,0.0551540236574319,false,true
DHDDS,-0.0710679911077022,-0.0038133597580012,true,true
DHH,0.0995544493198394,-0.2508162032358017,false,true
DHODH,-0.1239361787835757,0.0414028869159199,false,true
DHPS,-0.0155870907008647,0.1938468741899601,false,true
DHRS1,0.1482697527855634,-0.0902046570615009,false,true
DHRS11,0.2192346900701522,0.8680589073839493,true,true
DHRS12,0.1045556925237178,0.4974566520327505,true,true
DHRS3,0.0680963814258575,0.7605299495081423,true,true
DHRS4,0.0313396453857421,0.1194831308444523,true,true
DHRS4L2,0.1863334430381655,0.215679081818322,true,true
DHRS7,-0.1871989987790584,-0.5132952339320295,true,true
DHRS7B,-0.0246614785864949,-0.5411916072744373,true,true
DHRS7C,0.0018418111139908,0.4771735266795302,true,true
DHRS9,0.7129803299903869,-0.902490942935289,false,true
DHTKD1,-0.0151851378381252,0.6971773862647299,false,true
DHX15,-0.0735265357153756,-0.1348344065528728,true,true
DHX16,-0.0452173557132482,-0.0924799592534681,true,true
DHX29,-0.0302177647633167,-0.137851893495227,true,true
DHX30,-0.0115828643708179,-0.0353837257225224,true,true
DHX32,-0.0253166904052098,0.2293648407767312,false,true
DHX33,-0.1088537395000457,-0.006613292926153,true,true
DHX34,0.1238458760082721,-0.3729003442769849,false,true
DHX35,-0.0332204637117683,0.5006234743686176,false,true
DHX36,-0.0621578076056071,0.1182989803979603,false,true
DHX37,-0.1567102409899234,-0.753003026514839,true,true
DHX38,-0.0801256451755762,-0.1613567189327831,true,true
DHX40,0.0555328880436718,0.1279725183029438,true,true
DHX57,0.0223207887417326,0.086625041481378,true,true
DHX58,0.173688826461633,0.1610365190149485,true,true
DHX8,-0.0225966600313161,-0.0562722690864991,true,true
DHX9,-0.0395238016332898,-0.2250894352141532,true,true
DIAPH1,-0.1296806644116129,-0.1651970974359677,true,true
DIAPH2,-0.0848343348396675,-0.0060977188862003,true,true
DIAPH3,-0.1149822473526001,-0.1629909036364076,true,true
DICER1,0.0088399657314377,0.0551068743664728,true,true
DIDO1,0.0175127558676259,0.4469145386076784,true,true
DIMT1,-0.0109437525272369,-0.1038692275343051,true,true
DIO1,-0.0763651095330715,-0.0026982201465918,true,true
DIO2,0.5708454251289367,0.5499713822507406,true,true
DIP2A,0.0847295176770005,0.178331541489439,true,true
DIP2B,0.0233576921746134,0.1392614213287273,true,true
DIP2C,0.1098484226635524,-0.139845258583624,false,true
DIRAS1,-0.3437839150428772,-0.4151626868391851,true,true
DIRAS3,0.0140864597633481,0.5856761572679882,true,true
DIRC3,-0.4314150512218475,-0.0208826524658857,true,true
DIS3,-0.0755931633058935,0.0183882693804013,false,true
DIS3L,0.1154142364859581,0.3091843694444076,true,true
DIS3L2,0.0083400623074599,0.2042017136887786,true,true
DISC1,0.0191752697740282,-0.2823006621851592,false,true
DISP1,0.1287009846419096,0.2056311632398486,true,true
DISP2,-0.0196765009313821,-0.3004269031878923,true,true
DIXDC1,0.1712473552674055,0.7307888758661746,true,true
DKC1,-0.0707444813102483,-0.2543778381133599,true,true
DKK2,0.2221454977989196,-0.0724936863885291,false,true
DKK3,-0.1286543160676956,0.6836579960812726,false,true
DLAT,-0.1273787021636962,0.1296911084445024,false,true
DLC1,0.0053237997926771,0.300874530321435,true,true
DLD,-0.1230724609146515,0.3476110047565086,false,true
DLEC1,0.0171014033257961,0.0265258656198046,true,true
DLEU1,-0.1213724009160484,-0.5405675912878549,true,true
DLEU2,0.0982485312436308,-0.0361245583292308,false,true
DLG1,-0.0257919893733092,-0.2271336073644443,true,true
DLG3,-0.1348803937435149,0.0676532864246639,false,true
DLG4,0.0329130883328616,0.2399421832139361,true,true
DLG5,-0.0326576891044775,-0.2409771339849311,true,true
DLGAP1,0.1445098146796226,0.6456302366202987,true,true
DLGAP2,-0.0526643618941307,0.0140943507532064,false,true
DLGAP3,-0.3392332196235656,-0.0607972137142307,true,true
DLGAP4,0.0677575687212603,0.3808543240558588,true,true
DLK1,-0.3773014843463897,0.0567550675649028,false,true
DLL1,0.2536572515964508,0.5664221475524047,true,true
DLL4,0.2812568247318267,-0.4610902048867933,false,true
DLST,-0.1162277203984558,0.456404497372878,false,true
DMAP1,0.090970098786056,-0.0374686474245815,false,true
DMC1,0.0500855073332786,0.4695862836586954,true,true
DMGDH,0.0442506770292917,0.3678968283890253,true,true
DMKN,0.2202820032835006,0.4440371276500179,true,true
DMPK,0.1048239476978778,-0.5094217745511961,false,true
DMRT1,0.0885673761367797,0.0072636154286601,true,true
DMRTA1,-0.0736995711922645,0.1009975764018989,false,true
DMTF1,0.0837392187012093,0.4057505518472348,true,true
DMTN,0.1314680054783821,0.3900999858459717,true,true
DMWD,0.0906602274626493,-0.0151657102387963,false,true
DMXL1,0.0705246386517371,0.103860598815507,true,true
DMXL2,-0.0999541208148002,-0.4516475082260824,true,true
DNA2,-0.0249967239797115,0.0036901673764568,false,true
DNAAF2,-0.1023332135130961,-0.1652433352812212,true,true
DNAAF3,0.5984635949134826,-0.8302391393458388,false,true
DNAH1,0.1516701251268387,0.2135499936314885,true,true
DNAH10,-0.0664153322577476,-0.0408457948433387,true,true
DNAH11,-0.2564858794212341,0.0450375089257877,false,true
DNAH12,0.1858118101954459,0.0749934842655872,true,true
DNAH14,0.0432146564126014,-0.3317566477452624,false,true
DNAH17,-0.0661232522688806,0.001920414623628,false,true
DNAH2,-0.0496713891625404,-0.0045474222074914,true,true
DNAH3,-0.0041348012164235,-0.0739035352437085,true,true
DNAH5,0.0505838952958583,0.0076227242767501,true,true
DNAH6,0.14637224872907,0.0831774437554113,true,true
DNAH7,0.0929546966217458,0.0277864029608287,true,true
DNAH9,-0.1187234316021204,0.0204657652820822,false,true
DNAI1,0.1454441398382186,0.0490171894200331,true,true
DNAJA1,0.0265014839358627,-0.4320562968402219,false,true
DNAJA2,-0.0937296941876411,0.1776156325895854,false,true
DNAJA3,-0.0571564905345439,0.2481156935819921,false,true
DNAJA4,-0.0729894340038299,-0.74132260946591,true,true
DNAJB1,0.0360449217259883,-0.1300986342656997,false,true
DNAJB11,-0.0358974924311041,-0.2631072929371329,true,true
DNAJB12,-0.0512319236993789,-0.1053847685590421,true,true
DNAJB14,0.0035714584768616,0.0183827013916544,true,true
DNAJB2,0.2140457071363925,0.0397878234504016,true,true
DNAJB4,-0.105410348623991,0.2186599478565319,false,true
DNAJB5,-0.1420866996049881,0.129050620002534,false,true
DNAJB6,0.002756259803261,0.1973253097112186,true,true
DNAJB9,-0.2438560426235199,-0.458157639857478,true,true
DNAJC1,-0.0920910563852105,-0.2198274736311436,true,true
DNAJC10,0.053602830817302,-0.2671668154367443,false,true
DNAJC11,-0.0299812864201764,0.1847038652815191,false,true
DNAJC12,-0.0677168774418532,-0.4213391824863108,true,true
DNAJC13,0.0951222740113735,0.0763441063118888,true,true
DNAJC14,-0.1133200824260711,-0.3521542318641506,true,true
DNAJC15,-0.09639390061299,-0.0550931915125554,true,true
DNAJC16,-0.0398991036151225,-0.1635589627200282,true,true
DNAJC17,-0.0184798734262585,0.1292055450976534,false,true
DNAJC18,0.1546074599027633,0.2255930879047431,true,true
DNAJC19,-0.0332389953546226,0.267861778568696,false,true
DNAJC2,-0.1323578436858952,-0.2782636379490939,true,true
DNAJC21,-0.0042568624019622,0.0034407743349684,false,true
DNAJC24,-0.0547968003898859,0.1377456144594146,false,true
DNAJC25,-0.0850691929459571,-0.2935317016030085,true,true
DNAJC27,-0.0493875896558165,0.0266014415032285,false,true
DNAJC28,0.0044560232199728,0.1896531879550988,true,true
DNAJC3,-0.1103217961000544,-0.545047349516314,true,true
DNAJC30,0.0479339193552732,0.403300831924898,true,true
DNAJC4,0.101595946898063,0.283348910072974,true,true
DNAJC5,-0.0831660032272338,-0.2480717047050138,true,true
DNAJC5G,-0.0526546016335487,0.332650127609365,false,true
DNAJC6,0.3178101629018783,0.3061705475874905,true,true
DNAJC7,-0.0202873365155288,0.0424498730820381,false,true
DNAJC8,-0.0758020909503102,-0.0916367674731706,true,true
DNAJC9,0.0545856715179979,0.0364453879533903,true,true
DNAL1,-0.0208522908855229,-0.0914962153441405,true,true
DNALI1,0.2696217000484466,0.1929718520386954,true,true
DNASE1,0.1762513896184307,0.5234784613035903,true,true
DNASE1L1,-0.0549754705280065,0.085160282012124,false,true
DNASE1L3,-0.1237750798463821,0.3723158696762605,false,true
DNASE2,0.0073254071176051,-0.0497094681154188,false,true
DND1,0.0970275625586509,-0.0356890147273978,false,true
DNER,-0.9621070623397828,-0.1023814275985863,true,true
DNHD1,-0.0619092855070318,0.2217520062780069,false,true
DNM1,-0.0239156242460012,0.2168159267837286,false,true
DNM1L,-0.0585119647106953,0.1000643438538197,false,true
DNM2,0.0036038518883287,-0.1640514501491203,false,true
DNM3,0.0971888601779937,0.1702368003191285,true,true
DNMBP,-0.0844314444277967,0.1078962210155745,false,true
DNMT1,-0.0438790346185366,-0.5221076850233208,true,true
DNMT3A,0.2571341480527605,0.0905403254006311,true,true
DNMT3B,0.1885515600442886,0.1457099633492276,true,true
DNPEP,-0.0077147633302956,-0.1646142053866874,true,true
DNPH1,-0.0237133651971817,0.2344291766565413,false,true
DNTTIP1,-0.0201372321695089,0.2224607577676951,false,true
DNTTIP2,-0.0916914477944374,-0.3483551711077721,true,true
DOC2B,-0.0695917978882789,-0.2048403605673265,true,true
DOCK1,0.0614341692999005,0.2794081415449998,true,true
DOCK10,-0.049648929387331,-0.5228770481167981,true,true
DOCK11,-0.1255973428487777,-0.2389522144581919,true,true
DOCK2,0.0121944919228553,-0.7255420097671561,false,true
DOCK3,0.0244533419609069,0.1727720593002997,true,true
DOCK4,0.0455647294099132,-0.3479312771844469,false,true
DOCK5,-0.0499354856354849,0.1135117247635504,false,true
DOCK6,0.1094362271417464,0.114097124601407,true,true
DOCK7,0.2115360870957374,-0.1677579842320629,false,true
DOCK8,0.1212833720658506,-0.4824626847377497,false,true
DOCK9,-0.1592200100421905,0.4405303407121552,false,true
DOHH,-0.0308659635484218,-0.5000984279122027,true,true
DOK1,-0.0002266019582748,-0.3379987409265585,true,true
DOK2,0.0698011815547943,-0.8751997543563379,false,true
DOK3,0.0084105003625154,-0.8650406154655593,false,true
DOK4,0.1353684514760971,-0.0902507672417711,false,true
DOK5,0.5476672649383544,0.0109276252293848,true,true
DOK6,0.4389541149139403,1.445008742301622,true,true
DOK7,0.0758950784802436,0.433709903581879,true,true
DOLK,0.0411139354109764,-0.1655716643896441,false,true
DOLPP1,0.0612790770828723,-0.4074704836677152,false,true
DONSON,-0.1271355919539928,-0.3901814149420324,true,true
DOT1L,-0.1384492263197899,-0.6374281256440694,true,true
DPAGT1,0.0358854776713997,-0.5426503381251786,false,true
DPCD,-0.0991714526899158,0.2641483460247142,false,true
DPEP2,0.4476887881755828,0.3950035832970202,true,true
DPF2,-0.0254354372620582,0.1737756707344284,false,true
DPF3,-0.1900108903646469,0.5503964053595833,false,true
DPH1,0.0238718180917203,0.0040585201961595,true,true
DPH2,-0.0681493892334401,-0.4277597964083415,true,true
DPH3,-0.2200492769479751,-0.3363144887142022,true,true
DPH5,-0.0506349489092826,0.2145366862135302,false,true
DPH6,-0.0715345703231703,0.5368236253847817,false,true
DPH7,0.0602534759789705,0.3123118782773639,true,true
DPM1,-0.0226875077933073,0.3764957682499376,false,true
DPM2,-0.0913972193375229,-0.0012207614930253,true,true
DPM3,0.0174310793110635,0.1390936180729371,true,true
DPP10,-0.0523060141131281,0.0165207175338721,false,true
DPP3,-0.1077090892940759,-0.7249492187872768,true,true
DPP4,0.0414035990834236,0.11271221407701,true,true
DPP6,-0.0439542979001998,0.0212921005046044,false,true
DPP7,-0.1107735328376293,0.2507580251252976,false,true
DPP8,0.0261280331095414,-0.0215262820981556,false,true
DPP9,-0.02259027287364,-0.2438865180494689,true,true
DPT,0.4128891527652741,0.8749747811737318,true,true
DPY19L1,-0.0523371279239654,-0.1337616305961373,true,true
DPY19L2,0.2258277088403701,1.268343588241498,true,true
DPY19L3,0.0321113385260105,-0.2619283655259714,false,true
DPY19L4,0.0551246980515619,0.2943766471929807,true,true
DPY30,0.0747214335948228,-0.1357981808855757,false,true
DPYD,-0.0556881853512355,-0.0107461903096166,true,true
DPYSL2,0.0340634322908174,0.3115861097173224,true,true
DPYSL3,0.4815881550312042,0.0659783722794995,true,true
DPYSL4,0.1878198683261871,0.8543680323663256,true,true
DPYSL5,-0.1157889887690544,0.0084045515631684,false,true
DR1,-0.0115645758807659,-0.2158180450122975,true,true
DRAM1,-0.0910043744370341,-1.10211504667115,true,true
DRAM2,0.0630880981683731,-0.0153422809131533,false,true
DRAP1,0.0043918967247009,-0.3571456223458291,false,true
DRD4,0.1498778909444809,0.0598635897182392,true,true
DRG1,-0.0760833679565361,-0.0306915022490339,true,true
DRG2,-0.0622126787900924,-0.0098096316131934,true,true
DROSHA,0.0173839000386319,0.1219613610923002,true,true
DSC1,0.2981418371200561,1.280643958681565,true,true
DSC2,0.1049983128905296,-0.2864117057398267,false,true
DSCAML1,0.20489402115345,0.2659271368951223,true,true
DSCC1,0.0568513174851735,-0.1148662093359103,false,true
DSE,-0.0293989886219302,-0.5479038032073023,true,true
DSEL,0.0530444346368312,0.3106139078100866,true,true
DSG1,0.0327898859977722,0.0708412800312495,true,true
DSG2,0.1177786216139793,0.116342933259764,true,true
DSN1,0.0126530868001282,-0.0449563480667949,false,true
DSP,-0.2010280936956405,-0.0697119193553943,true,true
DSTN,-0.1270671063768011,0.0603554172309497,false,true
DSTYK,0.0559745281934738,0.1547770729458868,true,true
DTD1,-0.0005873168951698,-0.1996222879736224,true,true
DTD2,0.0355037140349546,-0.2128253584276709,false,true
DTNA,0.0090590678155422,0.0648948425732287,true,true
DTNB,0.1799055891543892,0.3315318546034338,true,true
DTNBP1,0.0808296581464154,-0.1030912899278821,false,true
DTWD1,0.0447897342673968,-0.090450466227351,false,true
DTWD2,-0.0034639800433069,0.4653846107962973,false,true
DTX2,0.0987200841307639,-0.2578320137146992,false,true
DTX3,0.1490506678819656,0.4573850941761574,true,true
DTX3L,0.0119219489395618,-0.7114612656772854,false,true
DTX4,0.6030189394950866,-0.1073447965693709,false,true
DTYMK,-0.0261541058619817,-0.4742207476137423,true,true
DUOX1,-0.0277279849785069,0.1830465012609981,false,true
DUOXA1,0.3522960841655731,0.1117412245637157,true,true
DUS1L,-0.0759629737585783,-0.6002567718213778,true,true
DUS2,0.0218684554100036,-0.0167463594275436,false,true
DUS3L,-0.1508733164519071,-0.1749388663200544,true,true
DUS4L,0.0400509741157293,0.0446434339044579,true,true
DUSP1,-0.1359721372524897,0.3014217882396623,false,true
DUSP10,-0.0435352176427841,0.0001424687390174,false,true
DUSP11,0.0248348652385175,0.1713036597171644,true,true
DUSP12,-0.0500429414212703,-0.0969008586350477,true,true
DUSP13,-0.0508197583258152,-0.2092148475763142,true,true
DUSP14,0.032131855841726,-0.3999308305406437,false,true
DUSP15,0.1306721717119216,0.4252844029371515,true,true
DUSP16,-0.0313415354383843,0.2527445821897731,false,true
DUSP18,0.1242203684523701,-0.1915496949169266,false,true
DUSP19,0.3231390193104744,0.3297601198179469,true,true
DUSP22,0.0395312908105552,-0.0099090300444748,false,true
DUSP23,-0.1772504895925522,-0.7322757200428848,true,true
DUSP26,0.1705490350723266,0.4315716507710876,true,true
DUSP27,0.1225134953856468,0.5459445791277008,true,true
DUSP28,0.0423838458955287,0.5205077348807406,true,true
DUSP3,-0.1181135758757591,0.1178737667365013,false,true
DUSP5,-0.0740895941853523,-0.9330405726897396,true,true
DUSP6,-0.1032848730683326,-0.2419211960910892,true,true
DUSP7,0.0127771217375993,-0.4226036456896307,false,true
DUSP8,-0.0064301532693207,-0.1660457825562498,true,true
DUT,0.0605050262063741,0.2281544820708525,true,true
DVL1,0.096279814839363,-0.6307260246923638,false,true
DVL2,0.1576750725507736,0.0489311909565079,true,true
DVL3,0.0174480749294161,0.1246056228928593,true,true
DXO,0.0297077763825654,0.0310899746272081,true,true
DYM,0.0013740487795855,-0.0226544882885093,false,true
DYNC1H1,0.0083535733366651,0.2662439369711,true,true
DYNC1I1,-0.1940876543521881,0.2566795976586089,false,true
DYNC1I2,-0.0059280066883989,-0.2504858042016509,true,true
DYNC1LI1,-0.0529575925320386,0.1846718042549433,false,true
DYNC1LI2,0.0098981057138492,0.1761937406254565,true,true
DYNC2H1,0.0963211973818639,0.463610767791694,true,true
DYNC2LI1,0.1965121115402629,0.6349037450094647,true,true
DYNLL1,0.080203808893566,-0.1979563150766035,false,true
DYNLL2,0.2450172007083892,-0.0234097268830861,false,true
DYNLRB1,-0.0612118725664913,0.0255429916759126,false,true
DYNLT1,-0.1401230110121624,0.0113531518208063,false,true
DYNLT3,-0.0963646718300879,-0.4009323817410446,true,true
DYRK1A,-0.0470347948638456,0.204121408421571,false,true
DYRK1B,0.2181069701910018,0.8831951073774283,true,true
DYRK2,0.212876658886671,0.154448259819671,true,true
DYRK3,-0.3318153619766235,-0.7898658874256909,true,true
DYRK4,0.1426487206481397,0.0839894974290902,true,true
DYSF,-0.1211278289556503,-0.1560429149754334,true,true
DZANK1,0.1253971038386225,0.0890563702499167,true,true
DZIP1,0.277273554354906,0.2111930053805268,true,true
DZIP1L,0.1410204898566007,0.0531243131467638,true,true
DZIP3,0.166785412778457,0.7697905533731175,true,true
E2F3,-0.0843309022486209,-0.3697993394168031,true,true
E2F4,-0.0908406622707843,-0.5290073559998792,true,true
E2F5,-0.0560449212789535,-0.486909456061034,true,true
E2F6,-0.1001341560855508,-0.0200846410396979,true,true
E2F8,0.0203693378716707,-0.8622162355227841,false,true
E4F1,-0.086349743977189,-0.1076411651029691,true,true
EAF1,-0.083311304450035,-0.3600413990807416,true,true
EAF2,0.0889862626791,-0.1411897477133394,false,true
EAPP,-0.001584257154415,0.2563024887829255,false,true
EARS2,0.0069137090584263,0.3658513691838276,true,true
EBAG9,0.0000600133091211319,0.0832125219878365,true,true
EBF1,-0.0461076244578829,0.3242975839915385,false,true
EBF2,0.0877588093280792,0.2778875948618164,true,true
EBF3,0.1841292884200811,0.1400547329118944,true,true
EBF4,-0.0501281367614865,-0.0885620604295295,true,true
EBI3,-0.010113994590938,-0.2235726203116665,true,true
EBNA1BP2,-0.1330273672938346,-0.5893720161268714,true,true
EBP,0.0002042533596977,-0.2108563903228399,false,true
EBPL,0.0259122885763645,-0.6558565486266226,false,true
ECD,-0.0080495646883112,0.2600166252519002,false,true
ECE1,-0.1359733920544385,-0.2490072405890568,true,true
ECH1,-0.1718777269124984,0.2415087504713211,false,true
ECHDC1,-0.0174681112791101,0.0558357753498173,false,true
ECHDC2,0.1416435431068142,0.4914823649526081,true,true
ECHDC3,-0.2956254482269287,0.3668675365524194,false,true
ECHS1,0.0316141195595264,0.4148296621666842,true,true
ECI1,-0.0623616389930248,0.1543961907402522,false,true
ECI2,0.0236381724476814,0.1900307421428042,true,true
ECM1,-0.1099762022495269,-0.3182142091764341,true,true
ECM2,0.1039761811494827,1.134183867095167,true,true
ECSCR,0.0277896914631128,-0.4685432875770425,false,true
ECSIT,-0.0009816886857151,-0.0353673454446452,true,true
ECT2,-0.1144829560071229,-0.8295244779757153,true,true
ECT2L,-0.1416294425725936,0.961588479592074,false,true
EDA,0.1224207710474729,-0.1044571926277422,false,true
EDA2R,0.252781997124354,0.7210656654484054,true,true
EDARADD,0.2088397108018398,-0.622377743173522,false,true
EDC3,-0.0584012878437836,0.119017161764185,false,true
EDC4,-0.0619081202894449,-0.1312919803415879,true,true
EDEM1,-0.0488193351775407,-0.3454987236012869,true,true
EDEM2,-0.0345345765352249,0.4019994506591259,false,true
EDEM3,-0.020956467571003,-0.2131786994441888,true,true
EDF1,-0.1379371970891952,0.0454995841832275,false,true
EDIL3,0.7722061276435852,0.8581124400677286,true,true
EDN1,-0.2835214138031005,-0.2292394787442493,true,true
EDNRA,-0.0114978831261396,1.057896103419205,false,true
EDNRB,-0.5199789360165596,0.089153311328431,false,true
EEA1,0.0433520614834768,0.2230345487435583,true,true
EED,0.0116872971877455,0.0331915967334328,true,true
EEF1A1,-0.0783110236904273,0.0642019886813276,false,true
EEF1A2,-0.0154004525393247,0.1259290580473049,false,true
EEF1B2,-0.1141381164547056,-0.215287032121104,true,true
EEF1D,-0.0028149799909442,0.0220869949654183,false,true
EEF1E1,-0.1039473060518503,-0.3601870733640026,true,true
EEF1G,0.0361007153987884,0.2796108845548142,true,true
EEF2,-0.0945287061234315,-8.830171231126899,true,true
EEF2K,-0.000339963287115,-0.1295194446172574,true,true
EEFSEC,-0.039782033567982,-0.0116342968170912,true,true
EEPD1,0.2581997811794281,0.0670072133404633,true,true
EFCAB10,-0.0927523802965879,-0.000722396225592,true,true
EFCAB11,0.2481402248144149,0.2038426250416842,true,true
EFCAB13,0.0114795994013547,0.1817419705295171,true,true
EFCAB14,-0.0442105470225214,0.0885445350171165,false,true
EFCAB2,-0.0018839761614799,0.4672064692315665,false,true
EFCAB5,0.0207559079863131,0.0319940784841061,true,true
EFCAB6,0.1511750649660825,0.4981235620099936,true,true
EFCAB7,0.1221364175900816,0.6435613164904774,true,true
EFCC1,0.6786368489265441,0.0497988522161716,true,true
EFEMP1,-0.0506905056536197,-0.2399398550847609,true,true
EFEMP2,0.1076757903210818,0.2588240835030131,true,true
EFHB,0.0800352245569229,0.2054237012004222,true,true
EFHC1,0.1087547312490641,0.4923542435347674,true,true
EFHC2,-0.2189570218324661,-0.1397083373337926,true,true
EFHD1,-0.0234530232846736,0.5336539486394547,false,true
EFHD2,0.0594108467921614,-0.6086547777761963,false,true
EFNA1,0.2508736252784729,-0.1977926227675963,false,true
EFNA5,0.0336552038788795,0.2884222207400188,true,true
EFNB1,-0.4804165363311768,-0.4045796492588071,true,true
EFNB2,0.134528711438179,-0.6165292102826893,false,true
EFR3A,0.0470105414944035,0.2733017154451076,true,true
EFR3B,0.15107361972332,0.1152371031683676,true,true
EFS,0.1086834631860256,0.0978413286894752,true,true
EFTUD2,-0.0770949777215719,-0.3720955049520693,true,true
EGF,-0.0868968218564987,0.1953554335541944,false,true
EGFL7,0.141055628657341,-0.101068760725842,false,true
EGFL8,0.0833092688117176,0.0190495688536653,true,true
EGFLAM,0.0398124456405639,0.4082192141432998,true,true
EGFR,-0.0953506305813789,0.7220448511958155,false,true
EGLN1,-0.07208299341922,-0.1443882034975985,true,true
EGLN2,-0.0928782883565872,-0.4559203303691825,true,true
EGLN3,-0.405146837234497,0.14623127227122,false,true
EGR1,0.2431263923645019,-0.4726914589669308,false,true
EGR2,0.4004244804382324,-0.713559007586136,false,true
EGR3,0.1774342358112335,-0.5694144289649417,false,true
EHBP1,0.0366244916138904,0.1645942177645243,true,true
EHBP1L1,0.1846219989432332,-0.2807742037592913,false,true
EHD1,0.0083272855728864,-0.6953535524916332,false,true
EHD2,-0.0103764899075031,-0.2619752118601508,true,true
EHD3,0.1834910809993743,0.3208623205305012,true,true
EHD4,0.0811667568050324,-0.4746722632274513,false,true
EHHADH,0.0409098602831363,0.694334398938452,true,true
EHMT1,0.0101700627378055,0.0529138257355064,true,true
EHMT2,0.2090686678886413,0.0342121459254904,true,true
EI24,-0.0898949850350618,-0.3571896217955945,true,true
EID1,-0.1041322037577629,0.3932576221500081,false,true
EID2,0.0474880784749984,-0.2038236721058757,false,true
EID2B,-0.0008511152118444,0.4785393640282996,false,true
EIF1,-0.1096071262976953,0.2845233924391488,false,true
EIF1AD,-0.07870315015316,-0.2884497510588488,true,true
EIF1AX,-0.2468211144208908,-0.5338531005415934,true,true
EIF1AY,0.132980465888977,3.178744106588363,true,true
EIF1B,-0.1215549185872077,0.4903009808144362,false,true
EIF2A,-0.1367878646900256,0.0255150666100041,false,true
EIF2AK1,-0.0143166536465287,0.0387689993822695,false,true
EIF2AK2,0.189617243196283,0.0342023525389332,true,true
EIF2AK3,-0.1043721388227173,-0.1610774367373215,true,true
EIF2AK4,0.0553048900328576,0.0085272527276516,true,true
EIF2B1,0.0371809450909495,-0.0612688815795272,false,true
EIF2B2,-0.0792694601695984,-0.1637748788138715,true,true
EIF2B3,0.0666796738015753,0.0161967185508986,true,true
EIF2B4,-0.0532296426594257,-0.3694820768262734,true,true
EIF2B5,-0.0355502791702747,-0.2014369983491697,true,true
EIF2D,0.0116538189351558,0.5866607841271696,true,true
EIF2S1,-0.1178817510604858,-0.3701208862437868,true,true
EIF2S2,-0.1739923891921838,-0.4120254503196059,true,true
EIF2S3,-0.0506287853543957,-0.153841949443052,true,true
EIF3A,-0.1130740091736827,0.0757478961416584,false,true
EIF3B,-0.1463130906534691,-0.4055120160276519,true,true
EIF3C,0.2023186385631561,0.3547447681233533,true,true
EIF3CL,-0.0371777825057506,0.0537688802742508,false,true
EIF3D,-0.0486164573580026,-0.151689429575951,true,true
EIF3E,-0.0932595024683645,0.1601397970772637,false,true
EIF3F,-0.0053253950551152,-0.1905527473509631,true,true
EIF3G,-0.0223817690275609,-0.0116069149625941,true,true
EIF3H,-0.1517668164202145,0.1995711688180454,false,true
EIF3I,-0.0943612828850746,-0.4961621507429914,true,true
EIF3J,-0.1129651659478743,-0.2631072774766023,true,true
EIF3K,-0.0735705789993517,0.2290945782383246,false,true
EIF3L,-0.047380743920803,-0.0437287236648038,true,true
EIF3M,-0.1071641400456428,-0.2080071190470187,true,true
EIF4A1,-0.2125374497845768,-1.058240957758913,true,true
EIF4A2,-0.0491501028383416,0.735021692511073,false,true
EIF4A3,-0.1462675251066684,-0.1742951373136905,true,true
EIF4B,-0.0738484465650149,0.3958267757269498,false,true
EIF4E,-0.0764750775748065,-0.2182717890359957,true,true
EIF4E2,-0.0231508590901891,-0.2405075678483665,true,true
EIF4E3,0.0499669527028648,0.0398184123113214,true,true
EIF4EBP1,-0.1576590624948342,-0.4284539616887443,true,true
EIF4EBP2,-0.0773066029883921,0.1225651507821101,false,true
EIF4EBP3,0.1970969289541244,1.869111346699653,true,true
EIF4ENIF1,-0.0268031060695648,0.261288620275407,false,true
EIF4G1,-0.1853615239262581,-0.5305659010044649,true,true
EIF4G2,-0.0127624694723635,-0.0793941327847909,true,true
EIF4G3,-0.0898693730788571,0.1777022093924509,false,true
EIF4H,-0.1416915029287338,0.0210005474096615,false,true
EIF5,-0.0573275815030293,-0.0744716576807089,true,true
EIF5A,-0.21392003595829,-0.7448869608483983,true,true
EIF5A2,-0.0069827251136302,0.1322842307985752,false,true
EIF5B,-0.0967126015041555,0.0287304939373727,false,true
EIF6,-0.1086213188245892,0.5858328096737303,false,true
ELAC1,-0.00003437325358390808,0.1691336984775604,false,true
ELAC2,0.0038438383489847,-0.0743783021624437,false,true
ELANE,-1.132719993591309,-0.3356615628401113,true,true
ELAVL1,-0.0105595274030097,-0.1318715100578025,true,true
ELAVL3,-0.2741525471210479,-0.0401469247427464,true,true
ELF1,-0.1974845874522413,0.3160731649369918,false,true
ELF2,-0.1421474871624793,0.1040807452733814,false,true
ELF4,-0.1922225505113601,-0.6644006245951422,true,true
ELFN1,-0.0586674436926841,-0.2535456074525994,true,true
ELK1,-0.1696551839510599,-0.4552718814637857,true,true
ELK3,0.1668454706668853,-0.4230390216246093,false,true
ELK4,0.0545827304207099,-0.2248078164674063,false,true
ELL,-0.1255795750766992,-0.0975810028370824,true,true
ELL2,-0.532203309237957,-4.167734662705779,true,true
ELMO1,-0.0597030293196439,0.4351738112334531,false,true
ELMO2,0.0057461485266685,0.0381607069676341,true,true
ELMO3,0.1153217777609825,-0.0946777258768061,false,true
ELMOD1,0.1464837491512298,0.0727063485647917,true,true
ELMOD2,0.0574514955282211,0.2457080217961826,true,true
ELMOD3,0.0082050350320059,0.2586622511227227,true,true
ELMSAN1,0.1086348869970866,-0.0836022766038575,false,true
ELN,-0.3722251951694488,0.5118130425239853,false,true
ELOF1,0.0537391575053334,-0.2233807328144599,false,true
ELOVL1,-0.0378025099635124,-0.8199747881068346,true,true
ELOVL2,0.0737339258193969,-0.6146364771795843,false,true
ELOVL4,0.2208774685859679,-0.0551549020322868,false,true
ELOVL5,-0.1335941703457917,-0.464788788667835,true,true
ELOVL6,0.0973594598945055,-0.818292888370406,false,true
ELOVL7,-0.1254446357488632,0.0028893130982169,false,true
ELP2,0.0793015616280692,0.262590533943281,true,true
ELP3,-0.0380153996603829,0.1514932655077636,false,true
ELP4,0.054651739341872,0.3096829848209372,true,true
ELP5,0.0223746374249458,0.2166576789377305,true,true
ELP6,-0.0302260558120906,0.0636906710642204,false,true
EMB,-0.0886055966839194,-0.0739141361867603,true,true
EMC1,-0.0993693761527538,-0.0316763382984337,true,true
EMC10,0.1679205745458602,-0.0397612391697412,false,true
EMC2,0.020187499312063,0.2440020538591083,true,true
EMC3,-0.0772544307013352,-0.2192007855968283,true,true
EMC4,-0.1020296737551689,-0.179077550689918,true,true
EMC6,-0.1817317366600036,-0.3665814762188004,true,true
EMC7,-0.1507458224892616,-0.4901423207171999,true,true
EMC8,-0.0339634250849485,-0.2712551512424634,true,true
EMC9,0.077357782361408,0.0465729580591642,true,true
EMCN,0.0065993778407573,-0.343117592786954,false,true
EMD,-0.1468160182237625,-0.0751864373032811,true,true
EME2,-0.004979345947504,0.0538335219644874,false,true
EMG1,-0.2778684467077255,-0.2152246302708116,true,true
EMID1,0.2262843325734138,-0.079576503084212,false,true
EMILIN1,-0.2191247381269932,-1.621945170800392,true,true
EMILIN2,-0.1980527639389038,-0.5391221947248384,true,true
EMILIN3,0.3162331581115722,1.228008323400851,true,true
EML1,-0.2362402826547622,-0.1035774033744107,true,true
EML2,0.1346118763089179,0.4040643984861569,true,true
EML3,-0.0160020375624299,-0.3905136229206376,true,true
EML4,0.1109117298786129,-0.2802074796933768,false,true
EML5,0.067280676215887,0.0343636107511115,true,true
EML6,0.0293874469934962,0.0539927823789179,true,true
EMP1,-0.264737835774819,-0.2164297642702939,true,true
EMP2,-0.0702448797722657,-0.274092421665105,true,true
EMP3,-0.1349746346473693,-1.230760423483558,true,true
ENAH,0.0630584578961133,0.4581698485691294,true,true
ENAM,-0.0019424632191658,1.061665408903882,false,true
ENC1,0.0700475424528121,-0.124514768023547,false,true
ENDOD1,-0.1253642439842224,-0.0328828658296163,true,true
ENDOG,-0.0279222503304481,-0.0403137346915505,true,true
ENDOV,0.1222326129674911,-0.1622529302045361,false,true
ENG,-0.2598405182361602,-0.3493595830813767,true,true
ENGASE,0.0732471901923417,0.3488735038442789,true,true
ENKD1,0.053962368518114,-0.1838039072681139,false,true
ENO1,-0.3709988087415695,-1.200023015182479,true,true
ENO2,0.1629018299281597,0.2334905919842245,true,true
ENO3,0.2431052774190902,0.0664447484055266,true,true
ENOPH1,0.0048995901830494,-0.1548830966884757,false,true
ENOSF1,-0.0286189092855368,0.3681607205233943,false,true
ENOX1,0.1067893579602241,0.4143705025262201,true,true
ENOX2,-0.0655324206288371,0.102627375548717,false,true
ENPEP,-0.2859221920371055,-0.1940033514332575,true,true
ENPP1,0.477967768907547,0.3096248103469103,true,true
ENPP2,0.4587629735469818,-0.107812382205743,false,true
ENPP3,0.1661282014877845,0.0188320589189075,true,true
ENPP4,-0.2920629481474558,-0.41158384288246,true,true
ENPP5,0.0085209077224135,0.5342689743932542,true,true
ENPP6,0.0278073102235794,-0.0048680685117924,false,true
ENSA,0.0120153216911213,0.0902075852703827,true,true
ENTPD1,0.0040813256055116,0.1882999776726466,true,true
ENTPD2,-0.203238621354103,0.1140788673009471,false,true
ENTPD4,-0.0576623730095369,-0.0475473886399999,true,true
ENTPD5,0.0437620840966701,0.1229681329057281,true,true
ENTPD6,-0.0435348261147737,-0.0766725706222564,true,true
ENTPD7,-0.1297951014712452,-0.3964216145046037,true,true
ENY2,-0.11916807256639,-0.1844261872225967,true,true
EOGT,-0.090095551063617,0.3048701854938045,false,true
EP300,0.0363465920090675,-0.0591901637139793,false,true
EP400,0.0785602500130023,0.1361473903806125,true,true
EPAS1,-0.1891459971666336,0.0316766910935655,false,true
EPB41,-0.0767887011170387,0.2723550479980088,false,true
EPB41L1,0.3424728475511074,0.3519918941227953,true,true
EPB41L2,0.1417094407869236,0.7065012610221526,true,true
EPB41L3,-0.3195725083351135,-0.7482874201334825,true,true
EPB41L4A,-0.0305610541254282,-0.1011581792788245,true,true
EPB41L4B,0.024974400177598,0.2907302386185735,true,true
EPB41L5,-0.1024405968685944,0.679203598174578,false,true
EPB42,0.0043648392893373,0.0162771033931708,true,true
EPC1,0.0137566048319318,0.418446267518846,true,true
EPC2,0.0016023125499486,1.389541844589012,true,true
EPCAM,0.084463857114315,0.0049776597872717,true,true
EPDR1,0.328071338435014,0.1316385219730147,true,true
EPG5,0.0436831172555684,0.2410142357209661,true,true
EPHA1,-0.0193260591477155,-0.0131630398170463,true,true
EPHA2,-0.0245089847594499,-0.9142281830141478,true,true
EPHA3,0.1748609438538551,0.4117939112406321,true,true
EPHA4,-0.3164236843585968,0.404489143138508,false,true
EPHA5,0.1846076548099517,0.057586897398354,true,true
EPHA6,-0.2976996004581451,0.1410434295444769,false,true
EPHA7,0.2641374170780181,0.4930282567727928,true,true
EPHB1,-0.0745553374290466,-0.0401581894584592,true,true
EPHB2,0.2841352820396423,-0.6293963905629855,false,true
EPHB4,-0.1416737288236618,-0.6315649869954396,true,true
EPHB6,-0.3091787695884704,-0.0862135056230597,true,true
EPHX1,0.0137471992522478,0.1829514789337007,true,true
EPHX2,0.1457613110542297,1.542364189478348,true,true
EPM2A,-0.1156767979264259,0.3777733750714791,false,true
EPM2AIP1,-0.1535131186246871,0.618567257724401,false,true
EPN1,-0.0007686674594879,-0.3574768048888792,true,true
EPN2,0.0041544918591777,0.0020088647475269,true,true
EPN3,-0.0090686911717057,0.10745817837486,false,true
EPOR,-0.0865180557593703,-0.0864545116477819,true,true
EPRS,0.0025877146748825,0.0404965096344982,true,true
EPS15,0.0166744323713438,-0.4405067304024257,false,true
EPS15L1,0.0096031070819922,0.4537984911030097,true,true
EPS8,-0.0668259859085083,0.035470592542603,false,true
EPS8L2,0.0619686730206012,0.1002215220443761,true,true
EPSTI1,0.3154965817928314,-0.1266671930500487,false,true
ERAL1,-0.0669265948235988,-0.0244164137138342,true,true
ERAP1,-0.19192771507161,-3.866262566357078,true,true
ERAP2,-0.0178842488676309,-0.2717169237149557,true,true
ERBB2,0.0131593523547053,-0.3731845869613588,false,true
ERBB3,0.0220524612814188,0.0472081710370586,true,true
ERBB4,0.0071580549702048,0.7966801174751156,true,true
ERC1,-0.0522251123828547,0.2318479737155319,false,true
ERC2,0.2934030890464782,0.1254469843234116,true,true
ERCC1,-0.057974736392498,-0.1115314955532404,true,true
ERCC2,0.162821444372336,0.0367530119314198,true,true
ERCC3,0.0811794012784957,-0.039210030381735,false,true
ERCC4,0.0600922677665948,0.3088849025869564,true,true
ERCC5,0.0575356362387537,-0.0685583234294582,false,true
ERCC6,0.1266133325795332,0.3881619984991715,true,true
ERCC6L,-0.2265381775796413,-0.1109322559887382,true,true
ERCC6L2,0.0413916502147912,0.4474792796622861,true,true
ERCC8,0.0103589602125187,0.1956260502657429,true,true
ERF,0.0150483138859272,-0.1401493821599761,false,true
ERG,-0.0882736071944236,-0.1891005221155563,true,true
ERGIC1,0.0115275361708232,-0.1014350471757117,false,true
ERGIC2,-0.0316932635780955,-0.316447958632847,true,true
ERGIC3,0.0079025130951777,-0.059621160684208,false,true
ERH,-0.2125449329614639,-0.0261829920031999,true,true
ERI1,-0.0087258148938417,-0.3017927797661794,true,true
ERI2,-0.5823971033096313,0.3801652955767156,false,true
ERI3,0.0697053398471325,-0.0982370419706368,false,true
ERICH1,0.0381390702511583,0.112649075104378,true,true
ERLEC1,-0.0086311516351997,-0.0208582937265235,true,true
ERLIN1,-0.0733198419213294,-0.1413818629553194,true,true
ERLIN2,0.1841359337170918,0.3170506171624736,true,true
ERMAP,0.0302102543413639,0.2570182972940009,true,true
ERMARD,0.1097807206213474,0.3067401785690639,true,true
ERMP1,-0.0194830419495701,0.364251154284394,false,true
ERN1,-0.260088562965393,0.2774017168569205,false,true
ERP29,0.0163569804280996,0.1402067180476622,true,true
ERP44,-0.0459354231134056,-0.2056123786026948,true,true
ERRFI1,-0.5953652262687683,0.1184127388265796,false,true
ERV3-1,-0.0183844242244958,0.11573447805587,false,true
ERVK3-1,-0.1132844410836696,-0.2607699899931748,true,true
ERVMER34-1,-0.0102138696238398,0.4082370386059583,false,true
ERVW-1,-0.0694923251867294,0.0024514287471275,false,true
ESAM,0.010725051164627,-0.4436485337495428,false,true
ESCO1,0.0191741952938692,0.1786674845607296,true,true
ESD,0.0197621448120723,0.0177154606179357,true,true
ESF1,-0.0537157617509365,0.0933379233591837,false,true
ESPL1,0.0050044259987771,-0.2588082443781642,false,true
ESR1,0.6311602592468261,0.3225839130332982,true,true
ESR2,-0.2061791351685921,0.1050841317477088,false,true
ESRRA,-0.2286470532417297,-0.3321005616070893,true,true
ESRRB,-0.1279627829790115,0.2739958570307212,false,true
ESRRG,-0.0563281290233135,-0.1008520846016587,true,true
ESYT1,0.0362065848894417,0.0042038154571621,true,true
ESYT2,-0.0707181511180741,0.2299525052089421,false,true
ESYT3,0.0936557576060295,0.1312886059409836,true,true
ETAA1,0.0082332943566143,-0.1065970480052649,false,true
ETF1,-0.2452315725386142,-0.3859268568557441,true,true
ETFA,-0.0961805820864226,0.1915026914422286,false,true
ETFB,-0.1615895181894302,0.2784760500016343,false,true
ETFDH,-0.2087824344635009,0.3734483991425197,false,true
ETHE1,-0.0594004644663073,-0.2483270550965914,true,true
ETNK1,-0.0572305750767035,-0.1618825389552811,true,true
ETNPPL,-0.2383665591478348,-1.358994732189849,true,true
ETS1,-0.2959584593772888,-0.3276958334869277,true,true
ETS2,-0.2352080047130584,-1.110213697757303,true,true
ETV1,0.3263149261474609,0.2758944256396267,true,true
ETV3,-0.0121504343580454,0.0384588116525868,false,true
ETV4,-0.0486847711727023,-0.0309034531739631,true,true
ETV5,0.0859471186995506,-0.1913199264315301,false,true
ETV6,0.0503356343667422,-0.5814701193059983,false,true
EVA1A,0.1491074711084365,-0.6432118096167706,false,true
EVA1B,-0.0151170985773205,-0.6832475569089719,true,true
EVA1C,-0.2087892006550516,-0.2925553784644585,true,true
EVC,0.2430615524450937,0.5499710838002445,true,true
EVC2,-0.0866941213607788,0.1120429472265528,false,true
EVI2A,-0.1574612855911254,-0.6159611984990963,true,true
EVI2B,-0.183811068534851,-0.5595528034698626,true,true
EVI5,-0.0466235276710774,0.3264773758206436,false,true
EVI5L,0.0530387513339519,-0.2956218876085601,false,true
EVL,0.2318738869258336,0.4886469910164774,true,true
EWSR1,-0.043978878829096,-0.3352633195147083,true,true
EXD2,0.0344328811392188,-0.1057039596240736,false,true
EXD3,0.1530674705281853,0.1154280017297888,true,true
EXO5,0.097875278443098,-0.031170641775482,false,true
EXOC1,0.0569540222308465,0.0910487293293438,true,true
EXOC2,0.1010399849287101,0.109377020815093,true,true
EXOC3,0.0515139356255531,-0.1197516986883178,false,true
EXOC3L1,0.0981605052947998,-0.2503688709841949,false,true
EXOC3L2,0.2365567684173584,-0.1299234781757221,false,true
EXOC3L4,0.3331256806850433,-0.0490078413005601,false,true
EXOC4,-0.0317100337041275,0.0839384454092195,false,true
EXOC5,0.0450325821626133,-0.1533131149178306,false,true
EXOC6,0.1148724774164812,0.0064153696893711,true,true
EXOC6B,0.2239405065774917,-5.139907341766344,false,true
EXOC7,0.1604612186551094,0.1194337603375172,true,true
EXOC8,-0.2580547109246254,0.0901012562020051,false,true
EXOG,0.0243128202855587,0.8978722470761897,true,true
EXOSC1,-0.0256530717015266,-0.0602521077707258,true,true
EXOSC10,0.0466537980362772,-0.1197123747936101,false,true
EXOSC2,-0.1016130265779793,-0.0284038615611006,true,true
EXOSC3,-0.0224745973944663,0.0166605115785776,false,true
EXOSC4,0.0282167032128199,-0.423444102590671,false,true
EXOSC5,-0.0635357089340686,-0.0065849805412119,true,true
EXOSC6,-0.1321894796565175,-0.0472907291989774,true,true
EXOSC7,-0.0590668447315692,0.0840250703697673,false,true
EXOSC8,-0.0469035509973764,-0.2081833982099117,true,true
EXOSC9,-0.0383859783411025,-0.1427842882370296,true,true
EXPH5,-0.4629919528961181,0.0917164076278818,false,true
EXT1,0.0318928158708981,0.4206756877129889,true,true
EXT2,0.0561257374162475,-0.1320692812646124,false,true
EXTL1,0.0801220461726188,0.500400645682802,true,true
EXTL2,0.0717933796346187,0.1963318711346531,true,true
EXTL3,0.1537330150604248,0.0572169237374429,true,true
EYA1,-0.0165291856974363,0.6686946042298789,false,true
EYA2,0.5873212814331054,0.070953504327771,true,true
EYA3,-0.0137526596996134,0.2255335512067069,false,true
EYA4,-0.1974719762802124,-0.191742854117304,true,true
EYS,-0.2899259328842163,0.0477633171202318,false,true
EZH1,0.0260166111568521,0.6761516905712166,true,true
EZH2,-0.0772150928154587,-0.27427547881746,true,true
EZR,-0.2221977795873369,-0.3092307101850648,true,true
F10,-0.0084339380264282,0.4918092319781253,false,true
F13A1,-0.0271899756044149,-0.9348310559571572,true,true
F2R,0.2928589284420013,0.4458558688326084,true,true
F2RL1,-0.0066414568573236,-0.7384351491147616,true,true
F2RL3,-0.2949081659317016,0.4322342682873301,false,true
F3,0.288992166519165,1.01035272598267,true,true
F5,-0.4975813627243042,0.3573302203152815,false,true
F8,-0.4533842504024505,0.1978083956295355,false,true
FAAH,-0.1736721843481063,0.03123677364658,false,true
FABP3,-0.1298529505729675,-10.57092252907584,true,true
FABP4,-0.3044743239879608,-0.1422818755213253,true,true
FABP5,-0.3421967923641204,0.1192931825732308,false,true
FABP6,-0.1188231855630874,0.1763577665739273,false,true
FADD,-0.0761769115924835,-0.4263669767476856,true,true
FADS1,-0.006681589782238,-0.7270874208692075,true,true
FADS2,0.178380499780178,-0.5245774467136032,false,true
FADS3,-0.1469469308853149,-1.029191782761613,true,true
FAF1,-0.0339096190436976,0.0272049268462613,false,true
FAF2,-0.0616360832313408,-0.1824795192106969,true,true
FAH,-0.6075077652931213,0.2622089949921719,false,true
FAHD1,-0.0006006732583045,-0.4234834682529311,true,true
FAHD2A,0.0340708531439304,0.2610865102779476,true,true
FAHD2B,-0.0133779477328062,0.5800707323857272,false,true
FAIM,0.0692205913364887,0.0584292181661065,true,true
FAIM2,-0.2834820747375488,-0.2410228894863892,true,true
FAM102A,-0.0168084744364023,0.2331835284677399,false,true
FAM102B,0.1671201648811499,-0.2676250024201394,false,true
FAM104A,-0.0911511577665806,-0.1591457664135922,true,true
FAM104B,0.0343429560307413,0.0961259942425396,true,true
FAM106A,0.1244641790787379,0.2570789644517342,true,true
FAM107A,-0.343915045261383,0.6540110019627603,false,true
FAM107B,0.1372964956930705,-0.427466783774657,false,true
FAM110A,0.1370696276426315,-0.35048184996583,false,true
FAM110B,0.1301395803689956,0.5341768849369517,true,true
FAM110C,0.0423423796892166,0.3246210146720712,true,true
FAM110D,-0.2767941057682037,-0.6299529246461197,true,true
FAM111A,0.1903530187904834,0.0225803438876668,true,true
FAM114A1,0.1281002014875412,-0.4478097945904848,false,true
FAM114A2,0.0177629709243774,-0.0244629558980755,false,true
FAM117A,0.0243678887685139,0.3507505833340161,true,true
FAM117B,0.1809819921230276,0.4069478810003306,true,true
FAM118A,0.1362713612616062,0.1269469741895434,true,true
FAM118B,-0.0426750001497566,-0.2508014177960831,true,true
FAM120A,0.0143428589882595,-0.1058880302772706,false,true
FAM120AOS,0.0137191779911518,0.1251086393122262,true,true
FAM120B,0.0598465536854096,0.6002092313529074,true,true
FAM120C,0.0318491622805595,0.2215511754449803,true,true
FAM122B,-0.0304511379450559,0.2761187840197392,false,true
FAM122C,-0.0115659072995185,0.0234880760710025,false,true
FAM124A,0.1174942255020141,-0.0331896389764925,false,true
FAM124B,0.1934169977903366,0.1256116060803926,true,true
FAM126A,0.0559158000562872,0.0761249344199899,true,true
FAM126B,-0.0419191374842609,-0.0513666154721663,true,true
FAM129A,0.0950030306620257,-6.855222504626006,false,true
FAM129B,-0.1668904392669598,-0.9681133725514264,true,true
FAM131A,-0.0664954602718353,0.0643357730821816,false,true
FAM133A,0.2163626104593277,0.1345405396034142,true,true
FAM133B,-0.0121289208597902,0.4547075896346537,false,true
FAM135A,0.0001217173412442,0.0010931089604739,true,true
FAM135B,0.0445821061730384,0.0801305292935199,true,true
FAM136A,-0.0256912397841612,-0.0771547125149201,true,true
FAM13A,0.0915701044723391,0.6586612685936813,true,true
FAM13B,0.0410440337977239,-0.0899251231387667,false,true
FAM13C,-0.1311338245868682,0.6960001760331577,false,true
FAM149A,0.2069546207785606,0.4763033734432791,true,true
FAM149B1,0.0978959879527489,0.4049549678315447,true,true
FAM151A,0.0062899403274059,-0.2559529111765758,false,true
FAM151B,0.1254237308166921,-0.0469446012573864,false,true
FAM153A,-0.0546426363289356,0.2663102547165457,false,true
FAM153B,-0.008346626535058,0.0750706611841291,false,true
FAM155A,0.1661068946123123,0.104647567658252,true,true
FAM155B,-0.1921039521694183,1.04189911262025,false,true
FAM156A,0.092785558104515,0.023547819138627,true,true
FAM160A1,-0.2578181326389312,0.0673669344603511,false,true
FAM160A2,0.0476273987442255,0.0181286674814087,true,true
FAM160B1,-0.0130393356084823,0.1623057778969809,false,true
FAM160B2,0.0354339679703116,-0.0629566796048148,false,true
FAM161A,-0.0097985677421092,0.3000538069891614,false,true
FAM161B,0.0345481373369693,0.1937192105003426,true,true
FAM162A,-0.009125005826354,0.430927335156638,false,true
FAM162B,0.1023096665740013,0.1253214618853506,true,true
FAM163A,-0.5116000771522522,-0.0095913109266951,true,true
FAM168A,0.0815614275634288,0.0001600642246324,true,true
FAM168B,-0.0364838394868586,-0.0461661830411124,true,true
FAM169A,0.1637008786201477,0.5823218215362939,true,true
FAM169B,0.1098813638091087,0.0011295727893558,true,true
FAM171A1,0.040486354380846,-0.2121732181573858,false,true
FAM171B,0.0559371002018451,-0.0393424370710164,false,true
FAM172A,0.0060923392551817,0.1271054474042885,true,true
FAM174A,-0.062982459552586,-0.0778601749541083,true,true
FAM174B,0.1211632058024406,0.3329170841869859,true,true
FAM177A1,-0.1225495852995664,-0.2103774441381602,true,true
FAM178B,-0.003745443187654,-0.0031329653780542,true,true
FAM180A,0.0496494844555854,0.9808685676442715,true,true
FAM182B,0.1089670099318027,0.0826779964120146,true,true
FAM184A,-0.1098169432953,0.1531930864095965,false,true
FAM184B,-0.138046296685934,0.0017904425442626,false,true
FAM185A,0.0864498810842633,0.3658990616660684,true,true
FAM186A,0.1751726518074671,0.0029511126592653,true,true
FAM186B,-0.041528852423653,0.0765959024807187,false,true
FAM189A2,0.2487772852182388,-0.0320746313671205,false,true
FAM189B,0.1116073057055473,-0.2325389992112639,false,true
FAM192A,-0.0387391949604664,0.0532015040637325,false,true
FAM193A,0.0197643254983371,0.1208817030320781,true,true
FAM193B,0.0809151104518345,0.0651734621745072,true,true
FAM199X,-0.001830331236124,-0.0525632230038826,true,true
FAM200A,-0.0724034789949655,0.096584737357781,false,true
FAM200B,-0.0355855710804462,0.1129905234524779,false,true
FAM204A,0.0380076481029391,0.1146545471080826,true,true
FAM206A,0.0005381349474191,0.1461298857131536,true,true
FAM207A,-0.078773234039545,-0.1655816613928147,true,true
FAM20A,0.1085350885987281,-1.111357146727484,false,true
FAM20B,-0.0639589195585964,-0.0878203745305228,true,true
FAM20C,-0.017608460659782,-0.5196514906720315,true,true
FAM210A,-0.1001350358128547,0.4173210247713039,false,true
FAM210B,-0.1327182035893201,0.0415941236537351,false,true
FAM214A,-0.0079090573957988,0.6940342816730349,false,true
FAM214B,0.0144781451672315,-0.370802989444261,false,true
FAM216A,-0.1089226819574832,0.0974179070640304,false,true
FAM217B,0.0363894917070865,0.3730531584972771,true,true
FAM218A,0.0006421618745662,0.1305604959718992,true,true
FAM219A,0.0301734792689482,-0.1755199128267683,false,true
FAM219B,-0.0481340455822646,0.1176340029211218,false,true
FAM220A,-0.0152149721980094,-0.1300443236551882,true,true
FAM221A,-0.1735809985548257,0.067472321407282,false,true
FAM221B,0.1171541512012481,0.0158618145840772,true,true
FAM222A,-0.1289113163948059,-0.8665137582818838,true,true
FAM222B,0.0505249572119542,-0.3664183793980004,false,true
FAM227A,0.0566281415522098,0.0018390881474862,true,true
FAM227B,0.0198853947222232,0.4004546930014418,true,true
FAM228A,-0.0527959242463111,-0.0563489818776617,true,true
FAM228B,0.0829016350741897,0.7978004016859672,true,true
FAM229A,-0.0769601687788963,0.1729720238620529,false,true
FAM229B,-0.0177829420814911,0.3534293672663189,false,true
FAM32A,0.0741285365074872,-0.222374245251431,false,true
FAM3A,-0.0156837320886552,-0.1448492408303905,true,true
FAM3C,-0.0466583808107922,-0.1495482139981879,true,true
FAM43A,0.1720626652240753,-1.409842957564326,false,true
FAM45A,0.1133294571191072,0.0787033746803322,true,true
FAM47E-STBD1,0.0729148909449577,-0.3481297013369015,false,true
FAM49A,-0.0158151444047689,-0.0003205778511792,true,true
FAM49B,-0.0317615419626235,-0.5592084259696363,true,true
FAM50A,-0.0175079502165317,-0.4538107675761833,true,true
FAM50B,0.2145287245512008,0.4438875657489362,true,true
FAM53A,-0.0194495692849159,-0.2532670615340298,true,true
FAM53B,0.0870522128534503,0.2208855632335331,true,true
FAM53C,-0.0087782284710556,-0.016671793958729,true,true
FAM71F2,-0.0496373064815998,0.2581017855079319,false,true
FAM76A,0.0535100575536489,-0.0248422739272209,false,true
FAM76B,0.0314818145707249,0.0404086239767234,true,true
FAM78A,0.1215346772223711,-0.2418182140989708,false,true
FAM78B,0.2250529527664184,-0.1337836539340338,false,true
FAM81A,0.2259154021739959,-0.0014718660977248,false,true
FAM81B,-0.0151905883103609,0.1422901192481234,false,true
FAM83B,-0.2956136167049408,0.1196403274841376,false,true
FAM83F,-0.1754491776227951,-0.0494051041306058,true,true
FAM84B,-0.0919661670923233,0.0564411340897517,false,true
FAM86C1,0.1532617509365081,-0.0900872584858027,false,true
FAM89A,-0.193954974412918,-0.3771297083345823,true,true
FAM89B,0.057509995996952,-0.4793064237219266,false,true
FAM8A1,-0.0222199410200118,0.0790558340839786,false,true
FAM91A1,-0.036875959086631,0.0696995681427809,false,true
FAM98A,-0.0819741213927045,0.0481838510125154,false,true
FAM98B,0.0227416982874274,0.3039586734518682,true,true
FAM98C,0.2163643613457679,0.1211467786658277,true,true
FAN1,-0.0216259643435478,0.248718093161254,false,true
FANCA,-0.0724368707742542,-0.4114679849463716,true,true
FANCB,-0.0102892126888036,-0.1469851713092789,true,true
FANCC,-0.1097593950883795,-0.1975547067133439,true,true
FANCD2,-0.1294893924884187,-0.2061094136462953,true,true
FANCE,0.0704628601670265,-0.0868283467140777,false,true
FANCF,-0.003262820187956,-0.1914253054600163,true,true
FANCI,-0.2418325871229171,-0.5749922082906072,true,true
FANCL,0.1233331425658737,0.2899073030395005,true,true
FANCM,0.0341181848198175,0.1724024893191489,true,true
FANK1,0.1315465047955513,0.2293741813927044,true,true
FAP,1.049021244049072,-0.4131800080124903,false,true
FAR1,0.0479329856378691,0.0117724681184157,true,true
FAR2,-0.0822611904392639,-0.4670270512281309,true,true
FARP1,0.2303930887331565,0.0049495315896441,true,true
FARP2,0.0069163887140651,0.0305334567967805,true,true
FARS2,0.0396329976086105,0.1735966212318804,true,true
FARSA,-0.0876827415078878,-0.3105927789207467,true,true
FARSB,-0.1216149502045785,-0.2959771711340999,true,true
FAS,-0.0209866520017385,-0.4218384912032049,true,true
FASN,-0.1262666154652833,-0.6260961922045607,true,true
FASTK,0.0715913958847522,0.0041900714145604,true,true
FASTKD1,0.084069937467575,0.4521125958110054,true,true
FASTKD2,-0.0364466563720876,0.0415387320932385,false,true
FASTKD3,0.0155889687594026,0.0846461761137697,true,true
FAT1,0.162698502652347,0.4857734826516937,true,true
FAT3,0.1835425049066543,0.5868447469903357,true,true
FAT4,0.0388681627810001,0.1713371928982838,true,true
FAU,-0.128338327165693,0.0481833380253187,false,true
FAXDC2,0.150072785715262,1.337858779488309,true,true
FBF1,0.1967888288199901,0.2541438088629636,true,true
FBL,-0.1066534450122465,-0.2318233181963598,true,true
FBLIM1,-0.2707755714654922,-0.4541563187250421,true,true
FBLN1,0.3136928975582122,0.6661729875724766,true,true
FBLN2,-0.1559731215238571,0.4598484615850155,false,true
FBLN5,-0.2890907526016235,0.533770155170036,false,true
FBN1,-0.1069152429699897,-0.1873123025751812,true,true
FBN2,-0.0118343699723482,-0.0863915974631286,true,true
FBN3,-0.0141389705240726,0.0136527958071582,false,true
FBP1,-0.1454525589942932,-0.6882374889968955,true,true
FBRS,0.0781905641779303,-0.328741363815157,false,true
FBRSL1,-0.0030008625860015,-0.2707950942025698,true,true
FBXL12,-0.0513274863362312,0.0168967700868987,false,true
FBXL13,-0.0243122105797131,0.0256282404069199,false,true
FBXL14,0.0094487782567739,-0.1785995629569827,false,true
FBXL15,-0.0074385400861501,-0.2274776986481426,true,true
FBXL16,-0.0656689777970314,0.0326602978616807,false,true
FBXL17,-0.0088318117362047,0.1945736846132311,false,true
FBXL18,0.037392746284604,-0.1234191241764637,false,true
FBXL19,0.0766564559191465,-0.2802069770275152,false,true
FBXL2,-0.0281509891152381,0.3332704604766204,false,true
FBXL20,0.1065283119678497,0.4012408799171587,true,true
FBXL22,0.2932221591472625,0.9574560022346796,true,true
FBXL3,-0.0641267975526196,0.0788618469841768,false,true
FBXL4,0.0666019905890737,0.220944594536617,true,true
FBXL5,-0.0095758219914776,-0.0630883268565849,true,true
FBXL6,0.0979110971093177,-0.2484219102328295,false,true
FBXL7,0.0483365440741181,0.172544499580844,true,true
FBXL8,-0.1366641614586114,-0.1405817385160101,true,true
FBXO10,0.0008087955415248,0.0482210105446092,true,true
FBXO11,0.0175967231126768,-0.1216303587594724,false,true
FBXO16,0.3732407689094543,0.1608294504558478,true,true
FBXO17,0.1385266687721014,0.0751195652203774,true,true
FBXO21,-0.0012758048833347,0.4990234692005977,false,true
FBXO22,0.0452563315629959,-0.0180173226814277,false,true
FBXO24,0.1042671110481023,0.068950852447478,true,true
FBXO25,0.0180365685373544,0.1880187609232808,true,true
FBXO27,0.2166554182767868,0.3264820455120229,true,true
FBXO28,-0.0156792448833584,-0.0519061881087847,true,true
FBXO3,0.03286265861243,0.5469594700762749,true,true
FBXO30,-0.1047577109187841,0.1561775402604421,false,true
FBXO31,-0.007943441470464,0.447484772885387,false,true
FBXO32,0.1946123391389846,0.1824877629674626,true,true
FBXO33,0.0219646718885217,-0.065611093117917,false,true
FBXO34,-0.1384560492421899,0.0392644782640507,false,true
FBXO36,-0.0338378485292196,-0.0147287826604217,true,true
FBXO38,-0.0108511125934975,0.4116491021112027,false,true
FBXO4,-0.0880371496081352,0.1870250466771699,false,true
FBXO40,0.1250557601451873,1.839436267648734,true,true
FBXO41,-0.0823624581098556,-0.0481254662518126,true,true
FBXO42,-0.0325586928603505,0.3441195334683282,false,true
FBXO44,0.0615403167903423,0.5490534413345065,true,true
FBXO45,-0.0143381496891379,-0.3428225789238683,true,true
FBXO46,-0.0529170090332627,-0.1449188290972429,true,true
FBXO5,-0.1117387153208255,-0.4384786861328307,true,true
FBXO6,-0.0292306840419769,-0.2925651087358534,true,true
FBXO7,-0.0125561381573788,-0.0829656614708458,true,true
FBXO8,-0.0879853136837482,0.1611815556553293,false,true
FBXO9,0.0352068290715881,0.0892206548142064,true,true
FBXW11,-0.0017999968757586,0.2426041761458392,false,true
FBXW2,-0.0405091715178319,0.1665158277381126,false,true
FBXW4,0.0522068838721939,0.1935259255125059,true,true
FBXW5,-0.0704313118010759,-0.3550468856791999,true,true
FBXW7,-0.0960014478436538,-0.0093949376194473,true,true
FBXW8,0.0815233923494815,0.2953784826393466,true,true
FBXW9,-0.0273254606872797,-0.150742226120289,true,true
FCER1G,-0.348146378993988,-1.969418898993778,true,true
FCF1,-0.0710411339998245,0.0308402389592083,false,true
FCGBP,-0.0624698027968406,-1.768468403461388,true,true
FCGR1A,-0.123226873576641,-1.137004456205143,true,true
FCGR1B,-0.1820788532495498,-0.536040107792987,true,true
FCGR2A,0.0298287030309438,-1.358508701203236,false,true
FCGR2B,0.2838193774223327,-0.0602937130014349,false,true
FCGR3A,-0.3639294505119323,-1.367197356667917,true,true
FCGRT,0.1475236862897872,-0.1225478970989115,false,true
FCHO1,0.1098720356822014,-0.1066276037928895,false,true
FCHO2,0.0363888087948518,0.1395510005756683,true,true
FCHSD1,0.1670503243803978,-0.0513115726326862,false,true
FCHSD2,0.0608112615134034,0.0846851789350697,true,true
FCN1,0.6152171492576599,-1.37507345270049,false,true
FCN3,-0.9782468676567077,-1.518948645899847,true,true
FDFT1,0.0806554957913855,0.0408791568887547,true,true
FDPS,-0.0246079429984092,-0.2938873961428898,true,true
FDX1,-0.0493606507778167,-0.1555289104258545,true,true
FDXR,0.0704526603221893,0.1363235084484668,true,true
FECH,0.0728602730669081,0.4351881731653808,true,true
FEM1A,-0.0445236004889011,-0.1152946087653319,true,true
FEM1B,-0.0875697510316967,-0.3426805436326816,true,true
FEM1C,-0.1590981185436248,0.0372080702843691,false,true
FER,-0.0108301107372556,-0.1728512220167099,true,true
FER1L6,-0.1013185828924179,-0.1202767672991247,true,true
FERMT1,0.3761906623840332,0.0997080120259605,true,true
FERMT2,-0.0873463433235883,-0.4755468105410534,true,true
FERMT3,-0.1824014782905578,-1.186811380594868,true,true
FES,-0.3131352365016937,-0.6498969259330382,true,true
FEZ1,-0.1146220881491899,0.279555758627223,false,true
FEZ2,0.008884258767856,0.1161178286865496,true,true
FGD1,0.1288084425032138,-0.064076158545985,false,true
FGD2,-0.1074028983712196,-0.4838729380307794,true,true
FGD3,0.0172031833790242,-0.212415633778848,false,true
FGD4,-0.158542222653826,0.4778945071579707,false,true
FGD5,0.1328485757112503,0.0663562327221951,true,true
FGD6,0.0849816128611564,0.2604707604466072,true,true
FGF1,0.6676906943321228,1.093674273704658,true,true
FGF10,-1.020982265472412,-0.1100435046216085,true,true
FGF11,-0.0496987551450729,0.3633591415746722,false,true
FGF13,0.5162848830223083,0.1081972131093523,true,true
FGF14,1.074487686157227,0.677754215983565,true,true
FGF18,0.3548594713211059,-0.0270364414059067,false,true
FGF2,-0.0894940868020057,-0.0904679377543402,true,true
FGF5,-0.0692784488201141,-0.0660927849574366,true,true
FGF7,-0.5527677536010742,-1.146533247889517,true,true
FGF9,0.2162583321332931,-0.393166356512753,false,true
FGFBP2,-0.3411918580532074,0.4016918426317135,false,true
FGFR1,0.0869811562200387,0.383180094185632,true,true
FGFR1OP,0.1380123203354222,-0.0400757692245852,false,true
FGFR1OP2,0.1017557648675782,-0.0708608901625567,false,true
FGFR2,-0.0724559724330902,0.0022615996425612,false,true
FGGY,0.0833537594548293,0.6822504066591506,true,true
FGL2,-0.0133620742708444,0.1483728062726736,false,true
FGR,-0.5264371037483215,-0.7333383095837326,true,true
FH,-0.0980207908898591,0.2464946059448847,false,true
FHAD1,0.1978174299001693,-0.0577280593696968,false,true
FHIT,-0.077730469405651,0.8466869181821068,false,true
FHL1,-0.0286942515522241,-9.23083834403867,true,true
FHL3,-0.0361929088830947,-0.7330171243404743,true,true
FHL5,0.0760306492447853,1.273957014339488,true,true
FHOD1,-0.0066152738407254,-0.1212119349501499,true,true
FHOD3,0.0820040479302406,-6.389102628877604,false,true
FIBIN,-0.1221396848559379,0.571523741851124,false,true
FIBP,0.0667547862976789,-0.0725045249326763,false,true
FICD,-0.0935132466256618,-0.5794951946037814,true,true
FIG4,0.0860242258225168,0.1175513091518678,true,true
FIGN,-0.0545330382883548,-0.0108337947741525,true,true
FIGNL1,0.0334407840855419,0.1089390090885418,true,true
FILIP1,-0.1820704191923141,0.6704497726857416,false,true
FILIP1L,-0.1829764445622762,-0.1561007241916962,true,true
FIP1L1,0.0197320298424788,0.0876773655123757,true,true
FIS1,-0.1255579233169555,0.1754751254980533,false,true
FITM1,0.0601840540766716,1.001945557475908,true,true
FITM2,-0.0789324417710304,0.55274444330019,false,true
FIZ1,-0.1720894090831279,-0.130790137817107,true,true
FKBP10,-0.0224509947001934,-0.6251811071271085,true,true
FKBP11,-0.0070814657956361,-0.7124591628559289,true,true
FKBP14,-0.1320611499249935,-0.4847579600383471,true,true
FKBP15,0.0044127764801184,-0.0592164377640838,false,true
FKBP1A,0.0754489451646804,-0.4893207004872479,false,true
FKBP2,0.0935056114569306,-0.430448354308293,false,true
FKBP3,-0.0998268537223339,0.3253144387405582,false,true
FKBP4,0.0249280296266078,-0.3459844884011884,false,true
FKBP5,-0.6570979271616254,-1.320283157938133,true,true
FKBP7,-0.1207981146872043,0.1080044522659457,false,true
FKBP8,0.0026280142366886,0.0442553034407913,true,true
FKBP9,-0.0519191846251487,0.3062716034968291,false,true
FKRP,-0.0465227065607905,0.2616818093779005,false,true
FKTN,0.0337490571352342,0.0865707247372244,true,true
FLAD1,-0.0924260336440056,-0.3235338690368285,true,true
FLCN,0.1269293002784252,0.0561832475744332,true,true
FLG,0.0756797567009925,0.0062938816208896,true,true
FLG2,0.1154792383313179,0.0004434211300742,true,true
FLI1,0.0832797810435295,-0.4157139018667153,false,true
FLII,0.0333599036792293,-0.452662781245074,false,true
FLNA,-0.0700411275029182,-0.4711243537518266,true,true
FLNB,-0.0881962478160858,0.1559411765459257,false,true
FLOT1,0.0130348280072212,-0.5837817479453066,false,true
FLOT2,0.0198118358850479,-0.6302789310973127,false,true
FLRT1,-0.204096108675003,-0.0566655683676537,true,true
FLRT2,0.3320359028875827,0.0797432208116021,true,true
FLRT3,-0.083121970295906,-0.079173857210505,true,true
FLT1,-0.1501823216676712,0.1192918609353963,false,true
FLT3,0.0139056667685508,-0.0167791057204004,false,true
FLT4,0.2383393701165914,0.076440592847945,true,true
FLVCR1,0.0256947483867406,0.0162119442916406,true,true
FLVCR2,-0.4641518294811248,-0.0409453738553706,true,true
FLYWCH1,0.0749778407625854,-0.0164322468196727,false,true
FLYWCH2,-0.0950302360579371,-0.0887169485399548,true,true
FMN1,-0.5331733226776123,0.1617141993041859,false,true
FMNL1,0.1033776951953768,-0.7757697145988142,false,true
FMNL2,-0.1659886687994003,-0.3334595720806232,true,true
FMNL3,0.256450339530905,-0.0932677135027928,false,true
FMO1,0.8503274917602539,-0.2693860994062082,false,true
FMO2,-0.1649855971336364,1.047393502236795,false,true
FMO3,-0.0526439622044563,0.3892867775759836,false,true
FMO4,0.2231446489691734,0.74090943914263,true,true
FMO5,-0.0729675118345767,0.3021218371482511,false,true
FMOD,0.4181002378463745,0.8800184283732726,true,true
FMR1,0.1017566149433453,0.3648824004722626,true,true
FN1,0.0386491976678371,6.696820367358981,true,true
FN3K,-0.0506446361541747,0.4119846790440984,false,true
FN3KRP,0.0998287118971347,0.2480008974627847,true,true
FNBP1,0.0956522319465875,-0.0978463513155842,false,true
FNBP1L,0.058564090480407,0.0290340356679097,true,true
FNBP4,0.017122100573033,0.1090465932419055,true,true
FNDC1,0.7504333853721618,1.029390663325717,true,true
FNDC3A,-0.041336741165391,-0.1359357770658844,true,true
FNDC3B,-0.1584577491240842,-2.560519244732761,true,true
FNDC5,0.9511401653289796,0.3799187228402187,true,true
FNDC9,-0.1374971270561218,-0.0343220068786862,true,true
FNIP1,-0.1176333641633391,0.3993038532793185,false,true
FNIP2,-0.2004951834678649,0.8428397692969111,false,true
FNTA,0.0084675913011389,-0.3168419663863133,false,true
FNTB,-0.0059928127254048,0.3339103646850443,false,true
FOCAD,0.0247827512877328,0.9354691714805649,true,true
FOLR2,0.1319787949323654,-0.1437557670874976,false,true
FOPNL,-0.0359997785650193,0.1534278684946519,false,true
FOS,0.0951101854443549,-0.7992455646414669,false,true
FOSL1,-0.2627091407775878,-1.61828741814743,true,true
FOSL2,-0.4727947175502776,-0.6690601259926403,true,true
FOXC1,-0.0765600353479385,-0.3056981077165004,true,true
FOXC2,0.2335392236709594,-0.0718608112869578,false,true
FOXJ2,0.0652060307562351,-0.0706175127248109,false,true
FOXJ3,0.0405295883704508,0.3309734996826687,true,true
FOXK1,0.0312460368898298,-0.0378489629429457,false,true
FOXK2,-0.133230914494821,-0.4066607635366112,true,true
FOXM1,-0.1192024946212768,-0.3796239975301883,true,true
FOXN2,0.0172061785789472,0.3331052901507809,true,true
FOXN3,0.0410144012421369,0.2830567068531424,true,true
FOXO1,-0.2052333352289029,0.5331244327709043,false,true
FOXO3,-0.1786502652934619,0.9218228588002936,false,true
FOXO4,0.180059939622879,0.0271527211216584,true,true
FOXO6,0.1599750183522701,-0.0228348852010869,false,true
FOXP1,0.0406144899316132,0.0026419792417509,true,true
FOXP2,-0.1086275354027748,0.5010952090919365,false,true
FOXP4,0.1293884217739105,0.0167464495269771,true,true
FOXRED1,0.0045341921970248,0.125898842088298,true,true
FOXRED2,0.4620738327503203,0.258937270646443,true,true
FOXS1,0.2347049564123153,-0.6817335579190866,false,true
FPGS,-0.1308601260185241,-0.2691878269484497,true,true
FPGT,0.0783697161823511,-0.1490831320820986,false,true
FPGT-TNNI3K,-0.0027150113601237,0.4069066071525924,false,true
FPR1,-0.3506191372871398,-1.982654309465933,true,true
FPR3,0.0507358945906162,-1.293267713960326,false,true
FRA10AC1,0.0671048574149608,0.1945024534415997,true,true
FRAS1,0.0153986543416976,0.393624038195278,true,true
FREM1,0.9999585747718812,1.176103105683617,true,true
FREM2,0.1635845899581909,0.1866011928295387,true,true
FRG1,-0.0021884629502892,0.088960011330887,false,true
FRK,-0.1185796335339546,0.4187985680061889,false,true
FRMD3,-0.0530682988464832,0.7278570084811946,false,true
FRMD4A,0.0756338879998241,-0.1133292169023691,false,true
FRMD4B,0.1128915846347808,0.1207432144624447,true,true
FRMD5,0.1159705147147178,0.1983635673863348,true,true
FRMD6,0.3137654066085815,-0.4315334128034988,false,true
FRMD7,0.2219278365373611,0.257021558627484,true,true
FRMD8,-0.1142483295872807,-0.2279928306058836,true,true
FRMPD1,0.0699269175529479,0.1617746153922448,true,true
FRMPD4,0.1455696821212768,0.7822735873999342,true,true
FRRS1,-0.0010491671661535,0.2482235015697893,false,true
FRRS1L,0.2357758581638335,0.3046904146934296,true,true
FRS2,0.0230182479800922,0.1923514539449175,true,true
FRS3,0.1031698609391848,0.384815386311013,true,true
FRY,0.1090168144021715,0.7364984612099299,true,true
FRYL,0.0223781676696879,-0.0619314159524932,false,true
FRZB,0.7205084562301635,0.8803742958627297,true,true
FSD1L,0.0562176324427127,0.2998176883131806,true,true
FSD2,0.0795745253562927,1.235198602131833,true,true
FSHR,0.0929630482569336,-0.0182687293198696,false,true
FSIP1,-0.0924865504105885,0.2830843375618218,false,true
FSIP2,-0.0546973260740439,0.2362896828914516,false,true
FST,-0.1926522403955459,-0.2220882476609711,true,true
FSTL1,-0.3660820722579956,0.5237396141128192,false,true
FSTL3,-0.2069868594408035,0.132936937460621,false,true
FSTL4,-0.0566935054957866,0.0168327546786074,false,true
FTCD,-0.0298613272607326,0.0667022065580999,false,true
FTCDNL1,0.0446488484740257,0.2942194946487077,true,true
FTH1,-0.1829224973917007,0.0651404049911752,false,true
FTL,-0.0284415297210216,-0.6433316041408794,true,true
FTO,0.0233920984236257,0.378699022436459,true,true
FTSJ1,-0.1562155596911907,-0.662963103814246,true,true
FTSJ3,-0.0506656434154137,-0.2777762357489241,true,true
FUBP1,-0.0064684147281306,0.0836484584507006,false,true
FUBP3,0.0469564260648829,-0.0560756337018761,false,true
FUCA1,0.3162643313407897,-0.0041643633708212,false,true
FUCA2,-0.1039283730089664,-0.4564253094611023,true,true
FUK,0.009345943108201,0.0898530034154505,true,true
FUNDC1,-0.0123684862628579,0.3083167760679774,false,true
FUNDC2,-0.2320892304182052,-0.2948022135792527,true,true
FUOM,-0.1413266714662313,-0.6257066924092715,true,true
FURIN,-0.2296141097322106,-0.918520869184352,true,true
FUS,0.0651797342247196,0.0494879758629966,true,true
FUT1,-0.0611908435821533,-0.1313394093524726,true,true
FUT10,0.0559862471806506,0.0983094575481215,true,true
FUT11,-0.0259747924283146,-0.3744370976952837,true,true
FUT2,0.1216551028192043,-0.0138679070469418,false,true
FUT8,0.1144653883363519,0.258779147879637,true,true
FUT9,0.1262797117233276,0.0009611194515923,true,true
FUZ,0.051038259640336,0.2189830151436718,true,true
FXN,0.0730898097157478,0.1348902848531614,true,true
FXR1,-0.0088554288792823,0.4910249775950426,false,true
FXR2,-0.0204153165686875,-0.0774414441359683,true,true
FXYD1,0.1018823174138863,0.829173745589598,true,true
FXYD2,0.1233529075980186,-0.3431853613587132,false,true
FXYD5,0.0903926733881235,-0.7496715270983718,false,true
FXYD6,0.0989700555801391,0.4111145708254726,true,true
FXYD7,0.1425806768238544,0.008500291019057,true,true
FYCO1,-0.0540676930298407,0.8741616302998629,false,true
FYN,-0.3072705268859863,0.1673069542701268,false,true
FYTTD1,-0.0675852010026574,-0.1101641747356492,true,true
FZD1,0.2051382958889007,0.8548279034755004,true,true
FZD3,-0.0907854422306021,0.0618619004022806,false,true
FZD4,0.0193671595305204,0.6719965878258809,true,true
FZD5,-0.1890725195407867,-0.5663194132388436,true,true
FZD6,0.0384419821202754,-0.0942603774831889,false,true
FZD7,0.19186732172966,0.6867122193086715,true,true
FZD8,0.2524203658103942,-0.8650354217393538,false,true
FZR1,0.143097548186779,-0.0700753468105026,false,true
G0S2,0.1327233910560607,-0.5274676028338394,false,true
G2E3,-0.0567434685570853,0.2458832337401175,false,true
G3BP1,-0.0531518649575965,-0.0603622160711765,true,true
G3BP2,0.0084885573014616,0.0516361552798834,true,true
G6PC3,-0.0642626490443944,-0.1743087688983684,true,true
G6PD,-0.1244279779493808,-0.7378180881462859,true,true
GAA,-0.1596355736255645,0.0291752189559821,false,true
GAB1,0.2038250012057168,0.3577559089377873,true,true
GAB2,0.0176147687182362,0.1827774325711906,true,true
GAB3,0.0589393277963002,0.6844817362476161,true,true
GABARAPL1,-0.1715950816869735,0.2693890997878449,false,true
GABARAPL2,-0.0056812837719917,0.2120454180764301,false,true
GABBR1,0.0156911906475822,0.2045904376622416,true,true
GABBR2,-0.4024300277233123,-0.09027757670125,true,true
GABPA,0.0891160249710083,0.0450406596206249,true,true
GABPB1,-0.1032480616122484,-0.3101638844499485,true,true
GABPB2,0.0990050967472295,0.7207120177876382,true,true
GABRA2,0.000868970004376,0.0216633405359374,true,true
GABRA3,-0.0737653002142906,0.0024241644456416,false,true
GABRA4,0.2657119035720825,0.8780963086332827,true,true
GABRB1,0.2095700502395629,1.155371610868264,true,true
GABRB2,-0.1222478598356246,0.05914941297443,false,true
GABRB3,-0.0297727584838867,-0.2723216406893835,true,true
GABRE,0.3247422873973846,0.8505182368857982,true,true
GABRG3,0.0437924899160861,0.0055865689880391,true,true
GABRP,0.1334875673055648,0.0938526301717533,true,true
GABRR2,-0.1126701617613434,0.0236078522674414,false,true
GADD45A,0.0835698954761028,0.476854953408579,true,true
GADD45B,-0.3023508501549561,-0.6363607746693692,true,true
GADD45G,0.0928366333246231,1.776437872776196,true,true
GADD45GIP1,-0.1327913463115692,-0.454085634016085,true,true
GADL1,0.2081118077039718,0.1251723320378944,true,true
GAK,0.0402296299913099,-0.3069740524754318,false,true
GAL3ST4,0.282755434513092,-0.318543416489067,false,true
GALC,0.0759460814297199,-0.0295661799025963,false,true
GALE,0.0695795267820358,-0.6930440627241141,false,true
GALK1,-0.1816668063402175,-0.8135221710752182,true,true
GALK2,0.033862855917375,-0.0017394358858551,false,true
GALM,0.0616973067323366,0.1389193466727887,true,true
GALNS,-0.0254995703697204,-0.0991140834224144,true,true
GALNT1,0.040293258481792,-0.3780737103321314,false,true
GALNT10,0.0730738279720147,-0.2358529245702212,false,true
GALNT11,0.0330556934433324,0.2022331470542249,true,true
GALNT12,0.2727380096912384,-0.1970412177299829,false,true
GALNT13,-0.0834341570734977,0.0384714035813881,false,true
GALNT14,0.3617373704910278,-0.3648396204662527,false,true
GALNT15,-0.9695613980293272,0.4336591840402139,false,true
GALNT16,-0.2725322544574737,0.2780883819052615,false,true
GALNT18,-0.0550576783716678,0.1536536041969016,false,true
GALNT2,-0.0482344020690236,-0.2729832857584968,true,true
GALNT5,0.5434734225273132,-0.0539891783570509,false,true
GALNT6,-0.3065248131752014,-0.5444383298746992,true,true
GALNT7,0.1281486531453473,0.1033962246732924,true,true
GALNT8,0.1347092094365507,0.1944534354777818,true,true
GALR1,0.5062664151191711,0.1259965214574942,true,true
GAMT,0.229641780257225,0.7319423629601971,true,true
GAN,-0.0178419809788465,0.0735611963856261,false,true
GANAB,-0.0478766448795795,-0.195634054367904,true,true
GANC,0.1663530701771378,0.1711290933695925,true,true
GAP43,0.5335994362831115,-1.252433303780914,false,true
GAPDH,-0.1979990601872227,-4.774246113416827,true,true
GAPDHS,-0.1006077132187783,-0.0014263934526516,true,true
GAPVD1,-0.0611565044548894,-0.0844077803215999,true,true
GAR1,0.0213932737940922,-0.2723185477264593,false,true
GARNL3,0.3280417919158935,0.6431753200547518,true,true
GARS,-0.0936186661594547,-0.3505479216626019,true,true
GART,-0.1141059484332799,-0.3030344562102924,true,true
GAS1,-0.3314557969570159,0.2509532027767531,false,true
GAS2,0.0954821780323982,0.7717086198586957,true,true
GAS2L1,-0.1223253030329942,-0.1219716538332678,true,true
GAS2L3,0.4184090197086334,-0.5147660456472128,false,true
GAS6,0.0114349188903967,-0.0344460074390147,false,true
GAS7,-0.0775834945961833,0.2810480443211584,false,true
GAS8,-0.0727212284691631,0.4121567786324753,false,true
GATA2,-0.2989590466022491,-0.2217880117926789,true,true
GATA4,0.0082681309431791,-0.177120551431753,false,true
GATA6,-0.0057717440649866,0.5632679007677605,false,true
GATAD1,0.1076973885297775,0.2375902056280638,true,true
GATAD2A,-0.0447705356138093,-0.4921828372036176,true,true
GATAD2B,-0.0405212393296616,0.2840924071067259,false,true
GATC,-0.1144494518637657,-0.316221090949504,true,true
GATM,0.4699569158256053,1.779591223206314,true,true
GBA,0.066793841542676,-0.4221705885849813,false,true
GBA2,-0.0515354109617571,0.1875461765973716,false,true
GBE1,-0.3370905028922217,0.5011905204073077,false,true
GBF1,-0.0625926571499024,-0.0098141306292864,true,true
GBGT1,-0.0787743926048278,-0.4746614630317338,true,true
GBP1,0.1850541236344724,-0.8988222151025153,false,true
GBP2,0.113013968244195,-0.7691679216055931,false,true
GBP3,0.2166234900554021,-0.1866268574240397,false,true
GBP4,0.2783848047256469,-0.1536978327537985,false,true
GBP5,0.0400326624512672,-0.2668851510281863,false,true
GBX1,-0.0689883083105087,0.0009031606955236,false,true
GCA,-0.0941482782363891,-0.7361771189446426,true,true
GCAT,-0.022523982450366,-0.2704655233458703,true,true
GCC1,-0.1088239848613739,-0.1072591065447605,true,true
GCC2,0.0437686020242316,0.2299520613259113,true,true
GCDH,-0.0495987533358856,0.3477999712066224,false,true
GCFC2,0.0049515357241034,0.0082817685079636,true,true
GCH1,0.012030086480081,-0.6537388710984675,false,true
GCHFR,-0.0723725631833076,-0.2470411535736487,true,true
GCLC,-0.0886747466865926,0.4242949974696661,false,true
GCLM,-0.239953576400876,-0.538093278074458,true,true
GCNT1,0.0670326054096221,-0.2277204087457565,false,true
GCNT2,0.0276344176381826,0.1680253469714081,true,true
GCNT3,-0.035481508821249,-0.1239837117418263,true,true
GCNT4,0.0412260616819063,0.096426807185983,true,true
GCNT7,-0.235689427703619,0.0007065789474966,false,true
GCOM1,0.0734950453042984,0.2405293571519102,true,true
GCSAM,-0.3548527061939239,0.0047862318106962,false,true
GCSH,-0.0916898101568222,0.0134778134766078,false,true
GDA,0.0339434146881103,0.004783906927816,true,true
GDAP1,-0.0667683528736233,0.1247455687843297,false,true
GDAP1L1,-0.1321713477373123,0.1474245902871131,false,true
GDAP2,0.0601338549916233,-0.110718826170614,false,true
GDE1,-0.1263762010882298,0.0002330763747009,false,true
GDF11,-0.1091602090746164,-0.1473167704186777,true,true
GDF15,0.1449518799781799,-0.3520298130811178,false,true
GDF5,0.0374375209212303,0.0197194461495009,true,true
GDF6,0.5565431118011473,-0.0285050450401794,false,true
GDF7,-0.0603324212133884,0.1462542500369012,false,true
GDI1,0.0632664449512958,-0.0016234141247881,false,true
GDI2,-0.0395023807484124,-0.3692975743895354,true,true
GDPD1,0.228076297789812,-0.0134194831947255,false,true
GDPD2,-0.0286125559359788,0.000329221849115,false,true
GDPD3,0.2864705249667167,0.0488537624628989,true,true
GDPGP1,0.0924950381740927,0.3554991667100275,true,true
GEM,0.2490071877837181,-0.6132071615138299,false,true
GEMIN2,-0.0245590824633836,-0.0665111645971556,true,true
GEMIN4,-0.0640851482748985,0.1693065274300704,false,true
GEMIN5,0.0202649995684623,0.108740497424018,true,true
GEMIN6,0.0088064167648553,-0.3129170508892973,false,true
GEMIN8,0.0594137120991945,0.2619774995099,true,true
GEN1,0.0323118994012474,0.2593236974344865,true,true
GFAP,0.0406156741082668,0.7820075501614774,true,true
GFER,-0.0494395717978477,-0.1870340143495381,true,true
GFI1B,0.0144145209342241,0.0361077869830619,true,true
GFM1,-0.1157981254160404,0.2145490372040947,false,true
GFM2,0.0110674527473747,0.550025999709562,true,true
GFOD1,-0.2423937618732452,-0.497005397769668,true,true
GFOD2,0.0268942080438136,-0.2036085899307351,false,true
GFPT1,0.0535732273544584,0.0427417953203459,true,true
GFPT2,-0.6776182055473327,-1.182255578766238,true,true
GFRA1,-0.5735668540000916,0.4139318865247698,false,true
GFRA2,0.4034201800823212,0.2665135891677792,true,true
GGA1,0.0450978204607963,-0.1112635803801449,false,true
GGA2,0.0186039606175784,-0.0682328334133495,false,true
GGA3,0.0342427425086498,-0.0832159623390227,false,true
GGACT,-0.0648351300507783,-0.0024181916427628,true,true
GGCT,-0.1134084719233214,-0.6209230571774778,true,true
GGCX,-0.116540718730539,0.0589529983870469,false,true
GGNBP2,-0.100608147082052,0.0808510899057446,false,true
GGPS1,0.0169880934990942,-0.0348855812224826,false,true
GGT1,0.1002817004919052,0.0668770835748686,true,true
GGT5,-0.6677166223526001,-0.3579484693274559,true,true
GGT7,-0.0423975901678204,0.2698549473877509,false,true
GHDC,0.0624355943873524,-0.0329416823936057,false,true
GHITM,-0.1124727413058281,0.3480476246859858,false,true
GHR,0.2392378121614456,0.603551834704374,true,true
GHRL,-0.0700391580661137,-0.016268194887209,true,true
GID4,0.0160386029630899,-0.1080851162527332,false,true
GID8,0.0141943495720624,0.0426646660947227,true,true
GIGYF1,0.051676015369594,0.3421895466577558,true,true
GIGYF2,-0.0490986856498888,0.2856789112070083,false,true
GIMAP1,-0.1590856909751892,0.0154581266944062,false,true
GIMAP4,-0.169699490070343,-0.0772891730589755,true,true
GIMAP5,-0.0859706252813339,-0.3947607009984843,true,true
GIMAP6,-0.0772365778684616,-0.1587691742407937,true,true
GIMAP7,-0.1951753348112106,-0.3809781928078499,true,true
GIMAP8,-0.049839612096548,-0.1890332614090386,true,true
GIN1,-0.0088708780705928,0.3680930502287065,false,true
GINM1,-0.036110589125504,0.1307677848724857,false,true
GINS1,-0.1624017208814621,-0.2580260381486964,true,true
GINS2,0.0015676927287131,-0.1508923469568908,false,true
GINS3,0.1445695422589778,-0.0363708732777063,false,true
GIPC1,0.0233264511451125,-0.161947906012668,false,true
GIPC2,0.0318207800388336,0.0317518285230426,true,true
GIPR,0.0272703785449266,0.2445021398936486,true,true
GIT1,-0.1207785159349441,-0.1638458941894822,true,true
GIT2,0.0126822054652231,0.0399193593932039,true,true
GJA1,0.1977433115243911,0.4218915449734943,true,true
GJA3,0.1222844645380973,-0.6390822165993217,false,true
GJA4,-0.4521694183349609,-0.5900050848729048,true,true
GJA5,0.0585901252925395,-0.8346186469138202,false,true
GJC1,-0.0174805149435997,-0.0277842110502013,true,true
GK,-0.0664620315656065,-0.1091877039061839,true,true
GK5,0.0279097969954212,0.0854008617164918,true,true
GKAP1,0.1164795875549316,0.1568527025005734,true,true
GLA,-0.1590972778697808,-0.7695680629521195,true,true
GLB1,0.0344188762828707,-0.140865155021649,false,true
GLB1L,0.0966278389096259,0.1070641014436846,true,true
GLCCI1,0.0499316193163394,0.1231628280757817,true,true
GLCE,0.0327147334814071,0.2643070155849307,true,true
GLDC,0.0446178428828716,-0.0027160400392106,false,true
GLDN,0.2501888573169708,1.056928547643494,true,true
GLE1,0.0704113859683275,0.1194702256312147,true,true
GLG1,0.013941529872162,0.2065561154403488,true,true
GLI1,0.4000393152236938,0.0424529184408333,true,true
GLI2,0.5415830016136169,0.1661286254056391,true,true
GLI3,0.2197931408882141,0.0617084800807352,true,true
GLI4,0.0222939124796539,0.2034167094126859,true,true
GLIPR1,0.2784221768379211,-1.001226705323703,false,true
GLIPR1L1,-0.2454321285088857,-0.0016394533152602,true,true
GLIPR1L2,0.376931607723236,0.5191206892961219,true,true
GLIPR2,-0.1014242451637983,-0.6583042860101482,true,true
GLIS1,1.102668166160583,0.1120142996351811,true,true
GLIS2,0.023915762702624,-0.2809778352592378,false,true
GLIS3,-0.1712197661399841,-0.2165676435849865,true,true
GLMN,-0.0251572552536215,-0.0201670719243209,true,true
GLO1,-0.082055573662122,0.0183678907639528,false,true
GLOD4,0.0571022972464561,0.3866263355308312,true,true
GLP1R,0.1796764731407165,0.7517517753491099,true,true
GLRA1,-0.242063283920288,-0.0002927844240072,true,true
GLRB,0.3153053522109985,0.4338128460541579,true,true
GLRX,-0.290777938812971,-0.1203192968702762,true,true
GLRX2,-0.1497678365558385,-0.4841299684843081,true,true
GLRX3,-0.028571148092548,-0.5945213806055011,true,true
GLRX5,-0.0797500284388661,-0.0210855870135473,true,true
GLS,0.1335655509361199,-0.0242049084297892,false,true
GLS2,0.0131457149982452,0.0878154908485472,true,true
GLT8D1,-0.0301731616258621,0.002870962886444,false,true
GLT8D2,0.4703626930713653,0.5211413120792722,true,true
GLTP,0.0022448918782174,-0.3413226858290712,false,true
GLUD1,-0.0688542661789272,0.1384414929314044,false,true
GLUL,-0.3492281734943389,-0.0007603844811114,true,true
GLYAT,-0.0451498106122016,0.0789405589541324,false,true
GLYATL2,0.6701331734657286,0.0547741004656976,true,true
GLYCTK,0.0121359190670773,-0.0722596793683829,false,true
GLYR1,-0.0622722796563591,0.0276139336025282,false,true
GM2A,-0.1175214797258377,-0.0334283589859714,true,true
GMCL1,0.1163985155522823,0.0182068901343297,true,true
GMDS,-0.0359286586088793,-0.1971770205130909,true,true
GMEB1,-0.0163696223869919,-0.1565633045802699,true,true
GMEB2,-0.0859072186052799,-0.2290526651055548,true,true
GMFB,0.0089614760130643,-0.3641141775032816,false,true
GMFG,-0.0799892242066562,-0.7701845154404543,true,true
GMIP,0.0390313602983951,-0.4923530417843019,false,true
GMNN,-0.0897175911813974,-0.3116893005259509,true,true
GMPPA,-0.0039870245382189,-0.3762322279321592,true,true
GMPPB,-0.1026185229420662,-0.7497031893887435,true,true
GMPR,-0.1619253158569335,0.5801138189678489,false,true
GMPR2,-0.0209111962467431,0.0972284430623342,false,true
GMPS,-0.0092478756948063,-0.0570332494649283,true,true
GNA11,-0.0060714840888977,-0.2556383547175489,true,true
GNA12,0.009696044648687,-0.1517931903678975,false,true
GNA13,-0.054973938169756,-0.1264643888370327,true,true
GNA14,0.7430078387260437,-0.3934111312527404,false,true
GNA15,0.0236834324896335,-1.185277764469895,false,true
GNAI1,0.1171627670526504,0.2438921785026195,true,true
GNAI2,0.1064810131986936,-0.3665262807782871,false,true
GNAI3,0.0110044623059885,-0.503275289958565,false,true
GNAL,0.0618551978841423,0.2486373929155782,true,true
GNAO1,-0.0862384201027452,-0.463500846970694,true,true
GNAQ,0.0568581938444237,-0.1479002767955637,false,true
GNAS,0.1012270642178399,0.1239273757133476,true,true
GNAT2,-0.1237898916006088,-0.0032420559459441,true,true
GNB1,0.0078441624396613,-0.2438249615381993,false,true
GNB1L,-0.0205854028463363,-0.5004275260017536,true,true
GNB2,-0.1322345614433288,-0.635931316052587,true,true
GNB3,0.3836128711700439,0.5979642314536469,true,true
GNB4,0.1285945096363624,-0.1023753236117941,false,true
GNB5,0.0579976054529348,-0.1904110509832115,false,true
GNE,-0.1575292932490507,-0.1304612063732055,true,true
GNG10,0.00895277261734,-0.1680534591784756,false,true
GNG11,0.0819093957543373,0.090416619689841,true,true
GNG12,-0.0291580110123114,-0.5569629440871803,true,true
GNG2,0.1634420007467269,-0.2228827246986147,false,true
GNG4,-0.0852286890149116,-0.0455150379859595,true,true
GNG5,-0.0397948901634663,0.0752232211299803,false,true
GNG7,-0.2402314841747283,0.5438380191245975,false,true
GNL1,-0.0264423880726099,-0.0838760000126419,true,true
GNL2,-0.1116636934690177,-0.3756427769784327,true,true
GNL3,-0.2362376302480697,-0.673622594469625,true,true
GNL3L,-0.0166350148618221,0.0529006739803903,false,true
GNLY,0.1764958947896957,-0.0446269224751866,false,true
GNPAT,0.0454424802834788,-0.0336507556573053,false,true
GNPDA1,-0.0817739717662334,0.2480408405884513,false,true
GNPDA2,-0.1124343156814575,0.0584596413100162,false,true
GNPNAT1,-0.116600427776575,-0.839002401555418,true,true
GNPTAB,-0.0426683351397514,0.0582196466858313,false,true
GNPTG,0.0079568918794393,0.0141497616077717,true,true
GNRH1,0.0609354814514517,0.4158338446046128,true,true
GNS,-0.0177511941641569,-0.2409518635411167,true,true
GOLGA1,0.0489267325804879,0.0991208018894984,true,true
GOLGA2,0.1031263288110494,-0.1110395761285651,false,true
GOLGA3,0.0354751198552548,-0.0865787654646772,false,true
GOLGA4,-0.057667844928801,0.1935372020650385,false,true
GOLGA5,0.006093681231141,-0.2033188350770949,false,true
GOLGA6L4,0.1090208999812603,0.0486718271074836,true,true
GOLGA7,-0.0079468199983239,-0.1118559299676928,true,true
GOLGA8A,0.0375003522261977,0.3686530874439015,true,true
GOLGA8B,0.0236543845385313,0.3739383527182351,true,true
GOLGA8H,0.0339293666183948,0.0072640430977172,true,true
GOLGA8M,0.1558552086353302,0.0898419775091786,true,true
GOLGA8N,0.2322464138269424,0.0633919671415758,true,true
GOLGB1,-0.0341497909809861,0.4373114332170846,false,true
GOLIM4,0.1191698292580743,0.2270845303856852,true,true
GOLM1,0.0837717778049409,-0.1294525956506034,false,true
GOLPH3,-0.1734174277101244,-0.4200953710199462,true,true
GOLPH3L,0.0246689679101109,0.1060589676837042,true,true
GOLT1B,-0.1103715911507606,-0.3665070949313933,true,true
GON4L,0.0042067957110702,0.386139186050864,true,true
GOPC,0.0486663196768079,0.2640792862664858,true,true
GORAB,0.0333062890917062,-0.1593753004621749,false,true
GORASP1,-0.1329844110878184,0.0188397066273116,false,true
GORASP2,-0.0807526234226922,-0.3363973771014872,true,true
GOSR1,-0.0071948104138885,0.1739773503505786,false,true
GOSR2,-0.0316333709384447,-0.210485577652169,true,true
GOT1,-0.2431349009275436,0.4507265074339246,false,true
GOT2,-0.0052529382519423,0.4976249512627486,false,true
GP1BA,0.0415670201182365,-0.0159884719255002,false,true
GP1BB,0.3289545178413391,-0.1898243069071659,false,true
GP6,-0.0340169221162796,0.0059189508018638,false,true
GPA33,-0.0260087605565786,0.4782244132436538,false,true
GPAA1,0.0097931560943834,-0.2465993221135462,false,true
GPALPP1,0.0324576664716005,0.418621627239494,true,true
GPAM,0.0644341272612412,0.786810243641804,true,true
GPANK1,-0.0402762786950916,0.1808737361589498,false,true
GPAT2,-0.5433238744735717,-0.2731785398261843,true,true
GPATCH1,0.0645064851269125,0.0653121756670722,true,true
GPATCH11,-0.0793183669447898,-0.1013710820487228,true,true
GPATCH2,-0.0279657305883509,0.0448492740164176,false,true
GPATCH2L,0.0069082729252321,0.090287219836981,true,true
GPATCH3,-0.0074989022687077,-0.0773943475059915,true,true
GPATCH4,-0.3867818415164947,-0.8904071298555376,true,true
GPATCH8,-0.0169555326657635,0.4663455099949667,false,true
GPBP1,-0.0168227228236251,-0.0324026079454737,true,true
GPBP1L1,-0.0027258624322712,0.2878370986860163,false,true
GPC1,0.0930746868252754,-0.477882296334795,false,true
GPC3,0.2124945372343063,0.6673705613754243,true,true
GPC4,0.2466263622045517,-0.3862051016442751,false,true
GPC5,-0.4044121801853179,0.1681858531917167,false,true
GPC6,0.2978905439376831,0.1982900457980186,true,true
GPCPD1,-0.0366971088307244,0.7314126102141789,false,true
GPD1,-0.0664836168289184,-0.3080650085395784,true,true
GPD1L,-0.4183758497238159,-0.574704715290335,true,true
GPD2,0.0098894112244514,-0.0838087545051862,false,true
GPER1,0.0077711078338324,-0.1150884463631564,false,true
GPHN,-0.0972254313528537,0.6882241313129986,false,true
GPI,0.0110581088811159,0.2561459754591286,true,true
GPIHBP1,-0.3971963822841643,0.915149538593506,false,true
GPKOW,-0.0749299637973308,-0.0115950943408598,true,true
GPLD1,0.0618564337491989,0.2349402784442842,true,true
GPM6A,0.1244152290746569,0.0735326761756527,true,true
GPM6B,-0.0361336583737283,0.0265062462306366,false,true
GPN1,-0.040736733470112,-0.1376896743008053,true,true
GPN2,-0.0837712340056896,-0.4624596063444834,true,true
GPN3,-0.0748671442270278,-0.0381589075079067,true,true
GPNMB,0.2307477841774622,1.028546944215804,true,true
GPR1,0.0880332067608833,-0.2142790266202658,false,true
GPR107,0.032156777734469,0.098012765111092,true,true
GPR108,0.1183697171509266,-0.2628831317985649,false,true
GPR132,-0.0603534691035747,-0.1907500779438618,true,true
GPR135,-0.0518004447221755,0.1711707756570815,false,true
GPR137,0.028658456262201,-0.2857244449068341,false,true
GPR137B,-0.0605965331196784,-0.1552285037823431,true,true
GPR137C,0.0433023460209369,0.2075506548156899,true,true
GPR146,-0.1067021340131759,-0.1738675000640266,true,true
GPR153,0.0673857554793357,0.0398812311694136,true,true
GPR155,0.1160163426150878,0.0534993346895609,true,true
GPR157,-0.0325046703219413,-0.1436599015037884,true,true
GPR160,0.0243081226944923,-0.304026073767747,false,true
GPR161,0.097283458081074,-0.1628754980389939,false,true
GPR162,0.1114105321466922,-0.0734616157214365,false,true
GPR17,-0.5596631169319152,0.0041561344614991,false,true
GPR171,-0.362390398979187,0.1704034186757638,false,true
GPR173,0.1994115728884935,0.1259327523590453,true,true
GPR176,0.3208534717559814,-0.2251530234429111,false,true
GPR18,-0.0618531294167041,-0.0026317045476678,true,true
GPR180,-0.0222286604344844,-0.4671776827343525,true,true
GPR183,-0.3304652273654937,-0.8172603080248839,true,true
GPR20,0.113830342888832,-0.0999531117949114,false,true
GPR22,0.2059586197137832,0.5077798022777892,true,true
GPR34,0.108273908495903,0.1251129992591653,true,true
GPR35,-0.1029280573129653,-0.1508277876329852,true,true
GPR39,-0.0500918477773666,0.0086277927868858,false,true
GPR63,0.1416218429803848,0.322490922445375,true,true
GPR65,0.0036460370756685,-1.045641560633537,false,true
GPR82,-0.1458219140768051,0.0304527726806056,false,true
GPR89A,-0.0434401031583547,-0.0912482397942077,true,true
GPR89B,-0.0251229357323609,0.035705888858312,false,true
GPRASP1,0.3208884547154108,0.957014722124764,true,true
GPRASP2,0.072637915611267,0.6851293675388014,true,true
GPRC5A,-0.8544691205024719,-0.1306516986832606,true,true
GPRC5B,-0.0634545385837554,-0.0579768869149184,true,true
GPRC5C,0.0657499134540557,-0.0754959748178367,false,true
GPRC5D,0.0721388161182403,-0.0325991184738029,false,true
GPRIN3,0.0532022431492805,0.1039593519492529,true,true
GPS1,0.0912816212512552,-0.02566348619575,false,true
GPS2,-0.0459624804556369,-0.4785429512056245,true,true
GPSM1,0.02231315523386,0.1670395835668827,true,true
GPSM2,-0.2682549382249514,-0.7940776183594506,true,true
GPSM3,0.0722529925405979,-0.8949652853711562,false,true
GPT,-0.1117037609219551,-0.1070218085553533,true,true
GPT2,0.2278934232890605,0.0152662182117171,true,true
GPX1,-0.009683035314083,-0.481097210501197,true,true
GPX2,-0.1532171191647648,-0.0135505220805863,true,true
GPX3,-1.197989344596863,-0.4356939269570325,true,true
GPX4,0.0315286310389637,-0.0239708072658189,false,true
GPX7,0.0039159427396953,0.0221301456221185,true,true
GPX8,0.0504939146339893,-0.383596045707105,false,true
GRAMD1A,0.0645577020477503,-0.7094866564647905,false,true
GRAMD1B,-0.3456385135650634,-0.8884220119979642,true,true
GRAMD1C,0.083425797522068,0.2620526203326516,true,true
GRAMD4,-0.012942761182785,-0.302829050822603,true,true
GRAP,0.1862142533063888,-0.1023396618277252,false,true
GRAP2,0.2348654866218566,0.0468344255837089,true,true
GRAPL,0.1581266373395919,0.0134310488620208,true,true
GRASP,-0.3495590388774871,0.1111700629400114,false,true
GRB10,-0.007933298125863,0.3652391750763182,false,true
GRB14,-0.4873433709144591,-0.1666908762860899,true,true
GRB2,-0.1039852499961853,-0.1643192802962358,true,true
GRB7,-0.1619012057781219,-0.1044276202019744,true,true
GREB1,0.0006614951998926,0.7499567645284952,true,true
GREB1L,-0.1133962869644165,0.1115612426009016,false,true
GRHL1,0.0490598045289516,-0.2481569128162247,false,true
GRHL2,-0.0244746599346399,0.0092015465728301,false,true
GRHPR,-0.0570438674651086,0.249712928735998,false,true
GRIA3,0.5088911056518554,0.5796271323547085,true,true
GRIA4,0.0379734449088573,0.075093508534828,true,true
GRID1,0.2711436450481414,0.2835247242536786,true,true
GRID2,0.258652850985527,0.0611356809875282,true,true
GRIK1,-0.3973312735557555,0.0065221900136869,false,true
GRIK2,-0.2558984756469726,-0.0042682756076097,true,true
GRIK4,0.2918912321329116,0.0084801599879651,true,true
GRIN2A,0.4911018908023834,0.593770371407208,true,true
GRIN2D,0.0350293964147567,-0.0458845025233641,false,true
GRIN3A,0.4834194183349609,0.1088242703901228,true,true
GRINA,-0.0440754747018217,-0.3371254736536935,true,true
GRIP1,-0.3367199897766113,0.0382358416927685,false,true
GRIP2,0.2614014577120542,0.5697632570126387,true,true
GRIPAP1,-0.0121681842952966,0.0878718747722539,false,true
GRK4,0.1186934933066368,0.2157049464221221,true,true
GRK5,-0.15767099867974,-0.2256860393246076,true,true
GRK6,-0.0845369330296913,-0.4119945034850758,true,true
GRM1,0.1593426018953323,0.3814293052549016,true,true
GRM3,-0.0139282867312431,-0.0454546993953177,true,true
GRM5,-0.1546041816473007,-0.079935155735807,true,true
GRM6,-0.0261642094701528,0.0007164910718257,false,true
GRM7,-0.1382531356066465,0.008318916195883,false,true
GRM8,-0.3255768418312072,-0.0117637380050614,true,true
GRN,-0.0504950061440467,-0.3159988271950915,true,true
GRPEL1,-0.1924868859350681,0.0237846174975731,false,true
GRPEL2,0.3396328389644622,-0.1813624725641265,false,true
GRSF1,-0.0471049022550384,0.000809226132401,false,true
GRTP1,-0.0005422847655912,0.0285868708696608,false,true
GRWD1,0.0888179838657379,-0.433166448374564,false,true
GSAP,0.2281730771064758,0.1374272232432236,true,true
GSDMB,0.2108701854944229,0.2849106896466803,true,true
GSDMD,0.1667418822646141,-0.3153760634554121,false,true
GSE1,0.1644368798782428,-0.0575792645685662,false,true
GSG1,-0.0546187311410903,0.0080477442499215,false,true
GSG1L,0.3446375727653503,0.4603678209105791,true,true
GSK3A,-0.0759050307795405,-0.2932132440668979,true,true
GSK3B,-0.0074860120075754,0.1711466683685749,false,true
GSKIP,0.1026125745847821,-0.2531885765613948,false,true
GSN,-0.0805833637714385,-3.472368362112198,true,true
GSN-AS1,0.1560405269265174,0.0111749037953785,true,true
GSPT1,-0.1296819469758442,-0.2802850659912214,true,true
GSPT2,-0.0100465072318911,0.1832398693363841,false,true
GSR,-0.244342890381813,0.0694841057085646,false,true
GSS,-0.0878296989947557,-0.1492796729419154,true,true
GSTA4,0.1173977293074131,0.2662442848127897,true,true
GSTCD,-0.0583862543106079,-0.014199559619237,true,true
GSTK1,0.0239407058273042,0.5169513635932423,true,true
GSTM2,0.2855041436851024,0.3449155461062938,true,true
GSTM3,0.0964709548279643,0.6404773213307359,true,true
GSTM4,0.2232577642425894,0.0798237612091261,true,true
GSTM5,0.6610697507858276,0.2155235950689202,true,true
GSTO1,-0.1504855081439018,-0.192504069192446,true,true
GSTO2,-0.1322512626647949,0.2337322621524124,false,true
GSTP1,-0.0459682516753673,-0.503446401293929,true,true
GSTT2B,0.072930859401822,0.0343535138668915,true,true
GSTZ1,0.0205804482102394,0.4748172297167383,true,true
GTDC1,-0.0285049855176891,0.1862060947326456,false,true
GTF2A1,0.0636117793619632,0.2087803819269833,true,true
GTF2A2,-0.1632669366896152,-0.0909365787150733,true,true
GTF2B,-0.0517038774809666,0.1059763039832217,false,true
GTF2E1,0.0038818150060251,0.016343380080884,true,true
GTF2E2,-0.0350232921274645,-0.2890179576522333,true,true
GTF2F1,-0.0598960541188716,-0.2239183732416139,true,true
GTF2F2,-0.0358510908803769,0.2044356492631056,false,true
GTF2H1,0.011965646341802,0.1153963810519278,true,true
GTF2H2,0.1490963876247405,-0.4927422427082699,false,true
GTF2H2C,0.1033576592803001,-0.0902679871461733,false,true
GTF2H3,-0.0289532676339149,0.2170274441069128,false,true
GTF2H4,0.0792499110102653,0.1068711980012238,true,true
GTF2H5,0.1122464153915643,0.2530937100018777,true,true
GTF2I,0.0956891338740076,0.1743987607830757,true,true
GTF2IRD1,-0.439311534166336,-0.0019000065674119,true,true
GTF2IRD2,0.1558475960822155,0.177467656406989,true,true
GTF2IRD2B,0.084590492149194,0.2845899544229029,true,true
GTF3A,-0.0216119741555303,-0.3674151914955086,true,true
GTF3C1,-0.0050086200547714,0.2216256206641382,false,true
GTF3C2,-0.0069899819832893,-0.0585721634276854,true,true
GTF3C3,0.0135642541572451,0.1827548213517618,true,true
GTF3C4,-0.0249023536841074,0.0254694547874221,false,true
GTF3C5,-0.0142910620197653,0.0595942396116355,false,true
GTF3C6,-0.0916528560221195,-0.292001383190803,true,true
GTPBP1,-0.0327379159862175,0.1490250681526097,false,true
GTPBP10,0.0135579176712781,0.1866293083861809,true,true
GTPBP2,0.048461047746241,-0.1310574857678594,false,true
GTPBP3,0.0475581944920122,-0.2027100352733508,false,true
GTPBP4,-0.1656542338430881,-0.2485532817905209,true,true
GTPBP8,-0.1149139265529811,0.1639515948493004,false,true
GUCA1B,0.1021351013332605,0.2772724473143174,true,true
GUCA1C,0.2574119269847869,1.483054960451714,true,true
GUCD1,-0.1860716894268989,-0.4156776208095234,true,true
GUCY1A2,-0.0237857773900032,0.135453343248924,false,true
GUCY2C,-0.1274168342351913,-0.0044564533381232,true,true
GUF1,-0.0151122947805561,0.1281928099038536,false,true
GUK1,0.0419873148202896,-0.0806879156152584,false,true
GULP1,0.1336664985865354,-0.0534649270476552,false,true
GUSB,-0.0633803294331301,-0.0715715442881879,true,true
GXYLT1,0.0504294652491807,0.1005252662703326,true,true
GXYLT2,0.2911252081394195,0.0256511275351112,true,true
GYG1,-0.1457530845887959,-0.0905819403441778,true,true
GYPC,-0.0070669675866762,0.1281158911462982,false,true
GYPE,0.0331416185945272,-0.0026016208860296,false,true
GYS1,0.00008714047726243734,0.3590465123450972,true,true
GYS2,0.0279096066951751,0.0282196131866854,true,true
GZF1,-0.1302870099898427,-0.1367288986046482,true,true
GZMA,0.1478025913238525,-0.0051310957902184,false,true
H1F0,-0.2629295825958252,-0.6436097751289473,true,true
H1FX,-0.1010987795889377,-0.2120777512792293,true,true
H2AFJ,-0.4624809920787811,-0.102012394598681,true,true
H2AFV,-0.0927125869008401,0.2059551907405241,false,true
H2AFY,-0.0810726390530665,-0.5470691510391816,true,true
H2AFY2,0.0157519318163394,0.2622459652444604,true,true
H2AFZ,-0.1461829286068678,-0.9372057405399836,true,true
H3F3B,-0.1145397962869278,-0.3555124304593242,true,true
H6PD,-0.1162667289376258,0.3944254806367295,false,true
HAAO,0.3465716441472371,0.3878017700516656,true,true
HABP2,0.0404471866786479,-0.063713594785754,false,true
HABP4,-0.0604908916478355,0.0966434985993855,false,true
HACE1,0.0622951388359069,0.33263807125401,true,true
HACL1,0.0762159979591767,0.1981148539384394,true,true
HADH,-0.1359546035528183,0.4721120003399628,false,true
HADHA,-0.2876663208007812,-0.2918127402604042,true,true
HADHB,-0.2746372818946838,-0.3538602626632831,true,true
HAGH,0.0318991265570124,0.2811639640124079,true,true
HAGHL,-0.0617934726178646,-0.1155996793410711,true,true
HAND1,0.0805197283625602,-0.1587428343448698,false,true
HAND2,0.173343151807785,0.021327247238875,true,true
HAND2-AS1,0.0777253583073616,0.7636212939890576,true,true
HAPLN1,0.807854175567627,0.3513654362608627,true,true
HAPLN2,-0.3871939182281494,0.0542959513964952,false,true
HARBI1,0.0857413411140441,-0.2320774827103113,false,true
HARS,-0.0785309810191392,-0.1583612191144814,true,true
HARS2,-0.0096131637692451,0.4140588948059527,false,true
HAS1,-0.0126466667279601,-0.4678294145614814,true,true
HAS2,-0.5221393704414367,-0.7567425053188527,true,true
HAS3,0.0012577453162521,0.0427588603964653,true,true
HAT1,-0.0820339661246786,-0.2241582302141873,true,true
HAUS1,0.004724540375173,-2.31817718861431,false,true
HAUS2,-0.1335409075021743,-0.3758888197872769,true,true
HAUS3,-0.0851826006546616,0.0703851944262177,false,true
HAUS4,0.057289956882596,-0.0103933054767657,false,true
HAUS5,0.2102662225564321,-0.0405561960693202,false,true
HAUS6,-0.0712984187528491,-0.1007239072283503,true,true
HAUS8,-0.0786342707773049,-0.07265109261329,true,true
HAVCR2,-0.1496270447969436,-1.068598839853839,true,true
HAX1,-0.0828142836689949,0.184612333138741,false,true
HBB,0.0815681219100952,1.024075142632331,true,true
HBEGF,-0.0453968755900859,0.1028163895147127,false,true
HBG2,0.1642260886728763,-0.0088150432626164,false,true
HBP1,-0.0059845688353691,0.5267745282829823,false,true
HBS1L,-0.0397917428719145,0.1144863587056983,false,true
HCCS,-0.0822605714201927,0.1465479570655938,false,true
HCFC1,-0.0424440570175647,-0.283596162498962,true,true
HCFC1R1,0.1077960409224033,0.2889363947434944,true,true
HCFC2,-0.0280582407528224,0.1091889716467888,false,true
HCG27,0.2215239666402339,-0.3643235798357876,false,true
HCG9,0.0160939525812864,0.3361298664994258,true,true
HCK,0.0481190755963325,-1.73663627111662,false,true
HCLS1,-0.2355842441320419,-0.7069666329553094,true,true
HCN1,-0.1965731233358383,0.0079970664844955,false,true
HCN2,0.1001268699765205,0.3186100604624246,true,true
HCN4,0.0701917931437492,-0.635904041816774,false,true
HCP5,0.2388386552532514,-0.3967089240880787,false,true
HCRTR1,-0.188817910850048,0.005063188089605,false,true
HDAC1,-0.0241039668520291,-0.2140720532796014,true,true
HDAC10,0.060601819306612,0.0147442893325311,true,true
HDAC11,0.0019540160428732,0.3049854188180081,true,true
HDAC2,-0.0064587522298097,0.0028971393902059,false,true
HDAC3,0.0521051226183772,-0.004650045958408,false,true
HDAC4,-0.0374295732804707,0.2931175123743932,false,true
HDAC5,0.1393228738258282,-0.244507176773224,false,true
HDAC6,0.0512344144284725,-0.0702303126761636,false,true
HDAC7,0.033750619739294,-0.0833103325829025,false,true
HDAC8,0.0349076234602502,0.1098194413121187,true,true
HDAC9,0.2287482507526874,0.7774526707061086,true,true
HDC,-0.0145382434129714,-0.210449355952052,true,true
HDDC2,-0.0541465226560831,0.3086707048808188,false,true
HDDC3,0.0866796839982271,0.2327387121911033,true,true
HDGF,-0.0556807860732078,-0.2749251556242695,true,true
HDHD2,0.0426180382880071,-0.0090776055041938,false,true
HDHD3,-0.0072283831735451,-0.5766466770527953,true,true
HDLBP,-0.0566333503728466,-0.0265647091927077,true,true
HDX,0.0097439285988608,0.0883473856618364,true,true
HEATR1,-0.0443491801619529,-0.3692687165397994,true,true
HEATR3,-0.2399525046348572,-0.3156880739868674,true,true
HEATR4,-0.1390216723084449,0.09884256422006,false,true
HEATR5A,0.0979175612640877,-0.1916898226411509,false,true
HEATR5B,0.0597731896809169,0.189978102157946,true,true
HEATR6,0.1469807907938957,0.1370407354443967,true,true
HEBP1,-0.1113843712955713,0.3673661276470077,false,true
HEBP2,-0.0278327569365501,0.0616920153318893,false,true
HECA,-0.0216113431379198,-0.2378262645963067,true,true
HECTD1,-0.0377499906878386,0.1449077151161208,false,true
HECTD2,0.1146347010120128,0.1807553766953713,true,true
HECTD3,0.0757159072905778,-0.3320656763924234,false,true
HECTD4,0.0468966920993157,-1.189897776595026,false,true
HECW1,-0.0320640951395034,-0.0631709449118143,true,true
HECW2,0.10813844576478,0.730351871803331,true,true
HEG1,-0.0577286034822463,0.6432790193819997,false,true
HELB,-0.0826769471168518,-0.1283598762131485,true,true
HELLS,0.0389387216418981,-0.5158899510828129,false,true
HELQ,0.0318520188331603,0.1384609307877213,true,true
HELZ,0.0411487301878098,0.2609151495201684,true,true
HELZ2,0.0888792872428894,-0.3143662641239068,false,true
HEMK1,0.2066231697797775,0.2891886605180764,true,true
HEPH,0.3333823482195536,1.017206595828786,true,true
HERC1,0.0810644862774227,0.3641780089230293,true,true
HERC2,-0.0773286037147045,0.0410981525535194,false,true
HERC3,0.1309724492686135,0.1478877413740962,true,true
HERC4,0.0531588046412382,0.4316151947339843,true,true
HERC5,0.2894950956106185,0.2124190109155501,true,true
HERC6,0.3521122932434082,0.5572214488623723,true,true
HERPUD1,0.0594909310340881,-0.3347331459181353,false,true
HERPUD2,0.042749729872282,0.0565247012274756,true,true
HES1,-0.0250325030647218,-0.8633175832223497,true,true
HES4,-0.0782675966620445,-0.2665255223031866,true,true
HES6,-0.2341330051422119,-0.585300789783176,true,true
HESX1,0.2912671814362208,0.1662112783195807,true,true
HEXA,0.045486733051283,0.0901501487353915,true,true
HEXB,-0.0324082560837268,0.275045637948577,false,true
HEXIM1,-0.0628773697651922,-0.0678028605786842,true,true
HEXIM2,0.0735164135694503,0.2161477334026433,true,true
HEY1,-0.1077364012598991,0.3358382058171676,false,true
HEY2,-0.0118982838001102,-0.1330219405080237,true,true
HEYL,-0.1071539707481861,0.0592198044052674,false,true
HFE,0.1963672637939453,0.1480039596079023,true,true
HGF,0.1086994856595993,-1.343749476158306,false,true
HGS,-0.0470709688961505,-0.3153490142297821,true,true
HGSNAT,-0.0190832658803888,-0.2582053623449214,true,true
HHAT,0.295128758996725,0.4159192135356137,true,true
HHATL,0.0376634299755096,1.204623959936056,true,true
HHEX,0.1146268993616104,-0.8253914961676595,false,true
HHIP,-0.0850195027887821,0.1530366063187164,false,true
HHIPL1,0.2761462889611721,0.0284089174010636,true,true
HHLA3,0.2681298032402992,0.0870496631790704,true,true
HIBADH,0.0999249729460903,0.441920565929907,true,true
HIBCH,0.1476034963769572,0.2724317972522505,true,true
HIC1,0.0379037261009216,-1.152207911390497,false,true
HIC2,0.0165149565786123,-0.0259318033734481,false,true
HID1,0.2051564902067184,0.4660567168172478,true,true
HIF1A,-0.1850485801696777,-1.100441496551356,true,true
HIF1AN,0.0503751437296159,0.1147747020856746,true,true
HIF3A,-0.5335181564092635,0.7570934136162019,false,true
HIGD1B,-0.0067427204921841,0.4139061174412694,false,true
HILPDA,-0.0540868979878723,-0.6740906338180279,true,true
HINFP,-0.0261056089773774,-0.0520529312326856,true,true
HINT1,-0.1703259617090225,-0.2040484258001233,true,true
HINT2,-0.0826505711302161,0.2255990801676439,false,true
HINT3,0.1232425351627171,0.1381698673143017,true,true
HIP1,0.1616632249206304,0.1046403254398318,true,true
HIP1R,-0.1219764873385429,-0.0771878860835544,true,true
HIPK1,-0.0748750524861472,-0.0574111538255071,true,true
HIPK2,-0.4114427662321499,0.0537894696774836,false,true
HIPK3,-0.1876943271074975,0.2645017109122225,false,true
HIPK4,-0.0165320262312889,-0.024287575914233,true,true
HIRA,-0.0605145145906135,-0.159463457608699,true,true
HIRIP3,0.082861304283142,0.3397808019354267,true,true
HIST1H2AC,0.1186807975172996,0.03731079196017,true,true
HIST1H2BC,0.0481173768639564,-0.5506239940040575,false,true
HIST1H2BD,-0.0074754757806658,-0.806378753440641,true,true
HIST1H3E,0.0199559982866048,0.2058533131285718,true,true
HIST1H4H,0.0496487505733966,-0.3260012641951766,false,true
HIST2H2BE,0.0164312040433287,0.096080019914968,true,true
HIST3H2A,0.0559967681765556,-0.0642732450238159,false,true
HIVEP1,0.0760089302701609,-0.0957167763249788,false,true
HIVEP2,-0.0089779340529015,-0.1322172985650604,true,true
HIVEP3,0.0284742904560906,-0.3991401877396651,false,true
HK1,-0.0781334588038069,-0.2986075970185169,true,true
HK2,-0.4178696734209855,-0.4670118597246635,true,true
HK3,-0.3148950934410095,-1.056368124158837,true,true
HKR1,-0.0281127048656344,0.7027302683414826,false,true
HLA-A,0.0148552174214273,-0.3755803338892,false,true
HLA-B,-0.0440142676234245,-0.4045149995639159,true,true
HLA-C,-0.0520748401592884,-0.6038151177964685,true,true
HLA-DMA,0.1341367606073617,-0.2812054963108057,false,true
HLA-DMB,0.7023918032646179,-0.4181259222066446,false,true
HLA-DPA1,0.4934309720993042,-0.0633804731363447,false,true
HLA-DPB1,0.6711953282356262,0.0853012210508925,true,true
HLA-DQA1,0.7158698439598083,-0.0612607712727468,false,true
HLA-DQB1,0.4714064002037047,-0.023495772672577,false,true
HLA-DRA,0.4250515103340148,-0.1954380164011828,false,true
HLA-DRB1,0.4837056100368499,-0.1209176626830501,false,true
HLA-DRB5,0.3466497361660003,0.4978676539300326,true,true
HLA-E,-0.0303177759051322,0.2049015494236616,false,true
HLA-F,0.0614433366572484,-0.3894977910800729,false,true
HLA-F-AS1,0.0089450285304337,0.5200574292524862,true,true
HLCS,-0.0165180409593241,-0.1369143409462736,true,true
HLF,0.1912899346401294,1.232270155194675,true,true
HLTF,0.33357801536719,0.7198926092167194,true,true
HLX,0.0818638124813636,-0.5092125184285702,false,true
HM13,-0.0895234764154468,-0.8563163849715165,true,true
HMBOX1,0.0104782521458608,-0.0144424421628688,false,true
HMBS,-0.0018297735368832,-0.412065749889015,true,true
HMCES,-0.0375464588403701,0.0942297606275608,false,true
HMCN1,-0.1492262929677963,0.1562142809709246,false,true
HMCN2,0.4088848531246185,0.8512490148549019,true,true
HMG20A,-0.015152185379217,0.4296884393707785,false,true
HMG20B,0.0463750584400258,-0.5658697068604143,false,true
HMGA1,0.1030872538685798,-0.6748002593976911,false,true
HMGA2,-0.178819254040718,-0.102427123479288,true,true
HMGB1,0.0487673046632802,-0.0079854171354831,false,true
HMGB2,-0.032995831221342,0.8587618858880351,false,true
HMGCL,0.0371754392981529,0.5512742932835611,true,true
HMGCLL1,0.3467361629009246,0.3608066373690145,true,true
HMGCR,-0.0199598560575395,-0.2564215326389107,true,true
HMGCS1,0.0967645691474899,-0.3179817559319473,false,true
HMGCS2,-0.3126622438430786,-0.6247033984895971,true,true
HMGN1,0.1754817008972167,-0.2558124257253817,false,true
HMGN2,0.1629272766411304,0.8346580057521535,true,true
HMGN3,-0.1334296762943267,0.4838245295487713,false,true
HMGN4,-0.0855483643710613,-0.1371640254231838,true,true
HMGN5,0.2757697813212871,0.1453650917212576,true,true
HMGXB3,-0.1323817186057567,-0.0506803850384476,true,true
HMGXB4,-0.0132015228271484,0.1648710141642166,false,true
HMMR,0.1080477982759475,-0.2053091101278372,false,true
HMOX1,-0.1800350397825241,-1.482109152924562,true,true
HMOX2,-0.2677606393893559,-0.789659344038183,true,true
HNF4A,-0.0600537993013858,0.004962195261276,false,true
HNMT,0.2487701922655105,-0.2746834062365803,false,true
HNRNPA0,-0.1108459472656249,-0.0564027181614545,true,true
HNRNPA1,-0.1105418600142002,-0.1147210046652489,true,true
HNRNPA2B1,-0.0521028608615909,-0.0765312247998721,true,true
HNRNPA3,-0.0394254682053412,0.1969875242729921,false,true
HNRNPAB,-0.2317849341779947,-0.5953738252878464,true,true
HNRNPC,-0.0792743244341441,0.0061713416252349,false,true
HNRNPD,-0.0179237324212278,0.133424051489595,false,true
HNRNPDL,0.0361810965197426,-0.1875026569216222,false,true
HNRNPF,-0.1474206392387194,-0.6700604763760758,true,true
HNRNPH1,-0.0058608627711821,0.2064990564114319,false,true
HNRNPH2,-0.1915297396481037,-0.2001685199391252,true,true
HNRNPH3,-0.0736999530345201,0.4804427530894339,false,true
HNRNPK,-0.0475745147892406,-0.1601240838641171,true,true
HNRNPL,-0.0180203982495835,-0.4902084069143914,true,true
HNRNPLL,-0.0166066751948424,0.1970492457782988,false,true
HNRNPM,0.00537005971585,-0.1044603033265314,false,true
HNRNPR,-0.0170501960175377,-0.2935990645963109,true,true
HNRNPU,0.0046265471859702,-0.0998151930626551,false,true
HNRNPUL1,-0.0917320434070591,-0.0148746153990781,true,true
HNRNPUL2,0.0090322507545351,0.2591787310015316,true,true
HOGA1,-0.2472838461399078,0.1874795992474411,false,true
HOMER1,0.0033623869530856,0.3073891292562169,true,true
HOMER2,0.1983166486024856,0.1174365072368654,true,true
HOMER3,0.2707600593566894,-0.2871182944391637,false,true
HOMEZ,-0.0250507125892909,0.158820162616875,false,true
HOOK1,-0.3468324244022369,-0.1156741554927815,true,true
HOOK2,0.0905798077583312,0.12083077007021,true,true
HOOK3,0.0206220881747347,0.1154015643345767,true,true
HOPX,-0.46234130859375,-1.643801327080009,true,true
HOXB2,0.0096729360520839,-0.1159160762299711,false,true
HOXB3,0.1965262045462926,-0.0435092598888762,false,true
HP,-0.031145978718996,0.1563226228272967,false,true
HP1BP3,0.0774470159917005,0.2393367564531896,true,true
HPCAL1,-0.0473649725317955,-0.3102696030044938,true,true
HPCAL4,0.0955483317375183,0.4192510490847112,true,true
HPD,0.0866089612245559,0.1636467411683009,true,true
HPGD,-0.2608686685562133,-0.3508508061934543,true,true
HPGDS,0.2717276215553283,-0.0884175329994871,false,true
HPN,0.1941262930631637,0.2504924794979636,true,true
HPR,-0.3996242880821228,0.9887553128803824,false,true
HPRT1,0.0036663219332695,0.0100523868302251,true,true
HPS1,0.0013842072337865,-0.1175124643630045,false,true
HPS3,0.1232395524469514,-0.0572010949625139,false,true
HPS4,0.0926145575940608,0.12755638285675,true,true
HPS5,-0.0132326467894017,0.1015618503593542,false,true
HPSE,-0.1204260066151619,-0.7284297105371353,true,true
HPSE2,0.090908549260348,0.0073070991000007,true,true
HRAS,0.2033426314592361,-0.1866099051607537,false,true
HRASLS,0.1589179337024688,0.4198768662143384,true,true
HRC,-0.009218699298799,0.8870817220707323,false,true
HRCT1,-0.2255837172269821,0.3642899595827283,false,true
HRH1,0.7673112154006958,-0.6672823987038066,false,true
HRH2,-0.5517064332962036,-0.625593259895842,true,true
HRH4,0.2542749345302581,-0.0026983038556528,false,true
HRK,0.1185525879263878,0.1296232961244617,true,true
HS1BP3,-0.0144677879288792,-0.0755122385353872,true,true
HS2ST1,-0.0304968201422265,0.127474103111882,false,true
HS3ST2,0.2713245153427124,-0.1130506561497513,false,true
HS3ST3A1,0.0345452055335044,0.1261047859724056,true,true
HS3ST3B1,-0.0643850490450859,-0.0718504420682311,true,true
HS3ST5,0.3055678308010101,0.0179245418429668,true,true
HS6ST1,-0.0354968653991818,-0.2108472181836167,true,true
HS6ST2,-0.3698356449604034,0.0559347659032897,false,true
HS6ST3,-0.1930402368307113,0.0807065691186514,false,true
HSBP1,-0.0102255815349053,-0.2587394412048622,true,true
HSBP1L1,-0.03471265360713,-0.1451318952836853,true,true
HSCB,0.0575983361341059,-0.1495613462468723,false,true
HSD11B1,-0.1925285458564758,-0.4609185059118967,true,true
HSD11B2,0.0552478358149528,0.0337300894123067,true,true
HSD17B1,0.0023907274007797,0.0293678519786208,true,true
HSD17B10,-0.1196170803159475,-0.0195727795161655,true,true
HSD17B11,-0.0434259393562873,0.2405534200393115,false,true
HSD17B12,-0.0831211148095982,0.1714033287398564,false,true
HSD17B13,-0.2419839352369308,0.0294175884497222,false,true
HSD17B14,0.2305362820625305,0.1862084925214022,true,true
HSD17B3,-0.0910999178886413,-0.0289696663604865,true,true
HSD17B4,-0.1359393540769815,0.1099761999095365,false,true
HSD17B7,0.0878614077810198,-0.3188840591894397,false,true
HSD17B8,0.3062863945960998,0.6705757878807183,true,true
HSD3B7,0.2142260018736124,-0.8235512618443683,false,true
HSDL1,0.1256398480618372,0.2578570025420976,true,true
HSDL2,-0.2050264924764633,0.3792195462956522,false,true
HSF1,-0.0624135963618755,0.243850503353137,false,true
HSF2,-0.151478499174118,0.0252501013745067,false,true
HSF4,0.1169565618038177,0.8788503695320173,true,true
HSH2D,0.1135867834091186,0.01714339114825,true,true
HSP90AA1,-0.0266860452746706,-0.1080279815614995,true,true
HSP90AB1,-0.0783859086888177,0.1767340703781545,false,true
HSP90B1,-0.190025033429265,-0.625955348237305,true,true
HSPA12A,0.1440589763224124,-0.1815390217730281,false,true
HSPA12B,0.0504791364073753,0.008670572685137,true,true
HSPA13,-0.2439288944005966,-0.5430717468800501,true,true
HSPA14,0.0403437010943889,-0.2521782127109886,false,true
HSPA1A,-0.0060155134648084,0.2451890934999392,false,true
HSPA1B,0.0332312022801488,-0.26298972882359,false,true
HSPA2,0.3103893399238586,1.203572291748117,true,true
HSPA4,-0.0125588640027369,0.263024360487833,false,true
HSPA4L,0.0706720962189137,0.7015973979403997,true,true
HSPA5,-0.1441228024661541,-0.6306180597733916,true,true
HSPA6,0.0733546912670135,-0.6862761603737108,false,true
HSPA8,0.0196913025962809,0.1290599432999801,true,true
HSPA9,-0.1336276422953233,-0.0260683710805498,true,true
HSPB1,-0.0387722196922238,-0.2185895046797714,true,true
HSPB11,0.1136492110788822,0.1053569980235105,true,true
HSPB3,0.0022258264943957,0.0855510594049846,true,true
HSPB6,-0.067908240109682,0.8554486692562859,false,true
HSPB7,-0.1748806089162826,-10.09027011154114,true,true
HSPB8,0.0191171802580356,0.2103012489197615,true,true
HSPBAP1,0.226202443242073,-0.0286654368635039,false,true
HSPBP1,-0.0964118068416913,-0.2731913500904799,true,true
HSPD1,-0.1473125612363219,-0.1182997345856895,true,true
HSPE1,-0.2028299942612648,-0.2247350256408369,true,true
HSPE1-MOB4,-0.1014455258846283,-0.4150647187039109,true,true
HSPG2,-0.0800565332174301,-0.0032632982996769,true,true
HSPH1,0.0295037500560283,0.1717271833893692,true,true
HTATIP2,-0.1882469579577446,-0.2942768609467663,true,true
HTATSF1,-0.0441921738286813,0.1369777566935521,false,true
HTR1F,0.0971935093402862,0.2129955753686689,true,true
HTR2B,-0.1693271708985169,-0.1584811947348323,true,true
HTR4,0.1388466954231262,0.5889033569288105,true,true
HTR7,0.2316021472215652,-0.0774723364248947,false,true
HTRA1,0.2843425031751394,0.8974777717114976,true,true
HTRA2,0.0996237462386488,-0.1823113143354988,false,true
HTRA3,-0.2574996948242187,0.8627197669918729,false,true
HTRA4,0.316596545279026,0.0863981686281239,true,true
HTT,0.0440207821583109,-0.1315696593722512,false,true
HUNK,0.116343880072236,-0.5215929903891654,false,true
HUS1,0.0242178139276802,0.0389730626131279,true,true
HUWE1,-0.0299932842275926,0.0312534062312774,false,true
HVCN1,-0.0005599677562713,-0.3356574213185776,true,true
HYAL1,-0.1410882622003555,0.3829413513015946,false,true
HYAL2,-0.5014657974243164,-0.0506657915539792,true,true
HYAL4,0.525865614414215,0.3204663883715551,true,true
HYDIN,0.1311877518892288,0.5710749620785281,true,true
HYI,0.1510354876518249,0.7374835139989079,true,true
HYKK,0.1181841045618057,0.4778647173854513,true,true
HYLS1,-0.0738889705389738,-0.2535761758860448,true,true
HYOU1,-0.0411460722486177,-0.5712093318452549,true,true
IAH1,-0.0875024124979972,0.3898577888649548,false,true
IARS,-0.0461183078587055,-0.0841292728294922,true,true
IARS2,0.0325191319920122,0.0853626290312545,true,true
IBA57,0.129346253350377,0.2955223383838894,true,true
IBTK,-0.03958721964487,0.0530680840268349,false,true
ICA1,0.0825008228421211,0.1485482502051969,true,true
ICA1L,-0.0389681532979011,0.6220720769117954,false,true
ICAM1,-0.2322593629360199,-1.904239579387326,true,true
ICAM2,-0.1398170292377471,-0.1536833173061564,true,true
ICK,0.1583604834973812,0.1440907861392277,true,true
ICMT,-0.0097014171381791,-0.3317014018817312,true,true
ID1,-0.2758345007896423,-0.2859269628526695,true,true
ID2,-0.0721679315436631,-0.2174316416978241,true,true
ID3,-0.1913992315530777,-0.8118084527974871,true,true
ID4,-0.3183440566062927,-0.1697340198350416,true,true
IDE,-0.0682886498980224,0.0218809304744818,false,true
IDH1,-0.1066867709159851,-0.492945598761179,true,true
IDH2,-0.222482681274414,0.0561033099450476,false,true
IDH3A,-0.2391922920942306,-0.1508532070210009,true,true
IDH3B,-0.0250371724367141,0.2869239034386712,false,true
IDH3G,-0.1521798148751258,0.1012161440640797,false,true
IDI1,-0.0851760910823941,-0.6849972278230254,true,true
IDI2,0.1172158941626548,0.1334152897556236,true,true
IDI2-AS1,0.3761650025844574,1.475110002297058,true,true
IDNK,0.0585620073601603,0.1397099266245678,true,true
IDUA,0.1216779872775077,0.1246709408059296,true,true
IER2,0.0200601145625114,-0.7216910054534895,false,true
IER3,0.1415475452740793,-1.380593477354943,false,true
IER5,0.0986697506159543,0.4373834413602661,true,true
IER5L,-0.0934753500235577,-1.185124244978003,true,true
IFFO1,0.2114384219050407,-0.0384520886947807,false,true
IFFO2,0.1563292611390352,-0.0299706771543164,false,true
IFI16,-0.0474161300808191,-0.997828617604552,true,true
IFI27,-0.1342537999153137,-0.3885705591301809,true,true
IFI27L1,0.0555762164294719,0.081418362156751,true,true
IFI27L2,0.0451057578126589,0.314939101915316,true,true
IFI30,-0.2423700392246246,-0.0527189500865363,true,true
IFI35,0.0295067713595926,-0.3502393106562897,false,true
IFI44,0.385853886604309,0.069230456091017,true,true
IFI44L,0.6141147017478942,0.5171221640025205,true,true
IFI6,0.2283311188220977,0.0390339982229024,true,true
IFIH1,0.2898951470851898,-0.2919854467385425,false,true
IFIT1,0.0765165667980909,0.3429792721950684,true,true
IFIT2,0.014022811781615,0.190515073308648,true,true
IFIT3,0.0924497283995151,-0.2080606119471548,false,true
IFIT5,-0.1240215506404638,0.0543915903054577,false,true
IFITM10,0.1605737805366516,0.0025603135634153,true,true
IFITM2,-0.2428617775440216,-1.203380894464262,true,true
IFITM3,-0.3368960618972778,-1.089911924514728,true,true
IFNAR1,-0.0149125816034419,-0.3834818157093828,true,true
IFNAR2,0.1427168312172094,-0.578041418869089,false,true
IFNGR1,-0.1645885979135831,-0.149318551455571,true,true
IFNGR2,-0.1018552326907714,-0.4832021821947591,true,true
IFNLR1,-0.1225443258881568,0.0334971109162579,false,true
IFRD1,-0.1457458175718784,-0.3860368532512765,true,true
IFRD2,-0.2596240520477294,-0.5768070051931437,true,true
IFT122,-0.0139219537377357,0.0193380367852991,false,true
IFT140,-0.0131168519922842,0.0659392702146828,false,true
IFT172,0.1840704694855958,0.4656934856574688,true,true
IFT20,0.0057784648612141,-0.0392307412583772,false,true
IFT27,0.2171654045581817,0.4254228986030388,true,true
IFT43,0.0291921601941188,0.4548809208145132,true,true
IFT46,0.0529586275418599,0.0452802496581861,true,true
IFT52,0.0569832421218355,-0.0042278032409819,false,true
IFT57,-0.0774580549448728,-0.0727443264050791,true,true
IFT74,0.1092029294619957,0.0924097697416632,true,true
IFT80,-0.0490721832417572,0.4636670244806921,false,true
IFT81,0.0066626787185668,0.3600810632140767,true,true
IFT88,0.0716336855354408,0.0975060492118173,true,true
IGBP1,-0.0131785889621823,0.4228894799431595,false,true
IGDCC4,0.2853395342826843,0.015767026281185,true,true
IGF1,0.0980978831648826,0.4328878298876524,true,true
IGF1R,0.0214812687731214,-1.313316281754281,false,true
IGF2,0.133364513516426,0.6704983068616492,true,true
IGF2BP2,0.0980822741985321,-0.201749594520002,false,true
IGF2BP3,-0.0577759137377142,-0.0152448328309532,true,true
IGF2R,0.0134385031248841,-0.0115577714745143,false,true
IGFBP2,-0.1144607563813527,-0.4128162911637991,true,true
IGFBP3,-0.0458358116447925,0.0691712666692518,false,true
IGFBP4,-0.3098734239382403,-0.5121545292975531,true,true
IGFBP5,-0.0067515793655599,0.3598945244930007,false,true
IGFBP6,-0.2847939431667327,0.2962735067282991,false,true
IGFBP7,-0.1043339446187019,-0.2180727985703736,true,true
IGHMBP2,0.0067534500733017,0.1596485716170168,true,true
IGIP,0.0793275237083435,0.3742814678858952,true,true
IGSF1,-0.0081010796129703,0.7223630541490135,false,true
IGSF10,0.251561015844345,0.8973041097598928,true,true
IGSF11,0.0820115357637405,0.1532182962445727,true,true
IGSF21,-0.1968686431646347,-0.1273544984666422,true,true
IGSF3,0.1456300765275955,-0.1535278231572125,false,true
IGSF5,0.0358772352337837,0.0396289713660053,true,true
IGSF6,0.3979184031486511,-1.287426649663144,false,true
IGSF8,0.0974768387774626,-0.1362953105658872,false,true
IGSF9B,0.0092657227069139,0.1790877513128594,true,true
IK,0.0416256012860685,0.1628418582681376,true,true
IKBIP,-0.0459125973284244,-0.9239334918732997,true,true
IKBKB,-0.0251801958573716,0.0023738830546937,false,true
IKBKG,-0.1490009585395455,-0.2316179092608048,true,true
IKZF1,-0.167924165725708,-0.3656394537009942,true,true
IKZF2,0.0862124332537253,0.295603442660143,true,true
IKZF3,-0.0494901575148105,0.3215687477812123,false,true
IKZF4,0.0439454722218215,-0.1104904635653267,false,true
IKZF5,0.0046265326905995,0.2650937587772412,true,true
IL10,-0.2365459203720092,-0.6668031290416091,true,true
IL10RA,0.1837805062532424,-0.8757818898006883,false,true
IL10RB,0.071131444722414,-0.6193531360014845,false,true
IL11RA,0.2011983674019575,0.7580006605515432,true,true
IL12RB2,0.2082132417708635,0.0213492362621315,true,true
IL13RA1,-0.122662529349327,-0.7927049401982385,true,true
IL15,0.0827047126367688,-0.3720340542788744,false,true
IL15RA,-0.2290834048762917,-0.5606143485144681,true,true
IL16,0.0753732114098966,0.4214544590817408,true,true
IL17D,0.2468547374010086,0.2637001963800287,true,true
IL17RA,-0.1192241072033842,-0.5211281336995266,true,true
IL17RB,-0.402722418308258,-0.5237966503257667,true,true
IL17RC,0.0321193905547261,-0.2648546364986885,false,true
IL17RD,0.4113971292972564,-0.0675342739772664,false,true
IL18,-0.1717983931303024,-0.4542491764029504,true,true
IL18BP,-0.0175444111227989,-0.5965290033793182,true,true
IL18R1,-0.6674614946047464,-0.1865821873522335,true,true
IL18RAP,0.0313022993505001,-0.1193902109656898,false,true
IL1R1,-0.1614758198459943,-1.057817864880443,true,true
IL1R2,-0.6809116005897522,-0.4697711975619391,true,true
IL1RAP,-0.1595821026712656,-0.7737484195343693,true,true
IL1RAPL1,-0.32583749294281,0.4068294878360632,false,true
IL1RL2,-0.3695072084665298,-0.0418652891655145,true,true
IL20RA,-0.4634995758533477,-0.0217115562749194,true,true
IL20RB,-0.0155717302113771,0.0003331873092938,false,true
IL22RA1,-0.1237753033638,0.0319770980468777,false,true
IL27RA,-0.1631485372781753,-0.0853959584471046,true,true
IL2RA,-0.0019307659240439,0.2233030714740575,false,true
IL31RA,0.4044811725616455,0.1450464028122017,true,true
IL32,0.0778223127126693,-0.8425791768366335,false,true
IL33,0.1823348551988601,-0.3702648619280193,false,true
IL34,0.5459800958633422,-0.2490686408504676,false,true
IL4R,-0.0322842121739605,-0.9195445012611324,true,true
IL5,-0.1149579957127571,-0.0028709878441434,true,true
IL6R,-0.2314092352986336,-0.3697091149248517,true,true
IL6ST,-0.1373224543141467,-0.2152649923779668,true,true
IL7,0.0690371245145797,-0.24452727681633,false,true
IL7R,-0.3121658861637115,0.5453970759400356,false,true
ILDR2,0.2759975492954254,0.1585329971594697,true,true
ILF2,-0.0933644072152674,-0.3682234061681075,true,true
ILF3,-0.0672028825751372,-0.2813610302057636,true,true
ILK,0.0867503687428931,-0.0667931689231826,false,true
ILKAP,-0.011282176444573,0.1407175491421397,false,true
ILVBL,-0.0725912004709243,0.1924396541238344,false,true
IMMP1L,-0.0266698678689343,0.734735263016307,false,true
IMMP2L,-0.0044575615652969,0.2522846366835732,false,true
IMMT,-0.1277043904576982,0.388356548503439,false,true
IMP3,-0.0463538633659481,-0.2581828934660994,true,true
IMP4,-0.172043827176094,-0.6162532403387888,true,true
IMPA1,-0.0721811860799789,0.2977776773144222,false,true
IMPA2,0.0206257048994302,-0.4844416581078281,false,true
IMPACT,0.0410998333245515,0.3274751898462722,true,true
IMPAD1,-0.1510192021727561,-0.0336411501216682,true,true
IMPDH1,-0.0221296846866607,-0.876307816677849,true,true
IMPDH2,-0.1607231441885232,-0.3851583459754301,true,true
IMPG1,0.0528602860867977,0.0198110409492264,true,true
IMPG2,0.1926812566816806,0.0590761303106757,true,true
INCA1,0.0456622801721095,0.2293594272951197,true,true
INCENP,-0.0387545240422089,-0.0809759453052132,true,true
INF2,0.0626829722896218,-0.2005892309652566,false,true
ING1,0.0466082617640495,-0.350603504751364,false,true
ING2,-0.0321959778666496,-0.151406632331428,true,true
ING3,0.0148964289575815,0.0330391161646019,true,true
ING4,0.136177054233849,0.5625711159344137,true,true
ING5,0.004785416337351,0.2026866563999805,true,true
INHA,-0.1103769615292549,-1.066123932071948,true,true
INHBA,0.5910813808441162,-0.2010908412085874,false,true
INHBB,0.219521477818489,-0.0130123324014088,false,true
INIP,0.014867678284645,-0.1285791747579185,false,true
INMT,0.0005546634201891,0.7709948393401329,true,true
INO80,-0.038571776290025,-0.1394136128664347,true,true
INO80B,0.0176185052841901,0.0632281244365486,true,true
INO80C,0.1207087654620409,0.2863037248472664,true,true
INO80D,-0.0001304460955517,0.1804395932666595,false,true
INO80E,0.1653207272291183,-0.3594889922038291,false,true
INPP1,-0.1670035123825073,-0.2984286819002535,true,true
INPP4A,0.1310568084674222,0.0715949857631974,true,true
INPP4B,0.1089208732758249,-1.944153709521893,false,true
INPP5A,0.046969719763313,-0.2504897320133823,false,true
INPP5B,-0.024171674091901,-0.0368269406519687,true,true
INPP5D,-0.0633975863456726,-0.2928949029516232,true,true
INPP5E,0.0840023078024387,0.0309852050978565,true,true
INPP5F,0.1059846285109718,0.0506007575125497,true,true
INPP5J,0.0049365633167326,-0.0108420860715154,false,true
INPP5K,-0.0426591042429208,0.0745298797264046,false,true
INPPL1,0.0967598304152488,-0.1919145485525488,false,true
INSIG1,0.0886978795751929,-0.4639028627081041,false,true
INSIG2,0.0794029355049133,0.1270514097991606,true,true
INSL6,-0.1446150783449411,0.0010692532794578,false,true
INSR,0.0431036294127504,0.2651019995795103,true,true
INSRR,-0.2362854182720184,0.0233844022700617,false,true
INTS1,0.0684815907850861,-0.2097528224980815,false,true
INTS10,-0.0050253253430128,-0.2063653814148027,true,true
INTS12,-0.054983841565748,-0.2272598615397041,true,true
INTS2,0.0401429921388626,0.3307644139319609,true,true
INTS3,0.1716818356265624,0.101903256300039,true,true
INTS4,0.0640588965574612,0.0396602740866338,true,true
INTS5,0.0344109013676643,-0.345521936528369,false,true
INTS6,-0.0675255865124719,-0.1135706779190899,true,true
INTS7,-0.0061083152890205,-0.1578153171199647,true,true
INTS8,0.0296339397983891,-0.0254996357118923,false,true
INTS9,0.0495082791894674,-0.2634154926379626,false,true
INTU,0.171276120096445,0.7588717720745733,true,true
INVS,-0.0105864727603537,0.0730713566816527,false,true
IP6K1,-0.0951339148118027,-0.1458304698351033,true,true
IP6K2,-0.0421539176687864,0.9281480512986628,false,true
IP6K3,-0.3130783438682556,1.789787104333935,false,true
IPCEF1,-0.202246755361557,0.3895182087031419,false,true
IPMK,-0.0501323937438428,-0.3488771222475093,true,true
IPO11,0.0081363442974785,0.2628964672357327,true,true
IPO13,0.0126636506368716,0.0118173951984497,true,true
IPO5,-0.0082080423831939,-0.2811378092232326,true,true
IPO7,-0.1280658664181828,-0.2105021668143036,true,true
IPO8,-0.0021949803291742,0.2581150804455503,false,true
IPO9,-0.040308955790741,-0.1370416983810129,true,true
IPP,0.0717396974796429,0.6506989984643634,true,true
IPPK,-0.0433956835418939,-0.3214215789397481,true,true
IQCA1,0.0931849218904971,0.0006520355759569,true,true
IQCB1,-0.00431220246745,0.0575459875748194,false,true
IQCC,0.1046927273273468,0.1427728189376513,true,true
IQCD,0.0521617010235786,0.1114015411798787,true,true
IQCE,0.0959493479400407,0.1155267842676364,true,true
IQCG,-0.0766686350107192,0.0548903381413801,false,true
IQCH,-0.1049848914146423,-0.0126273163441177,true,true
IQCK,-0.0603181049227714,0.0310100531370274,false,true
IQGAP1,-0.0064680133281009,-0.5187032673805447,true,true
IQGAP2,-0.072376362979412,0.2067833910894005,false,true
IQSEC1,0.1219372935593128,0.1347065513404412,true,true
IQSEC2,0.1192364063113928,-0.0057810710187702,false,true
IQSEC3,0.2075719982385635,0.1257058310198969,true,true
IQUB,0.1340058259665966,0.1502790219127025,true,true
IRAK1,-0.0949820056557655,-1.103781572126577,true,true
IRAK1BP1,-0.057543721050024,0.381971717982336,false,true
IRAK2,0.1232553164009004,-0.6136959521498744,false,true
IRAK3,-0.2753127738833427,0.5674056164555887,false,true
IRAK4,-0.0599536029621958,-0.4099884499757704,true,true
IREB2,-0.0274446194193192,-0.0577498574355619,true,true
IRF1,0.0695565799251198,-1.033716282717881,false,true
IRF2,0.0707554359521184,-0.1308703303396039,false,true
IRF2BP2,0.1011919919401407,0.639788165290672,true,true
IRF2BPL,-0.1317474097013473,-0.9217604866672576,true,true
IRF3,0.106893782193462,-0.1286378613454188,false,true
IRF4,0.2819822430610656,-0.0031365534935931,false,true
IRF5,0.0276827774941921,-0.5120730644131448,false,true
IRF6,0.1657425612211227,2.174162831662601,true,true
IRF7,0.1637255121022462,-0.5512064710571218,false,true
IRF8,-0.0080969268456101,-0.626137682404371,true,true
IRF9,0.1265729643404483,-0.5855447060857268,false,true
IRGQ,-0.0707721151411533,0.026144924525429,false,true
IRS1,0.0903197359293699,-0.0406367031144441,false,true
IRS2,-0.1529426202178001,0.201123626658016,false,true
IRX3,-0.1806077659130096,-1.101452201507901,true,true
IRX4,-0.1753792762756347,-0.2887137300890043,true,true
IRX5,-0.1207105442881584,-0.9124737893051792,true,true
IRX6,0.117277517914772,0.942059568214174,true,true
ISCA1,-0.04430428519845,0.2452058941509882,false,true
ISCA2,-0.0199089050292968,0.1339475428824576,false,true
ISCU,0.0167388208210468,0.8331827942192351,true,true
ISG15,0.1769960522651672,-0.6562178602007033,false,true
ISG20,-0.194924309849739,-0.713306072581294,true,true
ISG20L2,-0.0796053320169448,-0.2839636157602247,true,true
ISLR,0.2704846560955047,0.7935498506546969,true,true
ISLR2,0.0953244641423225,0.189188113937337,true,true
ISM1,0.1747575998306274,0.0443249937862414,true,true
ISOC1,0.0711819753050804,0.1730378212710759,true,true
ISOC2,0.0770184770226478,-0.3489494599667244,false,true
ISPD,-0.0203536354005336,0.2786649755339292,false,true
IST1,-0.0090108548091458,0.1217981343143668,false,true
ISY1,-0.0111885398626327,0.1390967143411465,false,true
ISYNA1,0.0833400050760246,-0.2357383612017018,false,true
ITCH,-0.0393762414875839,-0.011415371830834,true,true
ITFG1,0.0390838397932904,0.3718542120713426,true,true
ITFG2,0.143205052308206,0.2454993319436864,true,true
ITGA1,0.1362063139677047,-0.1154208161122838,false,true
ITGA10,-0.1452916115522384,0.4883697879903836,false,true
ITGA11,0.3247811198234558,0.0535425608384678,true,true
ITGA2,0.0814055874943733,-0.700444149503377,false,true
ITGA2B,0.1418671756982803,0.0129762935716597,true,true
ITGA3,0.1321611255407333,-1.577017381894968,false,true
ITGA4,-0.0434878915548324,-0.9395903914663172,true,true
ITGA5,-0.1761525755748152,-1.269926645992599,true,true
ITGA6,0.1043820455670356,0.2621671669586804,true,true
ITGA7,-0.0939108135353308,-0.0908472598270426,true,true
ITGA8,0.3298915028572082,0.6134617653467489,true,true
ITGA9,0.0635183238025222,0.3150433587625913,true,true
ITGAD,-0.1536294966936111,0.0034566769031032,false,true
ITGAE,0.0148840710520744,0.0636737611464864,true,true
ITGAL,0.4670454561710357,-0.5356121002077817,false,true
ITGAM,-0.1900207251310348,-0.7021616449647778,true,true
ITGAV,0.0603589639067649,-0.2447518775922032,false,true
ITGAX,0.0630710646510124,-0.7415739817255907,false,true
ITGB1,-0.0283750592331801,-0.542192067786881,true,true
ITGB1BP1,0.0376524499927957,0.1317441963083121,true,true
ITGB1BP2,-0.0866201519966125,-0.1750630277289939,true,true
ITGB2,0.051777895539999,-1.600538283128423,false,true
ITGB3BP,0.0639480740452806,0.1770064630766654,true,true
ITGB4,0.087612085044384,0.1526742201712154,true,true
ITGB5,0.0574515822033087,-0.2293339684623916,false,true
ITGB6,-0.0648021027445793,-1.025202950789713,true,true
ITGB8,0.710323691368103,0.1813039638855698,true,true
ITGBL1,0.6498974561691284,0.5776129399629539,true,true
ITIH2,-0.1657388359308242,0.0097832939930795,false,true
ITIH4,0.1593227833509445,0.2214431090727434,true,true
ITIH5,0.7625506520271301,1.051637779306963,true,true
ITK,-0.2665707468986511,0.2493297583511087,false,true
ITM2A,-0.1450377851724624,0.403063783344205,false,true
ITM2B,0.008200634437214,0.1309075490642239,true,true
ITM2C,-0.0076579609885811,0.1325801547188998,false,true
ITPA,-0.0096677837893366,-0.2517359214052454,true,true
ITPK1,0.0411941082187089,-0.3534784335546667,false,true
ITPKA,0.004056354984641,0.1682308638562388,true,true
ITPKB,-0.011958822607994,0.102475565684291,false,true
ITPKC,-0.4225850552320479,0.0819240283322097,false,true
ITPR1,0.0366732036428792,0.2277946102034338,true,true
ITPR2,0.0162694991699286,0.3780379805158578,true,true
ITPR3,-0.1607779115438461,-0.1233159322759034,true,true
ITPRIP,-0.1461961321532726,0.2399974745353579,false,true
ITPRIPL2,0.0273461672477424,-0.4289904431535127,false,true
ITSN1,0.2737990617752075,0.1539954058407802,true,true
ITSN2,0.0497936611729008,-0.0274568982805822,false,true
IVD,0.0233948666602373,0.7977251040266892,true,true
IVNS1ABP,0.1294275112450122,0.5176285460743779,true,true
IWS1,0.0392791772527354,0.0016901478415745,true,true
IZUMO1,0.0679704248905181,-0.0802883274428392,false,true
IZUMO4,-0.1255072951316833,0.1980073344111014,false,true
JAG2,-0.1012406274676322,-0.5565778257816351,true,true
JAGN1,-0.2037389464676379,-0.6028315958703554,true,true
JAK1,0.0601332848226385,-0.1177051298741211,false,true
JAK2,0.1336117722094059,1.494506216675777,true,true
JAK3,0.006541802547872,-1.004299751280015,false,true
JAKMIP2,0.1414945423603057,-0.1299477257951095,false,true
JAKMIP3,0.0764308497309684,0.3145199928283737,true,true
JAM2,0.3074068129062652,0.29860178425788,true,true
JAM3,0.1244139768183231,0.2698555038498464,true,true
JARID2,-0.0482566811676536,0.4507592578688004,false,true
JAZF1,-0.002793861686119,0.2536001173945994,false,true
JDP2,-0.1715160012245178,-0.4432017777665864,true,true
JKAMP,0.0472463130950927,-0.3048805900689961,false,true
JMJD1C,-0.0231635207310318,1.041477075575533,false,true
JMJD4,0.0329392161220312,-0.06709959461292,false,true
JMJD6,-0.1705480337142944,-0.3949743230251985,true,true
JMJD7,-0.0141227729618549,0.0776011222249421,false,true
JMJD8,0.0985802114009857,-0.0017936047876232,false,true
JMY,0.0847924637297789,0.5532323418666532,true,true
JOSD1,-0.0857504086568951,-0.2511522881847363,true,true
JOSD2,-0.0424248091876506,-0.6404886343380247,true,true
JPH1,-0.2721092700958252,-0.5140065189078467,true,true
JPH2,0.0037465307395905,0.385351702196929,true,true
JRK,0.0509892992675304,0.5701605009565329,true,true
JRKL,-0.0261284733812014,0.0906582646489613,false,true
JTB,-0.0572456046938896,-0.5736782501716781,true,true
JUN,0.092519773542881,0.2527189764012423,true,true
JUNB,-0.0736749532322088,-1.811106168996696,true,true
JUND,0.0534050986170768,-0.4535319015891321,false,true
JUP,0.0233910884708166,-0.0688939416532017,false,true
KALRN,-0.011580194812268,0.2279712567726432,false,true
KANK1,-0.0761107131838798,0.7913999316741264,false,true
KANK2,0.0745126515006025,-0.2371989040985722,false,true
KANK3,-0.026000790297985,-0.0774748235266033,true,true
KANK4,-0.026525717228651,0.0790221566143683,false,true
KANSL1,0.0042136926370273,0.3056844615122607,true,true
KANSL1L,-0.029553430886673,0.5652434718893709,false,true
KANSL2,-0.0621038399636745,0.1813994825467042,false,true
KANSL3,-0.0340753750975376,0.2120765366491435,false,true
KARS,-0.1181219242513179,-0.137062081342556,true,true
KAT2A,0.1498637586832046,0.4254265208308529,true,true
KAT2B,-0.0909494459629058,0.046433647090061,false,true
KAT5,-0.02370315073058,0.0088386905287487,false,true
KAT6A,-0.000363664701581,0.110058421714716,false,true
KAT6B,-0.0488776849316699,0.3913484816248251,false,true
KAT7,0.0100582592422142,0.3927855495056484,true,true
KAT8,-0.0911290556192397,0.1957903648859331,false,true
KATNA1,-0.0978198640048504,-0.0910463561584937,true,true
KATNAL1,-0.0265976810561759,0.2607585469138005,false,true
KATNAL2,0.0139867264777421,0.4272280280224791,true,true
KATNB1,-0.019140885095112,-0.2310697531092595,true,true
KATNBL1,-0.0493946823158434,-0.3342837617095364,true,true
KAZALD1,0.0798902288079261,0.4714746860646268,true,true
KAZN,-0.9252521395683287,0.2045003858249651,false,true
KBTBD12,0.2186364233493804,0.1835680374796702,true,true
KBTBD13,-0.0793098136782646,0.0622822890342575,false,true
KBTBD2,-0.0022174860544813,-0.2139989986395751,true,true
KBTBD3,0.0710032029698292,0.4493441223126801,true,true
KBTBD6,-0.1043943464756012,0.8950600245393907,false,true
KBTBD7,0.0971673281746916,0.5147810970257014,true,true
KBTBD8,0.0897402390837669,0.4906855999402215,true,true
KCMF1,-0.0578803679506693,-0.3396949791276995,true,true
KCNA4,0.3101162016391754,0.5239078747422335,true,true
KCNAB1,0.1290994472801685,0.9517013469407508,true,true
KCNAB2,-0.0317772440612316,0.5575139358571061,false,true
KCNB1,-0.1729169189929962,0.4821847992934679,false,true
KCNC1,-0.1845589447766542,0.0020810954450455,false,true
KCNC3,-0.0655518472194671,-0.0356954284059985,true,true
KCNC4,0.1866785008460283,0.3440547158718654,true,true
KCND2,0.3160913586616516,0.0437710649569421,true,true
KCND3,-0.248385265469551,-0.2721488032038323,true,true
KCNE1,-0.8800621032714843,0.7351113719632029,false,true
KCNE2,-0.0925974622368812,-0.0416821458390575,true,true
KCNE3,-0.1188088208436965,-0.5717383402839123,true,true
KCNE4,-0.3455543518066406,-0.1272751706818986,true,true
KCNG2,-0.3360277414321899,-0.0189531614138043,true,true
KCNH1,-0.0561230713501572,0.0015265889852239,false,true
KCNH2,-0.0809999257326126,-0.3835013985260431,true,true
KCNH3,-0.0907194539904594,0.0336933612863818,false,true
KCNH8,0.0875577827294667,0.0297722658984878,true,true
KCNIP1,0.134606659412384,0.1574760165798404,true,true
KCNIP2,-0.0184132307767868,0.1976846833063206,false,true
KCNIP3,-0.0815191641449928,-0.2597067299782199,true,true
KCNIP4,-0.2033067494630813,0.0702198344113407,false,true
KCNJ10,-0.0147338360548019,-0.0181598096473211,true,true
KCNJ12,-0.180947721004486,-0.4167154058253155,true,true
KCNJ13,-0.327345997095108,-0.0658937291494909,true,true
KCNJ14,-0.0384906129911541,-0.0165212525155261,true,true
KCNJ2,-0.0428564026951789,0.4373325252541548,false,true
KCNJ3,0.2290704995393753,0.157190932445728,true,true
KCNJ4,0.252530962228775,0.4307526238788224,true,true
KCNJ5,0.6351381540298461,-0.6871323303192418,false,true
KCNJ6,-0.2207071967422962,0.0182302735978954,false,true
KCNJ8,0.0315610542893409,-0.3242373680669725,false,true
KCNK1,-0.3636930286884307,-0.061959501237994,true,true
KCNK10,-0.0115562044084072,-0.0141665964345515,true,true
KCNK12,-0.0060491412878036,-0.013984862829313,true,true
KCNK13,-0.0337698236107826,-0.1025741462401599,true,true
KCNK2,0.1055105179548263,0.0737414319229124,true,true
KCNK6,0.181845873594284,0.0132442625516717,true,true
KCNMA1,-0.1887840032577514,0.3057896082679942,false,true
KCNMB2,0.2055757045745849,0.736204088411837,true,true
KCNMB3,-0.0902169379871338,0.0915220554987106,false,true
KCNMB4,0.3076824784278869,0.2344193881456333,true,true
KCNN1,-0.0652132332324981,0.00686438122326,false,true
KCNN2,-0.1612894237041473,0.2039760045627256,false,true
KCNN3,0.2935946285724639,0.5567545646777156,true,true
KCNQ1,-0.1414026270310083,-0.1153822632313272,true,true
KCNQ3,-0.0897620841860771,0.0716236487049722,false,true
KCNQ5,0.2136814445257186,0.0235172095264095,true,true
KCNS3,0.7412066459655761,-0.1712588532165701,false,true
KCNT2,0.1575345546007156,0.1015762381796941,true,true
KCNV2,0.0886062234640121,0.0025657217337609,true,true
KCTD1,0.0283388782292604,0.5326436732965991,true,true
KCTD10,-0.090946527570486,-0.5723327920875673,true,true
KCTD12,-0.0399421229958534,-0.2581072385326672,true,true
KCTD13,0.1234330877661705,0.1052935425214529,true,true
KCTD15,-0.174515888094902,-0.4672440028427127,true,true
KCTD17,0.1305143982172012,-0.1666661241499207,false,true
KCTD18,0.0523023684392683,0.1618827475446069,true,true
KCTD19,-0.0531373731791973,-0.0094565964811688,true,true
KCTD2,-0.0302892060950398,0.0013503009959885,false,true
KCTD20,-0.1342228329075234,-0.423494305786539,true,true
KCTD21,0.0008837128989398,-0.3181641466840814,false,true
KCTD3,-0.0027160343403617,0.2332529622535619,false,true
KCTD5,-0.0298224603757262,-0.249625584212425,true,true
KCTD6,-0.0055300220847129,-0.1177325630289063,true,true
KCTD7,0.2006132289767265,-0.0282330672182369,false,true
KCTD9,0.0044823437929153,-0.1072702875109756,false,true
KDELC1,0.2249843776226043,-0.1317027818786769,false,true
KDELC2,-0.0519362799823284,-0.3021322711376739,true,true
KDELR1,-0.0339604130946099,-0.2397434394278867,true,true
KDELR3,0.1468134224414825,-0.5690400751787891,false,true
KDM1A,-0.002944012871012,-0.0807383566044475,true,true
KDM1B,0.1178809650242328,0.0399790827327479,true,true
KDM2A,0.0205772334177579,-0.0422417963384513,false,true
KDM2B,0.2011865632874625,0.0659431305849391,true,true
KDM3A,0.0401271557036255,0.3987408232148226,true,true
KDM3B,0.0039133356518245,0.3682447025988953,true,true
KDM4A,0.0530201964080333,0.2407307149918738,true,true
KDM4B,-0.0344224823638796,-0.0570020041276926,true,true
KDM4C,-0.0201911825487124,0.002592410601653,false,true
KDM4D,0.1055080145597458,0.0692064871453995,true,true
KDM5A,0.042565303455506,0.3378086128720618,true,true
KDM5B,0.0354258837178349,0.0281180220635666,true,true
KDM5C,-0.0546544164186343,-0.3665863859137767,true,true
KDM5D,0.1391389009853204,1.997879684597108,true,true
KDM6A,-0.0779725212071623,0.0723958351727231,false,true
KDM6B,0.0939061790704727,-0.1959664828733354,false,true
KDM8,0.032868318259716,0.089357410482078,true,true
KDR,-0.2049268037080764,-0.7713692083136041,true,true
KDSR,0.0344137080013752,-0.4378747320447731,false,true
KEAP1,-0.1371059536933899,-0.2125318763588381,true,true
KEL,0.1751203835010528,0.0282064592375425,true,true
KHDC1,0.0621881770590941,0.1911692468277939,true,true
KHDRBS1,0.051606759628547,0.0558598654095749,true,true
KHDRBS3,0.2488857954740524,-0.3375257418834039,false,true
KHNYN,0.0337543314322829,-0.2354916106367244,false,true
KHSRP,-0.0045781593769788,-0.3243538315787049,true,true
KIAA0040,-0.174667027592659,-0.585824243605745,true,true
KIAA0100,0.0064715658314525,-0.2300002790151145,false,true
KIAA0232,-0.0821404558207307,0.3448171152193406,false,true
KIAA0319,0.0543123967945575,-0.008586442615602,false,true
KIAA0319L,0.0741402384425912,0.5001504058224695,true,true
KIAA0355,-0.1100730821490287,0.1971675544478044,false,true
KIAA0408,-0.0284702498465776,0.7946304042289986,false,true
KIAA0513,-0.0613451023818925,0.1747913010737023,false,true
KIAA0556,0.0396346381555,0.3964905382864478,true,true
KIAA0586,0.0433991370456559,-0.3056755305913396,false,true
KIAA0753,0.1038113802671432,0.2140205449627032,true,true
KIAA0825,0.0371453889778682,0.4693033163468325,true,true
KIAA0895,-0.0544586526229977,-0.0741290125681872,true,true
KIAA0895L,-0.1027741998434066,0.1187865365608455,false,true
KIAA0930,0.1719118803739547,-0.4842931589994963,false,true
KIAA1107,0.1983570307493209,0.7431513817205557,true,true
KIAA1109,0.1181353224175316,0.3748663622346892,true,true
KIAA1143,-0.0882287211716175,0.1304129128881035,false,true
KIAA1147,0.1167604019865393,-0.0607645888573689,false,true
KIAA1191,-0.0172716703964397,0.5218701561308565,false,true
KIAA1211,1.283772706985474,0.3329910757117098,true,true
KIAA1211L,-0.171499565243721,0.358341286429153,false,true
KIAA1217,-0.1934672445058822,0.481702645456318,false,true
KIAA1257,0.101380355656147,0.0334359849803957,true,true
KIAA1324,0.0814536735415458,0.0036276270632174,true,true
KIAA1324L,0.0355362739813114,0.4568586177013307,true,true
KIAA1328,0.1164273715444973,-1.864154064372497,false,true
KIAA1522,-0.1204638537019491,0.0665901839559581,false,true
KIAA1549,-0.4945126771926879,0.2564882861676635,false,true
KIAA1549L,-0.131084606051445,0.0327838607612237,false,true
KIAA1586,-0.0206082634627819,0.1618576870376378,false,true
KIAA1614,0.1073983448247114,0.3459126201611122,true,true
KIAA1671,0.1443539857864379,0.380040783648639,true,true
KIAA1755,0.6680083274841307,0.16488021227261,true,true
KIAA1841,0.1258985850960016,0.1474054604025805,true,true
KIAA1958,-0.1153290728572756,0.1027781285926905,false,true
KIAA2013,-0.0099936546408571,-0.0718236471261719,true,true
KIAA2026,0.076846213213035,0.1335160287593897,true,true
KIDINS220,0.0122729154037577,0.380294167665971,true,true
KIF11,-0.4176995456218718,-0.2780120852842427,true,true
KIF13A,0.1187748440674373,0.6382463180777602,true,true
KIF13B,-0.1323110519775322,0.4646677487735999,false,true
KIF15,0.1057553738355636,-0.2165229858289571,false,true
KIF16B,0.0745083345100283,0.2480334347507691,true,true
KIF17,-0.0442173741757869,0.0034864768237022,false,true
KIF1B,-0.0746642462909221,0.1702706465982384,false,true
KIF1C,0.0126814730465412,0.1108044232788714,true,true
KIF20B,0.0574162706732749,0.0573695165389751,true,true
KIF21A,-0.1424497663974762,0.1312227350965082,false,true
KIF22,0.0616341540589928,0.8164530176041164,true,true
KIF24,0.0064400304108858,-0.0634945580421021,false,true
KIF26A,0.2064786553382873,-0.3327155150763923,false,true
KIF26B,-0.1548334956169128,-0.5764334241025815,true,true
KIF27,0.0132760419044643,0.4286642005938849,true,true
KIF2A,0.0092225896327623,-0.1150492900159223,false,true
KIF2C,0.0366660878062248,-0.2719880437699279,false,true
KIF3A,0.2014840260148048,0.2748161001391515,true,true
KIF3B,-0.0232546396553516,-0.1221388633546336,true,true
KIF3C,0.2534651830792427,0.0201471409993723,true,true
KIF4A,0.0295657068490981,-0.1566222164793368,false,true
KIF5B,0.0040859515512628,0.1730949554413374,true,true
KIF5C,-0.2250788486562669,0.095262235187809,false,true
KIF6,0.2218575943261385,0.1574166979727244,true,true
KIF7,0.212586926917235,0.245166428089149,true,true
KIF9,0.0304032464822133,0.3374645805709612,true,true
KIFAP3,0.060795957488673,-0.0636864452260015,false,true
KIFC2,-0.0190137065947055,-0.0874194122310303,true,true
KIFC3,-0.0353781059384346,-0.4469305487088757,true,true
KIN,-0.007266327101388,0.0052868577966047,false,true
KIRREL3,0.4055664837360382,0.0508018938964948,true,true
KIT,-0.1862650513648986,0.228747075233466,false,true
KITLG,0.0928470760583877,-0.728797215274219,false,true
KL,0.1967919617891311,-0.22089809750535,false,true
KLB,-0.0531491264700889,0.0581199465540083,false,true
KLC1,0.0055635465313181,0.0317678380404213,true,true
KLC2,0.0671413410454988,-0.5506116883307745,false,true
KLC3,0.0690482109785079,-0.0074867849313553,false,true
KLC4,0.1186106219887733,0.4106958838284722,true,true
KLF10,-0.2950322747230529,-1.137509968793364,true,true
KLF11,-0.0498912907205521,0.0357929818347333,false,true
KLF12,0.1253922038844653,0.5942601874934929,true,true
KLF13,-0.1613934465817042,0.3354608227065196,false,true
KLF15,-0.3254675567150116,1.250737071049628,false,true
KLF2,-0.1477900445461273,0.6554548328471994,false,true
KLF3,-0.0491435070677349,-0.1493875630938688,true,true
KLF4,-0.1493814885616302,0.3150866982196598,false,true
KLF5,0.1780564188957214,-1.049825352387044,false,true
KLF6,-0.0400864942265408,-0.1339892302731451,true,true
KLF7,-0.0477728181119475,0.208818974913159,false,true
KLF8,0.0753171265125274,0.3730790142412205,true,true
KLF9,-0.4290994244317213,1.001930324600223,false,true
KLHDC1,0.1311917050431172,0.4331640016687088,true,true
KLHDC10,0.0468403643795422,0.0152688639125391,true,true
KLHDC2,-0.0117513914592564,0.2447843951770636,false,true
KLHDC3,-0.0120895648142322,0.2738194638985573,false,true
KLHDC4,0.0983251876508196,0.1315230416002171,true,true
KLHDC8B,0.0051343012601137,-0.6591518394948687,false,true
KLHDC9,0.1412238031625747,0.1917386557265674,true,true
KLHL10,-0.0295297410339117,0.0075346806849546,false,true
KLHL11,-0.0442468335968442,0.1459718823287856,false,true
KLHL12,0.0128492662683129,0.2034795748002977,true,true
KLHL13,0.2884846562519669,0.7632878381884871,true,true
KLHL15,-0.1300543058663606,-0.2012939315697566,true,true
KLHL17,-0.0512591563165187,-0.2171255064736603,true,true
KLHL18,0.0414554401844118,-0.173266181799041,false,true
KLHL2,-0.1520744239290555,-0.5305289238175197,true,true
KLHL20,-0.0066730932864759,0.104518132580941,false,true
KLHL21,-0.0361643963726237,0.0905079206272665,false,true
KLHL22,0.139960089964526,0.2396042491506538,true,true
KLHL23,0.0483874753117561,-0.8951744970725306,false,true
KLHL24,0.0912535563111305,0.742439573778733,true,true
KLHL25,-0.214596393207709,-0.4587850740126435,true,true
KLHL26,-0.2799390219151973,0.164309580894151,false,true
KLHL28,-0.0822826522801603,0.1375505393271438,false,true
KLHL29,0.017504135146737,0.1693476758866434,true,true
KLHL3,-0.1688149273395538,0.1493397431740337,false,true
KLHL30,0.0418911501765251,0.129371259889806,true,true
KLHL31,-0.4102970361709594,-0.0251203720222434,true,true
KLHL32,-0.0871709138154983,-0.1213239920107043,true,true
KLHL34,0.2293006777763366,0.477976615776074,true,true
KLHL35,0.0688017234206199,-0.0519889767349215,false,true
KLHL36,-0.0384160690009593,0.5397168929935363,false,true
KLHL38,0.0746605023741722,1.094847308909716,true,true
KLHL4,0.1471070609986782,-0.0310303108235279,false,true
KLHL41,-0.0659184157848358,-0.4282839138968173,true,true
KLHL42,0.016117523657158,-0.1660473760919138,false,true
KLHL5,0.026401575654745,-0.0675545295188895,false,true
KLHL6,0.0892136245965957,-0.4925446749342135,false,true
KLHL7,0.0939224362373352,0.6315474336118356,true,true
KLHL8,-0.0280572184904788,-0.2699787001901228,true,true
KLHL9,-0.1315867647528648,0.1052164028344551,false,true
KLKB1,0.1561267357319593,0.3689921697804996,true,true
KLRD1,-0.0569087788462638,0.4151408949553063,false,true
KLRF1,0.1992106437683105,0.0984981739375173,true,true
KLRG1,0.06956747174263,0.1500932050055581,true,true
KLRK1,-0.0011979879345744,0.1919574804486246,false,true
KMO,-0.0813489258289337,-0.26533087654352,true,true
KMT2A,0.1118256737078939,0.4358469593725575,true,true
KMT2C,-0.0001024702297789,0.1375105726734915,false,true
KMT2D,0.0014746058732271,0.0025812323877856,true,true
KMT2E,0.0117734589480927,0.1442108533723924,true,true
KNDC1,0.1086856946349144,-0.0089729556503347,false,true
KNG1,-0.1342696994543075,-0.1243694112440883,true,true
KNOP1,0.0179174708202481,-0.1772913290679896,false,true
KNSTRN,-0.0741890668869018,-0.4079436753958565,true,true
KNTC1,0.027195556089282,-0.2050523824392291,false,true
KPNA1,-0.0670163607490914,-0.1449327611260162,true,true
KPNA2,-0.4117869138717651,-0.7292384324035343,true,true
KPNA3,0.010992764121121,0.0858126982036342,true,true
KPNA4,0.0052587030721562,0.1312508644160868,true,true
KPNA5,0.0685098892343895,0.2410170631577606,true,true
KPNA6,-0.028794700545924,-0.0634076845656084,true,true
KPNB1,-0.0629810744098254,-0.1587767911745485,true,true
KPTN,0.0215272083878517,-0.0883641155201303,false,true
KRAS,-0.1704367672403653,-0.4587691049969917,true,true
KRBA1,-0.2055022120475769,0.8190232493273077,false,true
KRBA2,0.0034259429667145,0.5312875835974915,true,true
KRBOX4,0.0544228561222553,0.2074519060341195,true,true
KRCC1,0.0588972184008785,-0.1233632748287267,false,true
KREMEN1,-0.0482773855328559,0.3339827355899536,false,true
KRI1,-0.0018231182708404,-0.0518312823101223,true,true
KRIT1,0.0144192450679838,0.2849632089806286,true,true
KRR1,-0.052867417410016,-0.105685693570618,true,true
KRT10,-0.0776148650795221,-0.1309807141472174,true,true
KRT8,-0.1724067879840731,-0.8100273725479354,true,true
KRTCAP2,-0.024377703666687,-0.4938088046595599,true,true
KRTCAP3,0.0971502140164375,0.0439504455879858,true,true
KSR1,-0.0392497175572706,-0.3189302322070464,true,true
KTN1,0.0156131703406572,5.135373884506439,true,true
KXD1,-0.0273828968405723,-0.2901368986765184,true,true
KY,0.0464493595063686,0.5840684598870662,true,true
KYNU,-0.3305684626102447,-1.028630663916745,true,true
L2HGDH,-0.0252232316881418,0.3963491675712209,false,true
L3HYPDH,-0.0559227652847766,-0.3264516413284437,true,true
L3MBTL1,0.1737203821539878,0.3391853956958547,true,true
L3MBTL2,0.0102926122024655,0.0744143828272441,true,true
L3MBTL3,0.0417436126619577,-0.0211872208557639,false,true
L3MBTL4,0.2345921205622809,-0.1048274946002385,false,true
LACC1,0.1067095100879669,-0.0249900834189422,false,true
LACTB,-0.1410814899951219,-0.1609076064009737,true,true
LACTB2,-0.0585558773018419,0.0959817052009412,false,true
LAGE3,0.0305305905640125,-0.1979805551101705,false,true
LAIR1,0.1880173534154892,-1.140317469515767,false,true
LAMA1,-0.0936871320009231,-0.1228378361454048,true,true
LAMA3,0.2267235219478607,0.4634901014733188,true,true
LAMA4,0.2207118918498357,0.1435164728677431,true,true
LAMA5,0.0583451744168996,-0.2459721564248385,false,true
LAMB1,-0.0396126769483089,0.6181766322796447,false,true
LAMB2,0.2271868921816349,0.6338316938340948,true,true
LAMB3,0.0060735060833394,-0.6240715855100504,false,true
LAMB4,0.0203469134867191,0.0782876564160288,true,true
LAMC1,-0.2092725187540054,0.079834996788989,false,true
LAMC2,-0.4014180302619934,-1.021984618122358,true,true
LAMC3,-0.0305184740573167,0.0134746392375021,false,true
LAMP1,-0.1159862518310546,-0.2397413992278494,true,true
LAMP2,-0.0856990568339824,-0.0837041022529971,true,true
LAMTOR1,-0.0255696650594472,-0.0824810065229932,true,true
LAMTOR2,-0.0480403350666165,0.0954525859810946,false,true
LAMTOR3,-0.0563533090054988,0.0942413797158909,false,true
LAMTOR4,-0.0459723914042115,0.1778946699398336,false,true
LAMTOR5,-0.1392072036862373,0.0295397166044226,false,true
LANCL1,0.011659788666293,0.3976648467189427,true,true
LANCL2,-0.0280506953597068,-0.0125692455702144,true,true
LANCL3,0.0697538927197456,0.00002012857885663744,true,true
LAP3,0.0687354007735848,-0.4921814340518047,false,true
LAPTM4A,-0.1873442113399505,-0.0866287412403661,true,true
LAPTM4B,-0.1099712178111076,0.1599347334272422,false,true
LAPTM5,-0.48018079996109,-1.654655217113917,true,true
LARP1,0.0012961067882965,-0.0458846021188277,false,true
LARP1B,-0.0917515233159065,-0.2927319431200183,true,true
LARP4,-0.1697909576552254,0.4001228024240788,false,true
LARP4B,-0.0571266557089984,0.4256198577188343,false,true
LARP6,-0.3446678817272186,-0.783259688923211,true,true
LARP7,0.0482425498776137,0.1473266665673085,true,true
LARS,-0.0612601866679532,-0.1344671584130461,true,true
LARS2,-0.0257128938877334,0.3658615694233962,false,true
LAS1L,0.0653259005397558,0.1160563873262168,true,true
LASP1,0.0687355212867259,-0.2572799059353996,false,true
LAT2,-0.0255634393543004,-1.063771222920068,true,true
LATS1,0.0145188232085534,0.0962542477623919,true,true
LATS2,-0.0747092658032973,0.0553683014356809,false,true
LAYN,0.0468699820339679,-0.0125909820790206,false,true
LBH,0.2634231150150299,-0.2886098826115297,false,true
LBR,-0.0466028122852245,-0.354343470849662,true,true
LCA5,0.0970844887197017,0.2400729635517568,true,true
LCA5L,-0.045927096158266,0.0882965576600407,false,true
LCAT,0.2390879876911639,0.0991647103287895,true,true
LCK,0.120741032063961,0.0240105453435102,true,true
LCLAT1,0.0736144706606864,-0.0661615607327918,false,true
LCMT1,0.0694711180403828,0.188671122220402,true,true
LCN10,-0.6750857234001159,0.1973871189587221,false,true
LCN12,0.2981531023979187,0.209750882302566,true,true
LCNL1,0.3759853541851044,0.5278186461317916,true,true
LCOR,0.0256829674222639,-0.0395190315290552,false,true
LCORL,0.0035540888618145,-0.2757054609079789,false,true
LCP1,-0.0163292959332466,-1.834750186259811,true,true
LCP2,0.144131701439619,-0.5352360242573313,false,true
LDB1,0.1958101376891135,0.5240148951803189,true,true
LDB2,0.076002761721611,0.200686575947004,true,true
LDB3,-0.0253131669014692,-7.892534543482278,true,true
LDHA,-0.4685311734676361,-1.765151358213143,true,true
LDHAL6A,-0.1320697106420993,0.0056279398940817,false,true
LDHB,-0.1204160824418067,0.5923609050654494,false,true
LDHD,-0.1297158747911453,0.479443076210825,false,true
LDLR,-0.107278749346733,-1.379551982464209,true,true
LDLRAD2,-0.0567603552093108,-0.0039638708332821,true,true
LDLRAD3,-0.083415544591844,-0.3497342399241407,true,true
LDLRAD4,0.1563631423882075,0.0622154188476753,true,true
LDLRAP1,0.1011100947856903,-0.3619606418405854,false,true
LDOC1,0.2509531378746032,0.0642258918732182,true,true
LEAP2,-0.1632357537746429,0.1820480846256564,false,true
LEF1,-0.0816414132714271,0.1937201052172684,false,true
LEFTY1,0.0669361874461174,-0.0551806996603501,false,true
LEKR1,0.109846225939691,0.3031405080841857,true,true
LEMD2,0.0301819451618939,0.049925868841854,true,true
LEMD3,-0.0568152757893715,-0.0846326606144325,true,true
LENG1,0.0279076285660266,0.0925159081786781,true,true
LENG8,0.1696574847613062,0.6486064838098593,true,true
LENG9,-0.0068964412435889,-0.2959399272358446,true,true
LEO1,-0.0680755902081728,0.0719735834305956,false,true
LEPR,0.2356323897838592,0.5044658038838407,true,true
LEPROTL1,-0.2458681613206863,0.0217250571715146,false,true
LETM1,-0.1388794332742691,-0.1258579128272239,true,true
LETM2,-0.2141121998429298,0.0562031072721031,false,true
LETMD1,0.0210784155254562,0.4507139126287564,true,true
LFNG,0.1808201968669891,-0.4066816104424566,false,true
LGALS1,-0.0285761140286922,-0.4755736911749295,true,true
LGALS2,-0.3314214448134104,0.0808415561040718,false,true
LGALS3,-0.2043133378028869,-0.0819496617333701,true,true
LGALS3BP,0.0012857537716627,0.3507031038661097,true,true
LGALS4,0.0729577541351318,0.2459743393679132,true,true
LGALS8,-0.0484792160801589,0.2548408663291663,false,true
LGALS9,0.1213143765926361,-0.6791370961343881,false,true
LGI1,-0.2548049688339233,0.0498550811015072,false,true
LGI2,0.3266811072826385,-0.9152511601690267,false,true
LGI4,0.1469167247414588,0.6836856772947026,true,true
LGMN,0.677242636680603,-0.4750551813317578,false,true
LGR4,-0.2058350592851638,-0.1446779259523616,true,true
LGR6,0.0589482672512531,-0.0737662104100987,false,true
LHCGR,-0.1963942547639211,0.1627141915996046,false,true
LHFPL2,-0.0521087951958179,-0.8105619338614058,true,true
LHFPL5,-0.2349077959855397,0.000316025052957,false,true
LHPP,-0.0296542723663151,0.484899938585422,false,true
LHX4,-0.1501453444361686,0.0029961247091297,false,true
LHX6,0.0550732612609863,-0.5037434785966028,false,true
LIAS,0.0748046020045876,0.553039847853193,true,true
LIFR,-0.2542001903057098,0.8317959771099499,false,true
LIG1,0.0969267200678586,-0.1579227583869846,false,true
LIG3,-0.0407731600105762,0.0578460626451478,false,true
LIG4,0.0743412018443147,-0.2665595930029187,false,true
LILRA6,-0.3166541159152984,0.0040164451404058,false,true
LILRB1,0.3485956192016601,-0.9986807199453696,false,true
LILRB2,0.1430974602699279,-0.9356102966766736,false,true
LILRB3,-0.1548760086297988,-1.26268126298795,true,true
LILRB4,0.1907333582639694,-0.7407814954793901,false,true
LILRB5,0.1407471597194671,-0.529198896050542,false,true
LIMA1,0.1951031017427643,-0.2113035668180303,false,true
LIMCH1,-0.0442060753703117,0.3903750333887749,false,true
LIMD1,0.1487041115760803,0.5805588127121108,true,true
LIMK1,0.1020860080607235,-0.4009086776126935,false,true
LIMK2,-0.0469303651868055,-0.5888125347621522,true,true
LIMS1,-0.0279079348381076,-0.3993365797272838,true,true
LIMS2,-0.3362729847431182,0.0888604441466416,false,true
LIN37,-0.1114033088088035,0.1194443603086972,false,true
LIN52,-0.1037463526840188,0.2352067714523431,false,true
LIN54,-0.0222751998614209,0.0301901774806863,false,true
LIN7A,-0.2770191133022308,0.229886831721318,false,true
LIN7B,0.2652380093932151,0.4316129296447477,true,true
LIN7C,-0.1080710995011031,-0.1234599434076506,true,true
LIN9,0.2217643558979034,0.4588080648685286,true,true
LINC00115,-0.0238035339862108,0.1842100935713293,false,true
LINC00339,0.1112980271379153,0.2639301134492848,true,true
LINC00472,-0.0031959703774191,0.5013975438347485,false,true
LINC00652,-0.0807618424296379,0.0323404230089009,false,true
LINC00672,0.2307920008897781,0.3175805853895465,true,true
LINC00680,0.1875152349472046,0.3000763402135373,true,true
LINGO1,-0.0562813648333152,-0.0084542061321357,true,true
LIPA,-0.5275649428367614,-0.799432813382308,true,true
LIPE,-0.182415559887886,0.0979831031813569,false,true
LIPH,0.3908373415470123,0.2739293717974149,true,true
LITAF,-0.060166018881968,-0.6396981140132567,true,true
LIX1L,0.0190967372618615,-0.0106111246960391,false,true
LLGL1,0.1897498331964016,-0.1304209340178725,false,true
LLGL2,0.2685435712337493,-0.041311763729996,false,true
LLPH,-0.0871317004784941,-0.4669780275692523,true,true
LMAN1,-0.1380588382482528,-0.2185809852912576,true,true
LMAN1L,-0.2527407705783844,0.1059850857674913,false,true
LMAN2,-0.1159968193620443,-0.4517023761054179,true,true
LMAN2L,0.0350206288800109,0.4585528849262803,true,true
LMBR1,-0.0895600694098642,0.1995631185832245,false,true
LMBR1L,0.0255186546904345,-0.0541089583510423,false,true
LMBRD1,0.0195715737396052,0.1376501995314996,true,true
LMBRD2,0.0835591241717338,0.1489053662005162,true,true
LMCD1,-0.1104005336761474,-1.039174493027022,true,true
LMF1,0.1961053173456873,-0.0217047336680231,false,true
LMF2,0.0462613685056567,-0.2942070656320279,false,true
LMLN,0.0900483965873718,0.2432652415083878,true,true
LMNA,-0.0705201828719249,-0.8677651950511533,true,true
LMNB1,-0.1548740528523922,-0.8758744647790927,true,true
LMNB2,-0.0265191625803709,-0.7387632814075124,true,true
LMO1,-0.2011086791753768,-0.1776943674809946,true,true
LMO2,0.2265712469816207,-0.5096507790313091,false,true
LMO3,-0.4543960690498352,0.94672290560667,false,true
LMO4,0.0841248389333486,-0.6226064226783489,false,true
LMO7,0.1266965568065643,0.8938036528474322,true,true
LMOD1,0.0170723795890808,1.005408825662559,true,true
LMOD2,0.1667604744434356,-7.459945499218032,false,true
LMOD3,0.0371811650693416,0.8251813319265677,true,true
LMTK2,-0.0292463206819125,0.500490778564532,false,true
LMTK3,0.0587016530334949,0.0491880954992491,true,true
LMX1A,0.2342838197946548,0.0610889584512689,true,true
LMX1B,0.4455710649490357,0.0209614129594883,true,true
LNP1,0.2810305058956146,0.1758623834530346,true,true
LNPEP,0.0002366610403571,0.3395510100139196,true,true
LNX1,-0.2574231922626495,1.218232322200997,false,true
LNX2,-0.006186434533447,0.2671576670892186,false,true
LONP1,-0.0825387649238109,-0.0594115184567574,true,true
LONP2,0.0500061396243316,0.2399987104335679,true,true
LONRF1,0.0082960630146165,-0.0589249603774604,false,true
LONRF2,0.1114935576915741,0.8400681779219283,true,true
LONRF3,-0.2570975968264974,-0.1430797073985048,true,true
LOX,-0.1814593374729156,-0.248365022877786,true,true
LOXHD1,0.4948273003101348,0.1814889833166983,true,true
LOXL1,0.5165283679962158,-0.6546529300717938,false,true
LOXL2,-0.0083195753395557,-0.551351891475719,true,true
LOXL3,0.1120680744449297,-0.2580977314689012,false,true
LOXL4,0.2626772038638591,-1.063916519831781,false,true
LPAR1,-0.3298911154270172,0.0936713198329743,false,true
LPAR3,0.0325054116547107,-0.3992625804129943,false,true
LPAR4,0.5942168831825256,-0.0005666133372149,false,true
LPAR5,0.1058647036552429,-0.093043967642023,false,true
LPAR6,-0.0854802702864011,-0.8400562695999505,true,true
LPCAT1,0.079785643145442,-0.7366546783188889,false,true
LPCAT2,-0.3532371520996093,-0.3361148632623658,true,true
LPCAT3,-0.321373884876569,-0.839775866664115,true,true
LPCAT4,0.2225741397123784,-0.5299830755815939,false,true
LPGAT1,-0.0273516518063843,-0.1742054352121842,true,true
LPIN1,-0.0341408823927243,0.7846834065054002,false,true
LPIN2,-0.0671997935943571,-0.1013131880789517,true,true
LPIN3,0.0388186903049548,0.7302652990827898,true,true
LPL,-0.2060470134019851,-6.577642775479593,true,true
LPP,-0.1448098886758089,-5.502790513275871,true,true
LPXN,0.0259223499645789,-0.1469428555221929,false,true
LRAT,0.0177612174302339,0.0158482205750433,true,true
LRBA,0.0393166063087327,0.4828665545739596,true,true
LRCH1,0.1437741012445517,0.2248336706675373,true,true
LRCH2,0.0982144884765148,0.2205235071292331,true,true
LRCH3,0.0516733624307172,0.2462042559090109,true,true
LRCH4,-0.0635185618884861,-0.4440178877486147,true,true
LRFN3,-0.0313314236700534,-0.3494337092581337,true,true
LRFN4,0.1591275930404663,-0.1993808501485514,false,true
LRFN5,0.1687253713607788,-0.0581715253017246,false,true
LRGUK,-0.115748930722475,0.0168117419256064,false,true
LRIF1,-0.0450836376287043,-0.0147092682258063,true,true
LRIG1,0.2395710065960884,0.0406756117736692,true,true
LRIG2,-0.0354140172712504,0.4205331524534521,false,true
LRIG3,0.1730828203260898,0.4548092209775154,true,true
LRMP,0.2936104834079742,-0.0888248660812611,false,true
LRP1,-0.0110886141657829,-0.1746620725591494,true,true
LRP10,-0.0858191318809986,-0.6830394903492935,true,true
LRP11,0.1413547216604153,0.1095400995547937,true,true
LRP12,-0.0772656172513961,-0.1544207487813289,true,true
LRP1B,-0.0845124684274196,0.05394400791357,false,true
LRP2,0.0255241636186838,0.0044913838342665,true,true
LRP2BP,-0.1809225715696811,0.3053912936843696,false,true
LRP3,0.0519123803824186,0.1475714088619644,true,true
LRP4,-0.1090173423290252,0.1125310509184034,false,true
LRP5,0.300565892457962,0.5048188865713352,true,true
LRP5L,0.0343945398926734,0.5130352047469477,true,true
LRP6,0.1363222543150186,0.2340805976442488,true,true
LRPAP1,-0.0353115767240524,0.1733189680892892,false,true
LRPPRC,-0.0506445866610322,0.1804150931929395,false,true
LRRC1,0.0809919591993093,0.8461979812706186,true,true
LRRC10,0.3146663010120391,0.4514341160482437,true,true
LRRC14,0.0640720874071121,-0.0266145867632041,false,true
LRRC14B,-0.0975606590509414,1.304084462799842,false,true
LRRC17,0.2981201782822608,0.1072246570542523,true,true
LRRC19,-0.1067397519946098,-0.0007753303745521,true,true
LRRC2,-0.1700929403305053,0.6125022723415183,false,true
LRRC20,0.1979462206363678,0.5229701226764111,true,true
LRRC23,0.0445732690393924,0.3413309345103932,true,true
LRRC25,-0.0369863063097,-0.8770260528418073,true,true
LRRC27,0.170221855243047,-0.0545344849832627,false,true
LRRC28,0.0392803496991594,-0.0242034385499874,false,true
LRRC29,0.2135192975401878,0.3021971598330187,true,true
LRRC32,-0.455771654844284,-1.033565420666262,true,true
LRRC34,0.3336939215660095,0.0437632154488046,true,true
LRRC37A,-0.0041275210678577,0.0608499249406016,false,true
LRRC37A2,0.0668458141386509,0.0628363816661807,true,true
LRRC37A3,0.0696085934926356,0.2166743467458378,true,true
LRRC37B,0.1084911183764537,0.2774720822270431,true,true
LRRC38,0.0322648510336875,-0.2536720461137717,false,true
LRRC39,0.1623606979846954,0.9982459361494724,true,true
LRRC4,-0.3170127719640731,0.3976519984873234,false,true
LRRC40,-0.0243516551951567,-0.0977127883185122,true,true
LRRC41,-0.0592038376877705,0.0385935969201396,false,true
LRRC42,-0.0764478612691164,-0.4166373704914261,true,true
LRRC43,0.1128924414515495,0.1334722627908833,true,true
LRRC45,0.0908150002360343,-0.4189611417358591,false,true
LRRC47,-0.0128395484294742,0.1066428843147742,false,true
LRRC49,0.1395125091075897,0.6533497339944327,true,true
LRRC4B,0.0929014012217521,0.0220087669854058,true,true
LRRC4C,0.2028810381889343,-0.0205733946092367,false,true
LRRC53,-0.2801072597503662,-0.0092314088207043,true,true
LRRC57,-0.0356260128319263,-0.0303506536024995,true,true
LRRC58,-0.1575431145727634,0.0075808725948824,false,true
LRRC59,-0.1353368880227208,-1.104424193162862,true,true
LRRC6,0.082064775750041,0.4382105845637043,true,true
LRRC61,0.0978273898363113,-0.0266358085468136,false,true
LRRC66,0.0983852557837963,-0.2304324180306059,false,true
LRRC69,-0.0064984547439962,0.2250357686546986,false,true
LRRC7,-0.1687487810850143,0.0500578274257948,false,true
LRRC8A,-0.3420304656028747,-0.0771379826147189,true,true
LRRC8B,-0.1074534598737955,-0.5704350302297589,true,true
LRRC8C,0.0801078895373003,-0.1977718980284968,false,true
LRRC8D,0.0042853162934382,-0.1798139840311257,false,true
LRRC9,-0.0788812686999638,-0.031813253524239,true,true
LRRCC1,0.1683999717235565,0.5464038921594911,true,true
LRRD1,0.0983378826640546,-0.0063493994658586,false,true
LRRFIP1,-0.0583687552383967,-0.0717410577236687,true,true
LRRFIP2,-0.1158206313848495,0.0851524661366473,false,true
LRRIQ1,-0.0551491305232048,0.0701503768852319,false,true
LRRIQ3,0.2271294146776199,0.023486329518774,true,true
LRRK1,0.2499530166387558,-0.1097340137488491,false,true
LRRK2,0.1658332956333955,-0.2052127665143392,false,true
LRRN1,-0.1093572620266058,0.0558606965923725,false,true
LRRN2,-0.033162172883749,0.1200458441768388,false,true
LRRN3,-0.3661461658775806,0.0334015729685072,false,true
LRRN4,-0.1085345968604087,0.0011489184124886,false,true
LRRN4CL,-0.0135165257379412,-0.038416506097173,true,true
LRRTM2,-0.3448015749454498,0.0319454158741919,false,true
LRRTM3,-0.2669660449028015,-0.0051097492798267,true,true
LRRTM4,0.7158982753753662,-0.09567766513688,false,true
LRSAM1,0.1076482025285561,-0.010635395248383,false,true
LRTM1,-0.2001306042075157,0.0008941976963076,false,true
LRTOMT,-0.0909672851363818,0.5082573994601093,false,true
LRWD1,-0.0333069637417793,-0.5364886324861777,true,true
LSAMP,0.1047831326723098,0.1393809719688785,true,true
LSG1,-0.0824529429897666,-0.2989216975483981,true,true
LSM1,-0.1383985504508018,-0.120806306755421,true,true
LSM10,-0.0626877434551715,-0.2571183785433182,true,true
LSM11,0.0585781317204236,-0.049024547880895,false,true
LSM12,-0.0968888968229293,-0.1942336811595002,true,true
LSM14A,-0.0201800248718687,-0.0040971564506087,true,true
LSM14B,0.0384836242301389,0.0585152124179395,true,true
LSM2,-0.0103104919835459,-0.6233544828341828,true,true
LSM3,-0.0987975439056753,0.1496932755148976,false,true
LSM4,-0.0606004646047949,-0.1540331981190332,true,true
LSM5,-0.0983211619779467,-0.1216983652498218,true,true
LSM6,-0.1543299629818648,-0.0694015948952402,true,true
LSM7,0.0259060978889465,-0.5102773896660207,false,true
LSMEM1,0.0734081342816352,0.5608953108348809,true,true
LSMEM2,0.1453041732311248,1.077948393297686,true,true
LSR,0.1134946073095003,0.0577395688676307,true,true
LSS,-0.026230189949274,0.0015352326664372,false,true
LST1,0.4281758666038513,-1.200684178864913,false,true
LTA4H,0.1189110673964023,-0.0240084689855573,false,true
LTB4R,-0.1604708135128021,-0.3270716777415917,true,true
LTBP1,0.1254614442586898,0.5006875510936916,true,true
LTBP2,0.3614038825035095,1.032801509237222,true,true
LTBP3,0.2563188046216964,0.7611489723181597,true,true
LTBP4,0.2217874825000762,0.8938687909070219,true,true
LTBR,-0.1200147782452404,-0.9293786669341548,true,true
LTC4S,0.5606340169906616,0.3092452213139911,true,true
LTF,0.037187073379755,-0.3766270777644875,false,true
LTN1,0.0158247511135414,0.1963918371376283,true,true
LTV1,-0.0651916645467281,-0.4804475373614081,true,true
LUC7L,0.0308993626385927,0.2837852422812852,true,true
LUC7L2,-0.0209964159210877,0.3602568818393994,false,true
LUC7L3,0.0916332401601331,0.5549332955520611,true,true
LUM,0.5246880650520324,0.9473403180229444,true,true
LURAP1,0.1330250762403011,0.3725787296733504,true,true
LURAP1L,0.1769855124875903,-0.1173986025097988,false,true
LUZP1,0.0031818960394178,-0.3404916067557608,false,true
LXN,-0.0931848593056202,-0.2154445723171019,true,true
LY6E,-0.0812434256076812,-0.2334712171368877,true,true
LY6G5B,0.0127693157022198,0.2078754240938021,true,true
LY75,0.1793717741966247,-0.1716876760642563,false,true
LY86,0.4292407929897307,-0.8321605536129769,false,true
LY9,0.1094184443354606,0.0669910516161066,true,true
LY96,0.0441311746835708,-1.31493152139862,false,true
LYAR,-0.0339269768446683,-0.3630171314095203,true,true
LYG1,-0.1221648901700973,-0.0825687671534166,true,true
LYL1,0.1545148342847824,-0.5879363526991225,false,true
LYN,0.2186156809329986,-1.231855085181087,false,true
LYNX1,-0.0420980006456375,0.544936700306824,false,true
LYPD5,0.0364136137068271,-0.4769403347611954,false,true
LYPLA1,-0.0275656030779438,-0.4192257261104996,true,true
LYPLA2,-0.0059388776426203,-0.3026470171878514,true,true
LYPLAL1,0.1784099707646029,0.9511770354043184,true,true
LYRM1,-0.0602512918412685,0.1675272130365614,false,true
LYRM2,-0.022218070924282,0.1504036238024117,false,true
LYRM4,-0.0367924428234497,-0.2526255939284411,true,true
LYRM7,-0.011451169848442,0.3811334468557845,false,true
LYRM9,0.2494078228871027,0.7693045272491014,true,true
LYSMD1,-0.0248962436453439,0.4474297285599355,false,true
LYSMD2,0.0414969250559806,-0.6647158731394301,false,true
LYSMD3,-0.2042228028178215,-0.2993200614565427,true,true
LYSMD4,0.1008242171257734,0.1497094460708936,true,true
LYST,0.0581037507259419,0.126741984967968,true,true
LYVE1,-0.433128148317337,-0.9582603479249115,true,true
LYZ,-0.1576073616743087,-1.612685356630596,true,true
LZIC,0.0548503601923584,0.0351192689498907,true,true
LZTFL1,-0.1388399386778474,0.1077676321477714,false,true
LZTR1,0.0070071885362267,0.0332948210452301,true,true
LZTS1,-0.2536468803882598,-0.3469339424582389,true,true
LZTS2,0.0874830946326255,-0.4167720943234085,false,true
LZTS3,-0.0013132318854331,-0.1701390704816154,true,true
M6PR,-0.1733049988746643,-0.1913493391981511,true,true
MAATS1,0.0081456899642944,-0.0099212659410331,false,true
MACF1,0.0645465967578015,-6.278484902736731,false,true
MACROD1,-0.0253677256405353,0.0990265140203971,false,true
MACROD2,-0.0620213486254215,0.0252686314480939,false,true
MAD1L1,0.0805257473673139,-0.1185946605138688,false,true
MAD2L1BP,-0.0409922040998935,-0.0260905184073072,true,true
MAD2L2,0.1050641387701034,-0.7618370476486156,false,true
MADCAM1,0.2265602499246597,-0.0111479188476099,false,true
MADD,-0.0020549761131405,0.1967165804722825,false,true
MAEA,0.0537334308028221,0.0164487303800706,true,true
MAEL,0.2753679454326629,0.5989418837349004,true,true
MAF,0.4899238944053649,-0.3286237375570273,false,true
MAF1,-0.0414103392278775,-0.0830175430328061,true,true
MAFB,-0.1373324692249298,-0.3920738116229096,true,true
MAFF,-0.2185291035566479,-0.7787347997797853,true,true
MAFG,-0.0718083810061216,-0.3426642940585522,true,true
MAFK,0.3702629506587982,0.3495499595920392,true,true
MAGED1,-0.0050187999648707,0.1788398972952336,false,true
MAGED2,0.1911348234862089,0.2231531576975802,true,true
MAGEE1,-0.0186624862253665,0.2202412484102243,false,true
MAGEF1,0.1112173497676849,-0.0949229625539502,false,true
MAGEH1,-0.0530868582427501,-0.322081433161943,true,true
MAGI1,0.1056174337863922,-1.33812814216571,false,true
MAGI2,0.0493732821196317,0.3477272453513624,true,true
MAGI3,0.0452208715890135,0.1240247443936257,true,true
MAGIX,-0.0880433171987533,0.2800519897986192,false,true
MAGOH,-0.0580122791230678,-0.1654332130124709,true,true
MAGOHB,-0.0074224568903446,-0.0178060387417016,true,true
MAGT1,-0.1119344806564705,-0.1708150781998849,true,true
MAK,-0.1106828960279623,-0.0424318179862549,true,true
MAK16,-0.1801868844777345,-0.2314461885269163,true,true
MAL,0.0967587307095527,0.3613361631239961,true,true
MAL2,0.1273001283407211,-0.0561452277784194,false,true
MALL,-0.027910940349102,-0.135025706864766,true,true
MALSU1,0.0484827436506748,-0.0122091242269182,false,true
MALT1,-0.0692319077085509,-0.3976191041152681,true,true
MAMDC2,0.0022840450207392,1.399110450537535,true,true
MAMDC4,0.0521271899342536,0.1667801919999909,true,true
MAML1,0.0163439294168104,-0.1201615118580847,false,true
MAML2,0.0225234482703464,0.1934643411876138,true,true
MAML3,0.2568392093692507,0.4077667715143618,true,true
MAMLD1,0.2637592256069183,-0.0686771651792467,false,true
MAMSTR,0.2466946840286254,0.2319400854073467,true,true
MAN1A1,0.144993856549263,-0.0685449358121896,false,true
MAN1A2,0.055432813641216,0.1476828237737386,true,true
MAN1B1,0.1067202299833297,0.0095487235594524,true,true
MAN1C1,0.3774306078751881,-0.3380751729004565,false,true
MAN2A1,-0.0207602075700248,-0.0873144376186481,true,true
MAN2A2,-0.0212838963547255,0.5109171421457374,false,true
MAN2B1,0.0963783487677574,-0.0174333168726956,false,true
MAN2B2,0.0686465688049793,0.2004955397387253,true,true
MAN2C1,0.0401598118245601,0.419317313044373,true,true
MANBA,0.0270784646272659,0.2557025619168742,true,true
MANBAL,-0.0496728464961051,0.0529356922012969,false,true
MANEA,-0.2361450427677482,-0.155026259679396,true,true
MANF,-0.0709964781999588,-0.9682959400365297,true,true
MANSC1,-0.078137993812561,-0.1340784235973986,true,true
MAOA,0.0045777368359267,0.8599575754872699,true,true
MAOB,-0.1502530425786972,0.8324922410119395,false,true
MAP10,0.0535825155675411,0.2671219163839067,true,true
MAP1A,0.1486271194492777,-0.0985526780650527,false,true
MAP1B,-0.3694218695163726,0.0320552279722265,false,true
MAP1LC3A,-0.15257159024477,0.1128261477924428,false,true
MAP1LC3B,-0.1377130664885044,-0.2876527498454537,true,true
MAP1S,-0.0648329476825892,-0.2453132441320555,true,true
MAP2,0.294175237417221,0.7272379732737319,true,true
MAP2K1,-0.0743361192622355,-0.769669341906745,true,true
MAP2K2,0.0373039925936609,-0.3544248724093259,false,true
MAP2K3,-0.0303230732679367,-0.9812328542719176,true,true
MAP2K4,0.0251152827404439,-0.0909294178206643,false,true
MAP2K5,0.0313053351960011,0.0242344097154134,true,true
MAP2K6,-0.0632392290447439,0.2264451396302875,false,true
MAP2K7,-0.046936596580781,-0.002750799718024,true,true
MAP3K1,0.1401424503752163,-0.3293552150789502,false,true
MAP3K10,0.0670628763735294,-0.3598638571330505,false,true
MAP3K11,0.1118306840537116,-0.5375766675241306,false,true
MAP3K12,-0.114206014573574,0.1390537282932089,false,true
MAP3K13,-0.0087223978092272,-0.1376216413488462,true,true
MAP3K14,0.0668282782038052,-0.5533784419545861,false,true
MAP3K15,-0.143640711903572,0.0007889462615988,false,true
MAP3K2,-0.0268641571248216,-0.0404503003514111,true,true
MAP3K3,0.0909900989915643,-0.1118567526811231,false,true
MAP3K4,0.0694267907778599,0.0386428122372399,true,true
MAP3K5,0.0155068880745342,0.3641380217668754,true,true
MAP3K6,-0.5905541777610778,-0.1736650277054581,true,true
MAP3K7,0.0355334398336708,0.2280227957721843,true,true
MAP3K7CL,0.3724430575966835,1.111196953580484,true,true
MAP3K8,-0.3347995579242706,-0.7262356482711815,true,true
MAP3K9,-0.0783581286668777,-0.1460879888776298,true,true
MAP4,0.1988629549741745,-7.374158961303054,false,true
MAP4K2,0.1846276298165321,0.0180988918626621,true,true
MAP4K3,-0.0138548048479216,0.3773580887952316,false,true
MAP4K4,0.0934663457529885,-0.3631055272096164,false,true
MAP4K5,0.0649900596056665,-0.0785287672952446,false,true
MAP6,0.3738544831673303,0.6753788852263373,true,true
MAP6D1,-0.0529397614300251,0.1941138371305416,false,true
MAP7,0.139160530641675,0.0598777216667835,true,true
MAP7D1,-0.0892328828573226,0.1032908637288754,false,true
MAP7D2,0.1140075922012329,0.0770742508943693,true,true
MAP7D3,0.0569206262783457,0.2013843842118028,true,true
MAP9,0.0609331503510475,0.3060986292733791,true,true
MAPK1,-0.0185358971357345,-0.0431862927656405,true,true
MAPK10,0.3413450419902801,0.587846905689769,true,true
MAPK11,-0.0287489797919988,-0.1794105205716713,true,true
MAPK12,0.081905759871006,0.0909971886160603,true,true
MAPK14,-0.0041249472581382,-0.0574217445957052,true,true
MAPK1IP1L,-0.1563583314418792,-0.2523179232742558,true,true
MAPK3,0.0158962341956794,-0.168647693819433,false,true
MAPK4,-0.2270135879516601,-0.2967497780355064,true,true
MAPK6,-0.0711295889424426,-0.2555564078722318,true,true
MAPK7,-0.1351004689931869,-0.3089254994336163,true,true
MAPK8,0.0481674495552267,0.0042653542681239,true,true
MAPK8IP1,0.1331300139427185,0.1429917006360967,true,true
MAPK8IP3,0.0529874398240021,0.5991884332178578,true,true
MAPK9,0.0666976572014391,-0.0110216852259981,false,true
MAPKAP1,-0.0087500915729573,-0.3412282013677687,true,true
MAPKAPK2,-0.1358963698148727,-0.4734058519460049,true,true
MAPKAPK3,-0.0457656122744083,0.0442286393132516,false,true
MAPKAPK5,-0.0284967836535846,-0.0411539477262055,true,true
MAPKAPK5-AS1,0.0069127514405408,0.4729421322466977,true,true
MAPKBP1,-0.0143820559217904,0.147683391208385,false,true
MAPRE1,-0.1317575626075267,-0.3479584444065464,true,true
MAPRE2,0.1218696309120527,0.5079845919870233,true,true
MAPRE3,-0.0610569639131426,0.259018795338116,false,true
MAPT,0.1856996119022369,0.5771294296339872,true,true
MARC1,0.2305299080908298,0.755476395069258,true,true
MARC2,0.1120883896946907,0.487619268178284,true,true
MARCH1,-0.0648865401744842,-0.9773225904733936,true,true
MARCH11,-0.1043987944722175,-0.1869946654275769,true,true
MARCH2,0.0056064665317535,-0.0487327014720824,false,true
MARCH3,0.1148680225014686,-0.5695744481223382,false,true
MARCH5,-0.0863677570596337,-0.2524676554466065,true,true
MARCH6,-0.0086805447936057,0.1003781786175279,false,true
MARCH7,-0.0270521616829293,0.2872755999968763,false,true
MARCH8,0.1241266030286039,0.2766193415180744,true,true
MARCH9,0.0828005983959883,-0.1268984220068833,false,true
MARCKS,0.1911341179162263,-0.5773196061036429,false,true
MARCKSL1,-0.3488929402083158,-0.5580639190108027,true,true
MARCO,-0.5213221311569213,-1.944517297236378,true,true
MARK1,0.0861653024330735,0.1786467834154392,true,true
MARK2,0.0208533388296408,-0.1377688020077756,false,true
MARK3,-0.054920913684847,-0.1265905287248347,true,true
MARK4,0.0518279222638479,-0.1800656774375046,false,true
MARS,0.0069195449352264,-0.2290550645423099,false,true
MARVELD1,0.1460169015917927,-0.0870122645732307,false,true
MARVELD2,-0.1521138697862625,-0.1939418990246057,true,true
MASP1,0.1035250574350357,0.4446593762594561,true,true
MASP2,-0.1187659315764904,-0.000514530845306,true,true
MAST1,0.0334037132561206,0.0419406999880904,true,true
MAST2,-0.1933987140655517,-0.0327920069931764,true,true
MAST3,0.0715607995167374,-0.0593783765103996,false,true
MAST4,-0.1117876768112182,-5.282834867464492,true,true
MASTL,-0.0970116928219795,-0.0939894922327608,true,true
MAT2A,-0.2097618154560526,-0.073630796467647,true,true
MAT2B,0.0245492544956505,0.101460726217109,true,true
MATN2,0.6372983455657959,0.9987267626227532,true,true
MATR3,0.0589112341403961,0.2416837686485697,true,true
MAU2,0.0572039261460304,0.3074406956501993,true,true
MAVS,-0.0683560137016077,-0.0082716559225755,true,true
MAX,-0.0199093805359942,-0.0576403947848049,true,true
MAZ,0.1136738060042262,-0.8070075812320363,false,true
MB21D2,0.0371743965273102,0.0317860296687655,true,true
MBD1,-0.0541792269796132,-0.1648327155607032,true,true
MBD2,-0.0664282316075903,-0.4888780939238506,true,true
MBD3,-0.0283271003980189,-0.6496185855297462,true,true
MBD4,-0.0757854968309402,-0.1468531050588581,true,true
MBD5,0.083264841565064,0.4831093487793622,true,true
MBD6,0.065223854035139,-0.0464752954318075,false,true
MBIP,0.0416047690436244,0.1407480063672434,true,true
MBLAC2,0.2098194807767868,0.1806325918549702,true,true
MBNL1,-0.1492986176162957,-2.935394768479837,true,true
MBNL2,-0.0590548673644661,0.0903748107085302,false,true
MBNL3,-0.0005106125026941,0.9889201991853652,false,true
MBOAT1,0.0358464928964773,-0.0116388958653415,false,true
MBOAT2,0.2278790682554245,-0.2284282092644724,false,true
MBOAT7,0.1219334159046411,-0.4573504193444626,false,true
MBP,0.2473402135074138,0.8953437020763259,true,true
MBTD1,0.0835659743419715,0.4425911782061504,true,true
MBTPS1,-0.0219987455306441,0.2682769289463955,false,true
MBTPS2,0.0155921804718673,0.0322993722801694,true,true
MC1R,0.0788267481451233,-0.105817282442053,false,true
MCAM,-0.062267780303955,0.1106757797374378,false,true
MCAT,-0.0008332194993272,-0.0757802757445262,true,true
MCC,0.008582775791486,0.3907363695077132,true,true
MCCC1,-0.0201886785881859,0.51893606121288,false,true
MCCC2,-0.0937497995793819,0.3101379015814487,false,true
MCEE,-0.0206435872241854,0.0130935128747484,false,true
MCF2,0.3423439860343933,0.3054237515044682,true,true
MCF2L,0.0880123972892761,0.6218856929591027,true,true
MCF2L2,0.1989317089319229,0.2444775861683612,true,true
MCFD2,-0.2728723347187042,-0.3681280743302979,true,true
MCL1,-0.1462694375465313,0.0343975578076278,false,true
MCM3,-0.0487070055678486,-0.0167585154102956,true,true
MCM3AP,0.0156506994473082,-0.2231882424071987,false,true
MCM3AP-AS1,-0.1319267526268959,0.1583757050690898,false,true
MCM4,0.1209012493491172,0.3173817989416334,true,true
MCM5,0.0573491156101226,-0.3780375697196554,false,true
MCM6,-0.0029664803296327,-0.3602304511749445,true,true
MCM7,0.0869343169033527,-0.3901736004671934,false,true
MCM8,-0.0991578993853181,-0.2113266557931701,true,true
MCM9,-0.0014100410543116,0.1166713961733272,false,true
MCMBP,-0.123495384119451,-0.3458636978176294,true,true
MCMDC2,0.2282633334398269,0.292183339060086,true,true
MCOLN1,0.1110054329037666,-0.3013951992121777,false,true
MCOLN2,-0.0359621532261371,0.0392213803228966,false,true
MCOLN3,0.1682409346103668,0.134927383662375,true,true
MCPH1,-0.0328006463657532,-0.0180324333328227,true,true
MCRS1,-0.1363416142761707,-0.183610399984559,true,true
MCTP1,-0.0581843573600053,-0.9070640694307194,true,true
MCTP2,-0.030170252546668,-0.8559018370180393,true,true
MCTS1,-0.0109039530158042,-0.1115121569766612,true,true
MCU,0.1024411006697586,-0.1381038601939907,false,true
MCUR1,0.1272063121199607,-0.0020860774100484,false,true
MDC1,-0.0253587316721677,0.082994022659939,false,true
MDFIC,0.1586804240942001,0.3223404681010357,true,true
MDGA1,0.2266583691040674,0.2586929538906641,true,true
MDH1,-0.0158593915402889,-9.23013206188516,true,true
MDH1B,0.1843193918466568,0.5845350149832923,true,true
MDH2,-0.242411932349205,0.2304866622617964,false,true
MDM1,0.1317977679427713,0.1376742405889732,true,true
MDM2,-0.186004520460431,-0.1523382098765107,true,true
MDM4,0.0144427949230053,0.1182683715830017,true,true
MDN1,-0.0675737330956118,0.2020773806313473,false,true
MDP1,0.0622281376272439,0.3452893486034107,true,true
ME1,0.1853961944580078,0.0270067230451593,true,true
ME2,-0.0265805982053279,0.4140143410637442,false,true
ME3,0.0630136498560508,0.4476006595927248,true,true
MEA1,0.063601205125451,-0.1160684604299051,false,true
MEAF6,0.1304233506321907,0.1247164745115103,true,true
MECOM,0.008555001579225,-0.33081421016354,false,true
MECP2,-0.0315244965853967,0.1687600141459686,false,true
MECR,0.0477467161195818,0.2873166604497927,true,true
MED1,-0.0454320488497614,0.0940690553371976,false,true
MED10,0.003420805837959,-0.3636113587042428,false,true
MED11,-0.0237875571474432,0.0708596806951726,false,true
MED12,0.0676133207976818,0.1291745269574442,true,true
MED12L,0.0877056419849395,0.6093975289281914,true,true
MED13,-0.0329458546558661,0.0687385503718385,false,true
MED13L,-0.0482136635442397,0.1651884763608624,false,true
MED14,0.0823902056685515,0.2820080769909556,true,true
MED15,-0.0176223452435806,-0.1874347507377933,true,true
MED16,0.054791418214639,-0.3128450387021986,false,true
MED17,-0.0285159961786121,0.4281378774482469,false,true
MED18,0.0353346727788448,0.0456686121436535,true,true
MED19,-0.0676776655018329,-0.2200795691004202,true,true
MED20,-0.0243430137634277,-0.2112191983858093,true,true
MED21,-0.0453315623104572,0.1217414850093554,false,true
MED22,0.145914809157451,-0.2817757920662535,false,true
MED23,0.00916007260925,0.1810707896065464,true,true
MED24,0.0049296772107481,-0.1368226309123437,false,true
MED25,0.0662136286497116,-0.1195428766829489,false,true
MED26,-0.039991942513734,0.0009174722102645,false,true
MED27,-0.0359397965782721,0.072904274712169,false,true
MED28,-0.0257027793675661,0.1048206961660973,false,true
MED29,-0.0639038631692528,-0.0789650994768726,true,true
MED30,-0.0959536656737327,0.1255067441300763,false,true
MED31,-0.0660848919302225,-0.0496471256106016,true,true
MED4,-0.0529916943716151,0.1614310940033822,false,true
MED6,0.0611380135640502,0.1646359798975702,true,true
MED7,-0.1276680827140808,-0.0484402408388957,true,true
MED8,-0.0515719257295131,-0.4767739758035003,true,true
MED9,-0.1702727824449539,0.4470301651218169,false,true
MEDAG,-0.7196107506752014,-0.6123238567264384,true,true
MEF2A,0.022331767536733,0.4894125416696653,true,true
MEF2B,0.1324858851730823,0.0675891397118316,true,true
MEF2C,0.1514484258368611,0.2149729580294303,true,true
MEF2D,0.0462486041443688,-0.1611911740961202,false,true
MEFV,-0.1708933860063552,-0.4618432967646954,true,true
MEG3,0.0705589801073074,1.259731005851372,true,true
MEGF11,-0.2306192765633265,0.0046348188633352,false,true
MEGF6,0.2021488500759005,0.3682104311378176,true,true
MEGF8,0.104346252977848,0.2930256547314624,true,true
MEGF9,-0.0039539137589079,-0.061629465363441,true,true
MEI4,-0.3349043726921081,-0.0709090558853318,true,true
MEIS1,-0.1724963039159774,-0.5474421685133439,true,true
MEIS2,-0.0782816958214555,-0.0329585373995744,true,true
MEIS3,-0.0059429593384265,-0.2208963729055855,true,true
MEMO1,0.1256542787887156,-0.0844980401595818,false,true
MEN1,0.0581237189471721,-0.2214071804059119,false,true
MEOX1,-0.1530042439699173,-0.4538287896852577,true,true
MEOX2,0.3736637059599161,0.4778618681889561,true,true
MEP1B,-0.3508342802524566,0.0232462619789939,false,true
MEPCE,0.0704075023531913,-0.0011990972629649,false,true
MERTK,-0.5638051629066467,0.0572987724644247,false,true
MESP1,-0.1263748854398727,0.071363559510111,false,true
MEST,-0.3316853940486908,0.2736860011700976,false,true
MET,0.1313544511795043,-0.3892049093766321,false,true
METAP1,-0.044158518500626,-0.2479069281727124,true,true
METAP1D,0.025509985241418,0.2096860897488641,true,true
METAP2,-0.0097804777663744,0.0023761642375488,false,true
METRN,-0.0024720554550488,0.2486009165643841,false,true
METRNL,-0.2027125656604766,-0.5069507164695713,true,true
METTL11B,0.1096815466880798,0.1623564117610615,true,true
METTL13,-0.0854447586461901,-0.1099482022974109,true,true
METTL14,0.0306354035468151,0.3495429497836015,true,true
METTL15,0.011790946757953,0.296281456390901,true,true
METTL16,0.0251921764574944,0.099140812384868,true,true
METTL17,0.0017383970320224,-0.0698270324434813,false,true
METTL18,-0.0908950641751289,0.1183690417791063,false,true
METTL21A,0.0381846260279416,-0.0740950179928105,false,true
METTL22,-0.008349023759365,-0.3068232170947009,true,true
METTL23,-0.0757343458011746,-0.1262400302235504,true,true
METTL24,0.3444361295551061,0.5196152880714822,true,true
METTL25,0.1838393174111843,0.556266298572127,true,true
METTL2A,-0.0059988532215356,0.1449182282845344,false,true
METTL2B,-0.0276244523120112,-0.0125518319139255,true,true
METTL3,-0.0530427152159973,0.1359673025273884,false,true
METTL4,0.0905481200665235,0.169066249285104,true,true
METTL5,0.0454596931813284,-0.1293007754392165,false,true
METTL6,0.1494037508964538,0.161681740516749,true,true
METTL7A,-0.217352744936943,0.9009678973097416,false,true
METTL7B,-0.4984689652919769,-1.183662744134043,true,true
METTL8,-0.0376447838110228,-0.4887520240810521,true,true
METTL9,0.0468714367598295,-0.1914411033248786,false,true
MEX3C,-0.0060975290834903,-0.1514962079958821,true,true
MEX3D,-0.0087433820590376,-0.2959314159297821,true,true
MFAP1,-0.0264201384037733,-0.0074568994061889,true,true
MFAP2,0.2070592939853667,-0.2834927403425027,false,true
MFAP3,-0.0539746314287185,-0.3770747819986404,true,true
MFAP4,0.2621783316135406,1.350435670429715,true,true
MFAP5,-0.2853052020072937,0.2780927793476575,false,true
MFF,-0.0281286980801572,-0.2010346537014644,true,true
MFGE8,-0.2203641248246034,0.3065021620793793,false,true
MFHAS1,0.0641207431132594,-0.5020736841742508,false,true
MFN1,0.010948278941214,-0.0676234020526074,false,true
MFN2,-0.0434859693050384,0.4089836573933789,false,true
MFNG,0.0747958421707153,-0.0590467886739771,false,true
MFSD1,-0.0787765234708786,-0.5454450915064178,true,true
MFSD10,-0.0902594581246376,-0.6942164843734604,true,true
MFSD11,0.0550753267792363,0.2978814144951154,true,true
MFSD12,0.0856215296313166,-0.8342896280445083,false,true
MFSD2B,-0.0007874371949583,-0.0012598640522011,true,true
MFSD3,-0.0827438086271286,0.1556276122350426,false,true
MFSD5,0.0714961418416351,-0.6842234060311132,false,true
MFSD6,-0.1276773805064814,0.0254441477278226,false,true
MFSD8,-0.0166773266724443,0.2139784066236898,false,true
MFSD9,0.0384873555158264,-0.1817743506338493,false,true
MGA,0.0764409423406634,0.4695600322605653,true,true
MGAM,-0.0304432259872555,-0.1944418032251733,true,true
MGAT1,0.0869708284735679,-0.5483144815471812,false,true
MGAT2,-0.1005967035889625,-0.673150469020193,true,true
MGAT3,0.2066555619239807,-0.2469248501196776,false,true
MGAT4A,0.0329786863178014,-0.0925588626659994,false,true
MGAT4B,0.0626288118461767,-0.0697951974459636,false,true
MGAT4C,-0.1388402581214904,0.0925142778636989,false,true
MGAT5,0.1247973569801875,0.1786532570878884,true,true
MGLL,0.0610613860189914,0.1449957487665338,true,true
MGME1,0.0246635176241397,0.0007152670189047,true,true
MGMT,0.2101277698363576,0.1106409088682829,true,true
MGP,-0.0946587696671486,-0.5538287097568614,true,true
MGRN1,0.0235465641931763,-0.0885286350084832,false,true
MGST1,-1.283264636993408,-0.2309769084820203,true,true
MGST2,0.110685626976192,0.3571756466394191,true,true
MGST3,0.1110460087656974,0.7056985038179073,true,true
MIA2,-0.025286957022867,0.0074024521488528,false,true
MIA3,-0.0067255328675465,-0.0666963622655281,true,true
MIB1,0.0155607073434761,0.0924536861420488,true,true
MIB2,0.0919022127985954,-0.1050190556899903,false,true
MICA,0.1258233768865466,-0.2522952714066217,false,true
MICAL1,0.0542833879590034,-0.3173064483133807,false,true
MICAL2,0.0225592649408749,0.2068013294285222,true,true
MICAL3,-0.0315674394369125,0.3930018223127813,false,true
MICALCL,-0.2106125950813293,0.0252243964933198,false,true
MICALL1,0.0509814366698264,-0.4861812914571439,false,true
MICALL2,0.0092944838106632,-0.536174053825529,false,true
MICB,0.0894384607672691,-0.2970097404370832,false,true
MICU1,0.1055690497159958,0.2383292273480748,true,true
MICU2,0.0342972307948262,0.1022410370969417,true,true
MICU3,0.019388992843839,0.5343412890953818,true,true
MID1,0.4700152873992919,-0.6669759446299106,false,true
MID1IP1,-0.3220340311527252,-1.782440188068636,true,true
MID2,0.0547474101185798,-0.0252705380702198,false,true
MIDN,-0.2565346211194992,-0.7785408177532545,true,true
MIEF1,-0.0602323338389396,-0.2231731187527228,true,true
MIEF2,0.0764680206775665,0.4293765499881803,true,true
MIEN1,-0.1539149269461631,-0.4717647636001869,true,true
MIER1,-0.0344072519136326,-0.0043363349177445,true,true
MIER2,-0.240453228354454,-0.3145558629411251,true,true
MIER3,0.0191625481471419,-0.0078961058574269,false,true
MIF4GD,-0.0706225512549281,-0.2476724071986975,true,true
MIIP,-0.0557004828006029,-0.6909877923787926,true,true
MILR1,0.2778933346271514,-0.8679982000258386,false,true
MINK1,0.0426503758256634,-0.0945991706226179,false,true
MINPP1,-0.0811076439917087,-0.0560090124328522,true,true
MIOS,-0.0531582128256559,-0.2440606340691418,true,true
MIPEP,0.0004462371580302,0.7557731376214049,true,true
MIPOL1,0.0295249683782458,0.3211122103854613,true,true
MIS12,-0.0227581646293401,-0.243349798559036,true,true
MIS18A,0.0486287288367748,-0.1002814296900851,false,true
MIS18BP1,0.0408385206634799,0.2078124864687462,true,true
MITD1,0.0233966294676065,-0.2232391778115054,false,true
MITF,-0.1748491674661636,0.4036992998969042,false,true
MKKS,-0.0472162339836358,-0.096389448850354,true,true
MKLN1,-0.1760377663054636,-1.816832828840001,true,true
MKNK1,0.0278555452823638,0.0717493680576075,true,true
MKNK2,-0.0867822598665952,0.1184992980761867,false,true
MKRN1,-0.0173707228153943,0.2511349253736039,false,true
MKRN2,-0.1291064739227295,0.5136171061786275,false,true
MKRN3,-0.1266920967027545,-0.1063285727390047,true,true
MKS1,0.2072067931294441,0.3232103136638075,true,true
MLANA,-0.2259355088075002,0.0029529421774041,false,true
MLEC,-0.2346013635396957,-0.3926882025577391,true,true
MLF1,-0.0094908857718109,0.5485113426024614,false,true
MLF2,-0.018689527362585,-0.2868766827990443,true,true
MLH1,-0.0656059827655553,0.3520196359389986,false,true
MLH3,-0.0024160159130891,0.4578865768478763,false,true
MLIP,-0.2617618143558502,-6.655754770564423,true,true
MLKL,-0.442964881658554,-0.4242870969892527,true,true
MLLT1,-0.0799120001494884,-0.1851449508932132,true,true
MLLT10,0.0069087818264961,0.4583269502830784,true,true
MLLT11,-0.1408551596105098,0.0084789874068094,false,true
MLLT3,0.2007915038349373,0.3711893698053225,true,true
MLLT6,0.1381175133532711,0.0687105202139819,true,true
MLPH,-0.1202283427119255,0.9057655413273626,false,true
MLST8,-0.037347103934735,-0.1390808294332521,true,true
MLX,-0.0686364850029349,-0.0992328640803492,true,true
MLXIP,0.0967326781579426,-0.0011367258744097,false,true
MLXIPL,-0.1813091337680816,0.1105463911280911,false,true
MLYCD,-0.2038818597793579,0.4591788135088767,false,true
MMAA,0.0545157296583056,-0.1745889226604466,false,true
MMAB,0.007399952225387,0.036364437595481,true,true
MMACHC,-0.0306177895981818,0.3926491303651062,false,true
MMADHC,-0.1215913102030754,-0.0832960072576742,true,true
MMD,-0.1078076176345348,-0.6324947844874064,true,true
MME,0.5767831206321716,1.154860801258769,true,true
MMGT1,-0.0939401350915431,-0.0432877184646249,true,true
MMP11,-0.2232982516288757,0.1130790510128709,false,true
MMP14,-0.0071571595966815,-0.4961933897964852,true,true
MMP15,0.3398203551769256,0.1311448892696258,true,true
MMP16,0.2640169516205787,0.3840023873718589,true,true
MMP17,0.1051101759076118,-0.0256797248047094,false,true
MMP19,-0.4955427646636962,-0.5913544273613657,true,true
MMP2,-0.3244794309139251,0.5466530050490394,false,true
MMP23B,-0.155524879693985,0.0981361576618012,false,true
MMP24,-0.1308013213177522,0.1053922559950133,false,true
MMP28,0.4087500870227813,0.8158104592632706,true,true
MMRN1,-0.0651855450123548,0.3440636084101556,false,true
MMRN2,-0.1863293498754501,-0.4422240919424052,true,true
MMS19,-0.0065788556627618,0.1657327547814118,false,true
MMS22L,0.0135582981553549,0.0340604893771605,true,true
MN1,0.4307020306587219,0.2401528067926053,true,true
MNAT1,-0.0908756123057433,0.1722443106627178,false,true
MNDA,0.2476502507925033,-1.126366224967872,false,true
MNS1,0.2686334550380706,0.4443964283988592,true,true
MNT,0.041741145029664,-0.1186368186315431,false,true
MOAP1,0.0407988093793392,0.6957300685897527,true,true
MOB1A,-0.0667674425989389,-0.2635341149659993,true,true
MOB1B,0.0361245094488064,0.0373636880727605,true,true
MOB2,0.1194549233963092,0.0996146198172023,true,true
MOB3A,-0.0400015556563933,-0.3971384817832541,true,true
MOB3B,-0.1738083213567733,0.1671684696903863,false,true
MOB4,-0.0808498897988881,-0.1534840194634581,true,true
MOCOS,-0.0859579257667064,-0.1268536523533149,true,true
MOCS1,-0.224519595503807,0.1229373509057456,false,true
MOCS2,0.0937238667393103,0.0329190897797317,true,true
MOCS3,-0.028086083009839,-0.0254817560148177,true,true
MOG,-0.2804062664508819,-0.8130729474428298,true,true
MOGAT1,0.0213663037866353,0.1855076816558802,true,true
MOGS,-0.0984953477978706,-0.2965452646722197,true,true
MOK,0.0396638542413711,0.2007704726343775,true,true
MON1A,0.1227777302265167,-0.2752899974500071,false,true
MON1B,-0.2437236189842224,-0.3920848574303978,true,true
MON2,0.0033529781524391,0.2448653388336423,true,true
MORC2,0.0078316010534763,-0.0990565116405863,false,true
MORC3,0.0658157121922288,-0.1647692053272766,false,true
MORC4,-0.006551007926464,0.0520611552322485,false,true
MORF4L1,-0.0424579667991825,0.0176478014565475,false,true
MORF4L2,-0.2504997377594311,-0.1469856535209324,true,true
MORN1,0.0872900796433289,0.3772377375253901,true,true
MORN2,-0.085251361131668,-0.0847054582485968,true,true
MORN4,0.2246401458978653,0.3578107737010505,true,true
MOSPD1,-0.0411718866477409,-0.0432009252370253,true,true
MOSPD2,0.0917105223983526,-0.1165527193670428,false,true
MOSPD3,0.0433712576050311,-0.1583868924998512,false,true
MOV10,0.1310935869812965,-0.3237982761166482,false,true
MOXD1,0.39023756980896,0.1882238084194154,true,true
MPC1,0.2068088501691818,0.894619201721702,true,true
MPC2,-0.0564747788012027,0.1765582663521074,false,true
MPDU1,-0.1806383550167084,-0.7980218183399068,true,true
MPDZ,0.1210043798200786,0.5035009957989773,true,true
MPEG1,0.1729238331317901,-0.6128611126692504,false,true
MPG,-0.1561945378780365,-0.3561558839754486,true,true
MPHOSPH10,-0.0573732077144086,-0.07457600415316,true,true
MPHOSPH6,-0.0646842487156391,-0.2688254695446077,true,true
MPHOSPH8,0.0579705084008829,0.4600679094741693,true,true
MPHOSPH9,-0.013119767752609,0.4108232942658824,false,true
MPI,-0.0682479108218103,0.3463529388143173,false,true
MPL,0.0146117089316248,0.0371777674723458,true,true
MPLKIP,-0.0641094729304313,0.1575247730251612,false,true
MPND,0.0379692316055297,0.1499445764826483,true,true
MPP1,-0.2984472215175628,-0.0953470132211102,true,true
MPP2,0.0210959191123644,0.1084358827241653,true,true
MPP3,-0.6773641705513,0.3277859719340821,false,true
MPP4,0.0873107388615608,-0.0627801889773276,false,true
MPP5,-0.0649659073581763,0.1009048102208294,false,true
MPP6,0.0177555615082383,0.1329786983484626,true,true
MPP7,0.0367458052933216,0.1429626315525469,true,true
MPPE1,0.0447825374780222,0.0243628832650113,true,true
MPPED2,0.2464347531398137,0.4453509898292258,true,true
MPRIP,0.1080645856314471,-0.3194371007367582,false,true
MPST,-0.2624904289841651,-0.595541904081438,true,true
MPV17,-0.0144247975200414,0.1021651702247297,false,true
MPV17L,-0.1411126974744547,0.1966764715396411,false,true
MPV17L2,-0.0197353307157754,-0.3212978902256513,true,true
MPZL1,-0.096757420959572,-0.4289618763110327,true,true
MPZL2,-0.2819474041461944,-0.1334707540426076,true,true
MPZL3,-0.2019563913345336,-0.0994994311072294,true,true
MR1,-0.004898437927477,-0.0348660038114174,true,true
MRAP2,0.5372207760810852,0.1422303399310122,true,true
MRAS,-0.0610413774847984,-0.0935575757545539,true,true
MRC1,-0.0688911080360412,0.0502442434764968,false,true
MRC2,0.1990201026201247,0.0527827209852675,true,true
MREG,0.0649867132306098,-0.0544781128319662,false,true
MRFAP1,-0.0926557965576648,0.0815767081352811,false,true
MRFAP1L1,-0.0075281399913365,0.3514744439437169,false,true
MRGBP,0.0956825613975524,-0.000854723180018,false,true
MRI1,0.11608682195656,0.1708724533516083,true,true
MRM1,-0.1136679910123348,0.2405596552789151,false,true
MRO,-0.0707917660474777,0.4907421887559552,false,true
MROH1,0.024832104332745,-0.0974586046882603,false,true
MROH6,-0.0675539150834083,0.0041273993850121,false,true
MROH7,0.0792600065469741,0.670045784010812,true,true
MROH7-TTC4,0.0848583355545997,0.8567062961319111,true,true
MROH8,0.1144615486264228,0.3001883883987439,true,true
MRPL1,-0.0408122452208772,0.1259228344104128,false,true
MRPL10,0.1399311125278472,0.2830365005515362,true,true
MRPL11,0.0818961430341005,0.0025710636492402,true,true
MRPL12,-0.0812493339180946,-0.2135801361521307,true,true
MRPL13,-0.0951285034418106,-0.046229895906702,true,true
MRPL14,-0.0332170035690069,-0.3702681551245703,true,true
MRPL15,0.0123722711578011,-0.0889703946142512,false,true
MRPL16,-0.0206986805889755,0.2919988460841009,false,true
MRPL17,0.0556704892466465,-0.2856250996524352,false,true
MRPL18,-0.0910924337804317,-0.3230858610061071,true,true
MRPL19,-0.1207923622181018,0.074041247323155,false,true
MRPL2,-0.0505851436406373,0.074100034376979,false,true
MRPL20,-0.0186625894391909,-0.0541530399215206,true,true
MRPL21,-0.0658995695412158,0.1461692091799662,false,true
MRPL22,-0.1079802780877798,-0.1297294995853253,true,true
MRPL23,0.0590586128334204,-0.0295698789841996,false,true
MRPL24,-0.1686884090304374,-0.0095370168196957,true,true
MRPL27,-0.1241529293358326,-0.143224749457401,true,true
MRPL28,-0.1591299917548894,-0.0722961374592951,true,true
MRPL3,-0.1188861024565994,-0.4195585613086798,true,true
MRPL32,-0.0793729851022362,-0.1422044548112859,true,true
MRPL33,0.0422674380242824,-0.1538810784919855,false,true
MRPL34,-0.1591133072972297,-0.0571279183727817,true,true
MRPL35,-0.0598199347034096,0.3695241167245084,false,true
MRPL36,-0.0851903334259986,-0.2711206952370837,true,true
MRPL37,-0.0734627559781074,-0.0422873458513093,true,true
MRPL38,-0.0561351422220468,-0.1435463465222763,true,true
MRPL39,-0.0270406775642186,0.0194785416099669,false,true
MRPL4,-0.0352819582971278,-0.1963176653250426,true,true
MRPL40,0.0168710090219974,0.3167697480238906,true,true
MRPL41,-0.0027191955596208,0.0645893133676445,false,true
MRPL42,-0.0471449030919757,-0.0020978271995399,true,true
MRPL43,0.0112167779356241,0.0475746713065468,true,true
MRPL44,-0.1582755483686924,0.2643334095581866,false,true
MRPL45,-0.0117581444792449,0.296572540450855,false,true
MRPL46,-0.0508082155138254,0.3498139657593002,false,true
MRPL47,-0.1380402162671089,-0.1547939038323304,true,true
MRPL48,0.0673060581088066,-0.0843970704678684,false,true
MRPL49,-0.1146770119667053,0.1151676245685182,false,true
MRPL50,-0.1367465959240993,0.1840222743889494,false,true
MRPL51,-0.1130876094102859,-0.0110990892024638,true,true
MRPL52,0.0022968966513872,-0.2125651142087683,false,true
MRPL54,-0.085814665382107,0.0376086071159802,false,true
MRPL55,0.1064299538731575,-0.0924464461891219,false,true
MRPL9,-0.0910482674837112,-0.1245878980457342,true,true
MRPS10,-0.0554108317941427,-0.0169488612015094,true,true
MRPS11,-0.0627336360514163,-0.0779450885774579,true,true
MRPS12,-0.1533324085175991,-0.4210116829841341,true,true
MRPS14,-0.0790631145238876,0.1541123016237619,false,true
MRPS15,-0.1496894091367721,-0.0394110497362154,true,true
MRPS16,-0.0762474812567233,-0.1588546786262936,true,true
MRPS18A,-0.0750795686617493,0.0802227583208727,false,true
MRPS18B,-0.1639379665255546,0.1753895159982485,false,true
MRPS18C,-0.0710603240877389,-0.3082982980011488,true,true
MRPS2,0.0547974631190299,0.0064274043111698,true,true
MRPS21,-0.1278087824583053,0.2684595335381585,false,true
MRPS22,0.0005242129943023,0.1347956134370669,true,true
MRPS23,-0.1810867041349411,0.1520261625145629,false,true
MRPS24,0.2121780514717102,-0.1323526746428651,false,true
MRPS25,-0.3130474388599395,0.2386287279512151,false,true
MRPS26,-0.0586265180259942,0.0201219127598015,false,true
MRPS27,-0.0396643700078129,0.3519859861550349,false,true
MRPS28,-0.0283330237226826,0.127665148559223,false,true
MRPS30,-0.0954633448272943,0.2512101093671459,false,true
MRPS31,0.0916063915938138,0.0334512655916112,true,true
MRPS33,0.0594937708228826,0.0954893761504029,true,true
MRPS34,-0.0308321848511695,-0.4495573539643991,true,true
MRPS35,-0.0548114724457263,0.2255876948078503,false,true
MRPS36,-0.155007854104042,0.0551428405985241,false,true
MRPS5,0.0356566791112224,-0.4588840636289566,false,true
MRPS6,0.1454535378143191,-0.7077799876343711,false,true
MRPS7,-0.0960731692612171,0.1601385824153469,false,true
MRPS9,-0.0222335685975849,0.4311430835315706,false,true
MRRF,-0.1139065615832805,-0.1027830706257195,true,true
MRS2,-0.0557410642504692,0.0945486255531591,false,true
MRTO4,-0.1514878943562507,-0.6702041669354823,true,true
MRVI1,0.0083636464551091,0.383429329461062,true,true
MS4A14,0.1841673851013183,-0.0907939008724207,false,true
MS4A2,0.0689989253878593,-0.0191835414495658,false,true
MS4A4A,0.0549333244562148,-0.6596433190767432,false,true
MS4A4E,0.0004706757026724,0.0469960174074159,true,true
MS4A6A,0.1021831333637237,-0.572514815492271,false,true
MSANTD1,0.014768885448575,-0.0190149723598987,false,true
MSANTD2,0.051444332425793,0.1321680538870804,true,true
MSANTD3,0.0013669785112142,-0.9080562720319492,false,true
MSANTD3-TMEFF1,-0.080672338604927,-0.1475184465075825,true,true
MSANTD4,-0.1586450655013322,0.2716434565723728,false,true
MSC,-0.0948924496769905,-1.285974275908511,true,true
MSH2,0.2269191399216652,0.2460903729777346,true,true
MSH4,0.0173959292471408,0.225469182711401,true,true
MSH5,-0.0079873707145452,-0.2045971872127931,true,true
MSH6,-0.109769058227539,-0.220827079028377,true,true
MSI1,0.145925685763359,0.000096059290160877,true,true
MSI2,-0.1646069501127515,0.24657028686984,false,true
MSL1,0.0232783164440964,-0.2491072030899257,false,true
MSL2,-0.0469745082913764,0.0047473386042855,false,true
MSL3,0.0166327130049467,-0.3748961056175628,false,true
MSMO1,0.1169291224796325,-0.5069338065363924,false,true
MSN,-0.0576325750589603,-0.9381873499632168,true,true
MSR1,-0.0790221691131591,-1.490343716371592,true,true
MSRA,0.0207138846495321,-0.0781556453178735,false,true
MSRB1,0.0306572504341602,0.2918183730982955,true,true
MSRB2,0.0944028310477733,0.4877166241347579,true,true
MSRB3,-0.0988678725968513,0.1764846807733393,false,true
MSS51,0.1510736227035522,0.5049033331563617,true,true
MST1,0.1091274321079254,0.2144481639451587,true,true
MSTO1,0.070625580381602,-0.2136625647825318,false,true
MSX1,-0.1705136001110076,-0.7630081434567255,true,true
MT1E,-0.1090084463357925,0.5314876913443988,false,true
MT1X,-0.1757917255163192,0.5909215581957898,false,true
MT2A,-0.3155447791020075,-0.2933932912556462,true,true
MTA1,-0.044552607089281,-0.2183477453292557,true,true
MTA2,-0.0228877421468496,-0.5540759052308699,true,true
MTA3,0.0805175007941822,0.2372652942453412,true,true
MTAP,0.1102503495556967,0.0927878102484971,true,true
MTBP,0.0611494198441505,-0.0501803421625172,false,true
MTCH1,-0.1861089877119021,-0.3207245976490318,true,true
MTCH2,-0.1218524537980556,-0.2824209534815063,true,true
MTCP1,-0.2183748990297317,0.2318032958927531,false,true
MTDH,-0.0270568918702857,-0.2191923465847276,true,true
MTF1,-0.0555526904761791,-0.0957247236124527,true,true
MTF2,0.0076354892891166,0.0022669424285695,true,true
MTFMT,0.0510188963264226,0.0011998685601994,true,true
MTFP1,-0.2029777318239212,-1.202540347037503,true,true
MTFR1,-0.4721056222915649,-0.5337010848865593,true,true
MTFR1L,0.014016505330801,0.3294224418898457,true,true
MTG1,-0.0116001647935869,-0.3688051678085901,true,true
MTG2,-0.00002199462614953518,0.0158212397342598,false,true
MTHFD1,-0.1486295543611049,0.2031269353477145,false,true
MTHFD1L,-0.3167775869369506,-0.726344087042694,true,true
MTHFD2,-0.40517857670784,-0.5189336467165688,true,true
MTHFD2L,0.0012523643672466,0.7701677990855273,true,true
MTHFR,-0.0828125700354576,-2.00323761888095,true,true
MTHFS,0.0479350639507174,-0.028143929879846,false,true
MTHFSD,0.0574705952778458,0.3416987829938058,true,true
MTIF2,0.0045781046152114,-0.0329547120016018,false,true
MTIF3,-0.0053271359764039,0.0472449347577192,false,true
MTM1,0.010809418878385,0.0731499733135962,true,true
MTMR1,0.042457307189969,-0.0438709357093887,false,true
MTMR10,-0.008244694410158,-0.0520292262013244,true,true
MTMR11,0.2745848568156361,0.0340621601881465,true,true
MTMR12,0.0591007513659341,-0.0322023451760626,false,true
MTMR14,0.0159470662474632,0.5407983350072362,true,true
MTMR2,-0.0100317117758095,-0.2514583045731395,true,true
MTMR3,-0.0049935071063893,0.0694528215894711,false,true
MTMR4,0.0005601091310381,0.2251117357839298,true,true
MTMR6,-0.0509429672732949,-0.0657296535181446,true,true
MTMR7,-0.3413075916469097,0.032420554169748,false,true
MTMR8,0.107393299229443,0.0020452890300006,true,true
MTMR9,-0.0075366875555898,-0.0060017779355803,true,true
MTO1,-0.0224349013102861,0.1804037708772545,false,true
MTOR,-0.0521990438657147,-0.0517396016241153,true,true
MTPAP,-0.1049587938934564,0.1114220456199404,false,true
MTPN,-0.076673449575901,-0.0580821458044722,true,true
MTR,-0.0297431313831891,0.4691719450415714,false,true
MTRF1,-0.0160081925801932,0.0905953364855585,false,true
MTRF1L,-0.1019352987408637,-0.4522268909964795,true,true
MTRR,-0.0588710086885839,-0.1301418084531769,true,true
MTSS1,0.0207256041467189,0.2050256307141791,true,true
MTSS1L,0.0791366212069988,-0.4561092082644875,false,true
MTTP,0.1342300623655319,0.3330965483845678,true,true
MTUS1,-0.1118333913119776,0.6738424587099292,false,true
MTUS2,-0.0115137947723269,0.0330302580629471,false,true
MTX1,-0.0620510540902614,-0.147081675791806,true,true
MTX2,-0.0933291688561439,0.160626646525035,false,true
MTX3,0.0288394788901011,0.1041113092080663,true,true
MUC20,-0.0908267358317971,0.1663652547510606,false,true
MUC4,-0.1355743706226348,0.0010722819452726,false,true
MUC6,-0.3802725970745086,0.0003315336210962,false,true
MUL1,-0.1525311395525932,0.0062921230988561,false,true
MUS81,-0.0220739182899706,-0.2834462345517927,true,true
MUSK,-0.4215590059757232,1.198656602393135,false,true
MUTYH,0.0073161528911441,0.1015211509918867,true,true
MVB12A,0.0815208854153752,-0.2575265967151891,false,true
MVB12B,0.1845078468322753,0.1691847166022606,true,true
MVD,0.0130923453718423,-0.2682001275542291,false,true
MVK,0.1156347133219242,-0.1306291346104537,false,true
MVP,-0.042058492032811,-1.110633172568469,true,true
MX1,0.4228605329990387,-0.0229246351624614,false,true
MX2,0.2643001750111579,-0.2532160930593589,false,true
MXD1,-0.0849694045260548,-0.5407128350252457,true,true
MXD3,-0.00002865190617740154,-0.1158183206799741,true,true
MXD4,0.2159489333629608,0.2040872600650045,true,true
MXI1,-0.0246603780736525,0.3675034977663553,false,true
MXRA5,1.025294184684753,-0.1977181610783662,false,true
MXRA7,-0.0121563076972961,0.1055398276120982,false,true
MXRA8,0.3257107734680175,-0.0245754573117187,false,true
MYADM,-0.0842740073800087,-0.6797237874978777,true,true
MYADML2,-0.0363402925431728,0.3700773548998137,false,true
MYBBP1A,-0.1217495476206143,-0.3796786466844501,true,true
MYBL1,0.1032131612300872,0.3781676432934522,true,true
MYBL2,-0.1183487698435783,-0.3516970344081772,true,true
MYBPC1,-0.2653934955596923,0.4087661152294197,false,true
MYBPC3,0.0177036672830581,-8.670800071750921,false,true
MYC,-0.4352167472243309,-1.279112634872196,true,true
MYCBP,-0.0463366671465337,-0.2248550502105481,true,true
MYCBP2,0.0716971169625009,0.0448928394912466,true,true
MYCBPAP,0.0834197029471397,0.0849970058741905,true,true
MYCT1,-0.0351549834012985,0.1383663154731431,false,true
MYD88,-0.0897634997963905,-0.8038082743568175,true,true
MYEF2,0.1798745989799499,0.5070206416771758,true,true
MYH1,-0.1107706278562545,0.0006630141223585,false,true
MYH10,0.1989121466875075,0.5799681061279691,true,true
MYH11,0.0977893322706222,1.031920970839875,true,true
MYH13,-0.1950231194496154,-0.0004488802651164,true,true
MYH14,-0.0675088316202163,0.1062112355320579,false,true
MYH2,-0.1306950747966766,-0.0044131489096373,true,true
MYH3,-0.0212947954423725,-0.0074352653772654,true,true
MYH4,-0.1440662294626236,0.0007835310160181,false,true
MYH6,-0.6632218360900878,2.847397101452348,false,true
MYH7B,0.1324387341737747,-0.6701842161931614,false,true
MYH8,-0.1424414068460464,-0.0005887889851707,true,true
MYH9,-0.0570640106286321,-0.8282264667977017,true,true
MYL12A,0.4054203629493713,-9.803333045205664,false,true
MYL12B,-0.0858843805268406,-0.3572837304357223,true,true
MYL2,0.5592692494392395,-11.41114436040119,false,true
MYL3,-0.0368102751672267,-11.04039980009603,true,true
MYL4,0.0056254672817885,0.3273322548784705,true,true
MYL5,0.0448778271675109,0.265288052187085,true,true
MYL6,-0.1845781191119126,-0.6490081507006104,true,true
MYL6B,0.2245786860585212,0.2957624282425044,true,true
MYL7,0.2092969268560409,0.5173753087132837,true,true
MYL9,-0.0935260440622057,0.2817671152215854,false,true
MYLIP,0.1125466544181108,0.4094875783078975,true,true
MYLK,0.1337202340364456,0.3155211241990385,true,true
MYLK3,-0.1179244667291641,1.42101515429052,false,true
MYLK4,-0.0308549664914608,0.163401485664148,false,true
MYNN,-0.0351813349872827,0.042273790266019,false,true
MYO10,0.2317512929439544,0.0633802453176559,true,true
MYO15A,0.0163604295812547,0.0445231490523749,true,true
MYO15B,0.1675679286321004,0.4916291572225184,true,true
MYO16,-0.2003398686647415,-0.0602372476850899,true,true
MYO18A,0.0893881469964981,0.2973077350520974,true,true
MYO18B,-0.1048118993639946,0.4039171695362222,false,true
MYO19,-0.1082185432314872,-0.1735345687319829,true,true
MYO1B,-0.0211515147238969,-0.1158874097020765,true,true
MYO1C,-0.022742822417058,-0.1306077740439359,true,true
MYO1D,0.0388664337141173,0.1913024522316288,true,true
MYO1E,0.185277596116066,-0.4316612846998091,false,true
MYO1F,0.1247482392936945,-0.8544512430322025,false,true
MYO1H,-0.2529311142861843,-0.3228443109371824,true,true
MYO3B,0.1916889045387506,0.0314118295542394,true,true
MYO5A,0.055835910141468,-0.4540374296000449,false,true
MYO5B,0.0975547134876251,0.0094039735103116,true,true
MYO5C,0.0368924997746944,0.6420143025306962,true,true
MYO6,0.0030276606945941,0.1934543861142021,true,true
MYO7A,-0.176566407084465,-0.3287108491694801,true,true
MYO7B,-0.6907379031181335,-0.0528028822203858,true,true
MYO9A,0.0399321196101872,0.117316154041335,true,true
MYO9B,0.042861968062685,-0.4615950268777688,false,true
MYOC,0.5101570487022399,0.963092423743699,true,true
MYOCD,-0.0695657283067703,0.1975038984351944,false,true
MYOF,0.2327713308235009,0.126693426048142,true,true
MYOM1,-0.089811772108078,-7.517937798685626,true,true
MYOM2,-0.0039958897978067,-3.997952052502951,true,true
MYOM3,-0.0923279747366905,0.5678305304620057,false,true
MYOT,-0.1804582923650741,-1.241322802636161,true,true
MYOZ1,0.22042877972126,0.6897540711089541,true,true
MYOZ2,-0.1258099377155304,-8.400951648209915,true,true
MYOZ3,0.1980790644884109,0.4497918662788715,true,true
MYPN,-0.0119475498795509,0.2650007113107895,false,true
MYPOP,0.0816695716232061,-0.2038102711947504,false,true
MYRFL,-0.1392165534198283,-0.0065960079152281,true,true
MYRIP,0.0722389742732048,0.4387781668991604,true,true
MYSM1,-0.0041524639486202,0.1041343045719538,false,true
MYT1L,-0.1006926372647285,0.0029205877903726,false,true
MZF1,0.0590645893476903,0.2520784028435225,true,true
MZT1,-0.0006054523400962,-0.0297011981528321,true,true
MZT2A,-0.0134209334850311,-0.2639809805968331,true,true
MZT2B,-0.084889450110495,-0.0964750619120433,true,true
N4BP1,0.0574507153193865,0.0124887989843069,true,true
N4BP2,0.018764185346663,0.3857374513983717,true,true
N4BP2L1,0.2034664377570152,0.0871019622808375,true,true
N4BP2L2,-0.0340164019060986,0.6161527241340953,false,true
N4BP3,-0.1037285849452018,-0.1071273251466613,true,true
N6AMT1,0.0491434168070554,0.6607983679010776,true,true
NAA10,-0.0855464521795511,-0.708983672804361,true,true
NAA11,-0.9337211847305296,-0.0005162990653562,true,true
NAA15,-0.0734389911272696,-0.3412074721719848,true,true
NAA16,0.0274238176643848,0.3949512067812071,true,true
NAA20,-0.1051009928807616,-0.163178464509099,true,true
NAA25,-0.0584294279771191,0.0226924693871417,false,true
NAA30,-0.0394758637994527,-0.0878396063322357,true,true
NAA35,0.0421258897653647,0.0865937975942028,true,true
NAA38,-0.0817148396745324,-0.1371795529909487,true,true
NAA40,-0.0030561266466975,0.0657172666965153,false,true
NAA50,-0.1167538022356374,-0.4089509949113665,true,true
NAAA,0.1649394072592258,0.5666972040020277,true,true
NAALAD2,0.3327586675683657,0.3565251227558659,true,true
NAALADL1,0.3985676169395446,-0.0911499430367044,false,true
NAALADL2,0.2412318736314773,0.5340678391981836,true,true
NAB1,0.2201410873482624,0.0693738572144111,true,true
NAB2,0.0786906157154589,-0.5243456387767238,false,true
NABP1,0.142234519124031,-1.227743379805116,false,true
NABP2,0.0955113470554351,-0.1710236024981397,false,true
NACA,0.1037062481045723,0.1230596315013068,true,true
NACA2,0.1719506233930587,-0.0206221122517247,false,true
NACC1,-0.0512196044437587,-0.7565124154765166,true,true
NACC2,-0.049505719449371,-0.5423873521454298,true,true
NADK,-0.1878406041301787,-0.219217365881914,true,true
NADK2,0.0546517414816965,-0.005646681373177,false,true
NADSYN1,0.0185626396909356,-0.0208882102386738,false,true
NAE1,0.0596474707126617,-0.1755611121331419,false,true
NAF1,-0.0121577235404402,0.0224995695460075,false,true
NAGA,-0.0926636680960655,-0.715300358519562,true,true
NAGK,0.3198365271091461,-0.4719619778399484,false,true
NAGLU,-0.0978834014385938,-0.3724681900883073,true,true
NAGPA,0.0831420297423998,-0.0739072004762872,false,true
NAIF1,0.0351241752505302,-0.0597842472410141,false,true
NAIP,0.0062735793180763,-1.570313392474741,false,true
NALCN,-0.0883829444646835,0.1371901983735985,false,true
NAMPT,-0.1987893730401992,-1.577893984743461,true,true
NANOG,-0.0085711572319269,0.0785736178396248,false,true
NANOS1,-0.0321194380521774,0.0253245374170718,false,true
NANP,-0.1253205053508281,-0.28300604986497,true,true
NANS,-0.1282279305160045,-0.7175347313332434,true,true
NAP1L1,-0.0355528534855693,0.1363535021310493,false,true
NAP1L4,0.0126092109297003,0.1401655561882435,true,true
NAP1L5,-0.1318407356739044,0.4575447377911376,false,true
NAPA,-0.0913134384900331,-0.095482666433944,true,true
NAPB,0.0454517098842188,0.2732199640010886,true,true
NAPEPLD,0.0998873636126518,0.3702526591344592,true,true
NAPG,0.0022210377889374,0.073795715477253,true,true
NARF,0.011008055259784,-0.1505987628496967,false,true
NARS,-0.1478220164775848,0.2419243155983732,false,true
NARS2,0.1270380126578467,0.2141076597505389,true,true
NASP,-0.0371013861149549,-0.135002962645828,true,true
NAT1,0.0152523554861545,-0.4033076185999435,false,true
NAT10,-0.0829661037772893,-0.0106053889758976,true,true
NAT14,-0.0605383664369583,-0.0653466296118485,true,true
NAT9,-0.1210596561431884,-0.2120894838792746,true,true
NAV1,-0.005925848459204,0.1317235181561988,false,true
NAV2,0.037225487952431,-0.167341698016119,false,true
NAV3,0.1980704804882407,-0.0795938711365606,false,true
NBAS,-0.0116650671032922,0.4323765454259467,false,true
NBEA,0.107469379901886,0.5203576030305794,true,true
NBEAL1,-0.0044932078037943,0.4199096004877644,false,true
NBEAL2,-0.0826316786309083,-0.4715135724530747,true,true
NBL1,-0.0561416298151016,-0.095202588681162,true,true
NBN,0.0684977307915687,0.0225541712412513,true,true
NBPF1,0.4124219059944153,0.2034798731200266,true,true
NBPF10,0.228972057501475,0.2849887410507632,true,true
NBPF11,0.2282865554094314,0.0352040914649091,true,true
NBPF12,0.2047061413526535,0.017840148315841,true,true
NBPF14,0.2986483007669448,0.2991555993980401,true,true
NBPF20,0.0997480172663927,0.2981018782510939,true,true
NBPF3,0.2676526208718617,0.1055823595372059,true,true
NBPF9,0.0416821105405688,-0.1084971642473376,false,true
NBR1,0.0601702787514243,0.2290429370029079,true,true
NCALD,0.0728130548128059,0.3258574971261083,true,true
NCAM1,-0.0267661325633525,-0.7537487578448498,true,true
NCAM2,0.0643204972147941,-0.0257128593023663,false,true
NCAPD2,0.0270681742578744,-0.0451997485073598,false,true
NCAPD3,0.0329866709187626,-0.1358684905895239,false,true
NCAPG2,-0.0348873244598507,-0.2182915099419318,true,true
NCAPH2,0.0362337825354188,-0.0762290485708851,false,true
NCBP1,-0.0961142342005457,0.0345936142104821,false,true
NCBP2,-0.1899288341403007,-0.0950782932945584,true,true
NCBP2-AS2,-0.058741264976561,0.1730692760386252,false,true
NCDN,0.195876594632864,0.4738288488458271,true,true
NCEH1,-0.2261285930871963,-0.2862500029009238,true,true
NCF1,0.4960352182388305,-0.2615309365756891,false,true
NCF2,0.1051664054393768,-0.7782269463781152,false,true
NCF4,0.070571519434452,-1.019683857920139,false,true
NCK1,-0.0305647456220218,-0.0955051108099644,true,true
NCK2,0.1087163601602826,-0.2166487848592701,false,true
NCKAP1,-0.0333997206762432,-0.4364740512128042,true,true
NCKAP1L,0.0584717988967895,-1.109888361596282,false,true
NCKAP5,0.231729581952095,1.110735085926646,true,true
NCKAP5L,0.0597205325961112,-0.1352570016334664,false,true
NCKIPSD,-0.0132116515218513,0.927976768210652,false,true
NCL,-0.04861045597742,-0.0232935055480707,true,true
NCLN,-0.0686647753231227,-0.5173871534239848,true,true
NCMAP,-0.0014729421818628,0.0176179734538488,false,true
NCOA1,0.027001017704606,0.0237797741843932,true,true
NCOA2,-0.0394709766177194,0.585448468836617,false,true
NCOA3,-0.1818152945488691,0.1394226010913861,false,true
NCOA4,-0.0216663481667637,0.235825303756866,false,true
NCOA5,-0.0125230082000295,-0.2502516373608876,true,true
NCOA6,-0.0186759170943072,0.1637012123241672,false,true
NCOA7,-0.0677395114409072,-0.2332916824398805,true,true
NCOR1,-0.022938886324742,0.1179687414985553,false,true
NCOR2,0.090388714734997,0.020416613485815,true,true
NCR3LG1,0.1131280288100242,0.1711295760714953,true,true
NCSTN,-0.0216722682118415,0.190101440070344,false,true
NDC1,-0.004704400524497,-0.2659918137902037,true,true
NDC80,0.2863142881542444,-0.1739666116808511,false,true
NDE1,0.0874408830090292,0.2819521096706889,true,true
NDEL1,-0.0900219789307032,-0.1976428362614108,true,true
NDFIP1,-0.0112982219351189,0.1577381466739629,false,true
NDFIP2,-0.1527677774429321,-0.0576417153465369,true,true
NDN,0.0930721797049045,0.3253714028010179,true,true
NDNF,-0.0309779345989227,-0.0033228590461527,true,true
NDOR1,-0.059117766842246,-0.1671656456163965,true,true
NDRG1,0.046566005796194,0.1666462587228076,true,true
NDRG2,-0.1561871320009231,0.0797999235222786,false,true
NDRG3,0.1054431945085525,0.3331693829658584,true,true
NDRG4,-0.1408029943704605,-0.1594378249706682,true,true
NDST1,0.0564903889317065,-0.2692159459699121,false,true
NDST2,-0.0509769858326762,-0.1478102912879535,true,true
NDST3,0.002571462187916,0.0032749436446893,true,true
NDST4,-0.0672278245911002,0.0702410230769674,false,true
NDUFA1,-0.1499323781579732,0.3876662617426998,false,true
NDUFA10,-0.0298534243899796,0.4618693609133757,false,true
NDUFA11,-0.2165357694029808,0.1077919475515667,false,true
NDUFA12,-0.2389236867427825,-0.0086868720081172,true,true
NDUFA13,-0.1299516409635543,0.2604747244404537,false,true
NDUFA2,-0.0807065658271312,0.2865125829841765,false,true
NDUFA3,0.0229174010455608,0.2827418042336855,true,true
NDUFA4,-0.0084394328296184,0.1676776168118614,false,true
NDUFA4L2,-0.2933062613010406,-0.5857647109450772,true,true
NDUFA5,-0.1820355951786041,0.3220107116455901,false,true
NDUFA6,-0.2187699869275093,0.089398898713993,false,true
NDUFA8,-0.0295656099915504,0.4156983494613211,false,true
NDUFA9,0.0393766902387142,0.124277233266774,true,true
NDUFAB1,-0.1738027781248092,0.1405772355967336,false,true
NDUFAF1,-0.0636431050952523,0.0145073552627934,false,true
NDUFAF2,-0.1155094302126339,-0.4384238785017959,true,true
NDUFAF3,-0.1103451859205961,0.3173272821256336,false,true
NDUFAF4,-0.0933170232921838,0.2924305299911691,false,true
NDUFAF5,0.00008802178005377452,0.0270720840971345,true,true
NDUFAF6,0.0329727402755192,-0.058774594335258,false,true
NDUFAF7,-0.0327932333573699,0.1138068117547921,false,true
NDUFB1,-0.0633499309420585,0.268463931134196,false,true
NDUFB10,-0.0435097257606685,0.2279072610689647,false,true
NDUFB11,-0.1026493564248085,0.0532551954969928,false,true
NDUFB2,-0.0800593987107276,-0.0976708257158991,true,true
NDUFB3,-0.1378953574225306,0.275144850625506,false,true
NDUFB4,-0.1179272681474685,0.3755746337712189,false,true
NDUFB5,-0.0421977899968624,0.4964750936527258,false,true
NDUFB6,-0.1365405336022377,-0.0241465745518922,true,true
NDUFB7,-0.0156851321458816,0.1763059052388342,false,true
NDUFB9,-0.1835638374090194,0.1477392182810497,false,true
NDUFC1,0.0010068311821669,0.2189247426231402,true,true
NDUFC2,-0.1088225906714797,-0.0133829976395487,true,true
NDUFS1,-0.0191951874100292,0.5462963961024236,false,true
NDUFS2,-0.1862856913357973,0.3238477808816844,false,true
NDUFS3,-0.0744005868211388,0.1432607543170414,false,true
NDUFS4,-0.0778973916811602,0.3596652108151303,false,true
NDUFS5,-0.0883682996034622,0.1780250532169738,false,true
NDUFS6,-0.1632716402411461,0.157148396061169,false,true
NDUFS7,-0.0620675273239612,0.206757237844048,false,true
NDUFS8,-0.12368955463171,0.1640075571028214,false,true
NDUFV1,-0.0698368480162961,0.3289988164474761,false,true
NDUFV2,-0.0579600223739232,-0.0342918664994336,true,true
NDUFV3,0.0191247777159636,-0.0342701178766589,false,true
NEB,-0.1988409165292978,0.7114132049824031,false,true
NECAB1,-0.2527260515838861,0.5910317399565326,false,true
NECAB2,-0.0583466626703739,-0.1703372211284003,true,true
NECAB3,0.1321798413991928,0.7075959735023684,true,true
NECAP1,-0.0860712017863988,0.0267371527773097,false,true
NECAP2,0.0318153970409184,-0.3861958431900056,false,true
NEDD1,0.0192960578948259,0.0489620788477287,true,true
NEDD4,0.0290654636919498,-0.142189771168331,false,true
NEDD4L,0.0011751011479645,0.3849479686688077,true,true
NEDD8,-0.0979752826504409,-0.0543789232851645,true,true
NEDD9,-0.1967576742172241,0.8166414122098077,false,true
NEGR1,-0.4328219294548034,0.7348429047203985,false,true
NEIL1,-0.0696779699064791,-0.0175128682621419,true,true
NEIL2,0.1055170036852359,-0.1874213170848371,false,true
NEK1,0.0756783073634973,0.4973911374388566,true,true
NEK10,-0.1819727569818496,0.9380480019707732,false,true
NEK11,0.0315333481878042,-0.0200984960723813,false,true
NEK3,0.1041820419486611,0.2319393996386631,true,true
NEK4,-0.0090189540758728,0.0789980356697066,false,true
NEK5,-0.0208527576178312,0.2418433410210975,false,true
NEK6,0.1059083715081214,-0.5571031784806421,false,true
NEK7,-0.013060450553894,0.6650723452190321,false,true
NEK8,-0.0020002101082354,-0.0721706876976625,true,true
NEK9,-0.0271017618360929,0.3201991596156301,false,true
NELFA,0.0327091244980692,-0.0949435036700876,false,true
NELFB,0.0711038805544376,-0.1736187432613176,false,true
NELFCD,0.0569542255252599,0.0250298793000203,true,true
NELFE,0.0136993035674095,-0.2598933697033789,false,true
NELL2,0.0746275410056114,0.2360948518130191,true,true
NEMF,-0.0344877487846783,0.3352770938591578,false,true
NENF,0.0231505357660353,0.3554382828985618,true,true
NEO1,0.166800580608348,0.2194596228054077,true,true
NES,0.0618054401129484,0.3226393773378175,true,true
NET1,0.343690276145935,0.4409152688127311,true,true
NETO2,0.0078916798035303,-0.4024658378866803,false,true
NEU1,-0.01845786254853,-0.4032089061619159,true,true
NEU3,-0.0546641300121943,0.3254566438316151,false,true
NEURL1B,-0.0262259047478437,-0.0316004560597562,true,true
NEURL2,-0.6384328603744506,0.0006005662060322,false,true
NEURL4,0.0528931017033755,0.0046057043896521,true,true
NEXN,-0.0783669576048851,0.890832996177532,false,true
NF1,0.0071400972748441,0.4177654595462554,true,true
NF2,-0.021061285592926,-0.553486732252007,true,true
NFAM1,-0.03295623883605,-0.4797537309103704,true,true
NFASC,0.341037780046463,0.6687122886285679,true,true
NFAT5,0.025454721812691,0.0506260409345329,true,true
NFATC1,0.0717614355186621,0.0647796845023731,true,true
NFATC2,0.2651443481445312,0.1072037632334694,true,true
NFATC2IP,-0.0060454485605337,-0.0186714670813366,true,true
NFATC3,0.1128115321376494,0.109025251523708,true,true
NFATC4,-0.1746715009212493,-0.1734206939188269,true,true
NFE2L1,-0.0024450097233057,0.8434505353828685,false,true
NFE2L2,-0.1010624329958643,0.003980723189648,false,true
NFE2L3,-0.3129031538963317,-0.1572548165237106,true,true
NFIA,-0.0144164995955569,0.2936557853331285,false,true
NFIB,-0.0796143153815397,0.3246607570279831,false,true
NFIC,-0.0688428667684396,-0.2054684252339935,true,true
NFIL3,-0.4362620760997136,-0.5168022196119417,true,true
NFIX,0.1914355501532554,0.2382887730063947,true,true
NFKB1,0.0039560638501175,-0.4394539753022352,false,true
NFKB2,0.1430888893082737,-1.236865425544063,false,true
NFKBIA,-0.2249606996774673,0.7525262278744042,false,true
NFKBIB,-0.1279162243008613,-0.5555854082564626,true,true
NFKBID,0.0458396486937999,-0.4886739204087754,false,true
NFKBIL1,-0.0677498484961688,-0.034478577563584,true,true
NFKBIZ,-0.6028543710708618,-0.2193750900228557,true,true
NFRKB,0.1070261910557746,0.1355134208489694,true,true
NFS1,-0.0382909448817372,0.2815114505502855,false,true
NFU1,0.0083168630177775,0.0931512508574501,true,true
NFX1,-0.0336639689547674,0.1696433619059853,false,true
NFXL1,-0.055462547391653,0.0228071247400631,false,true
NFYA,0.156585169583559,0.1236660306108161,true,true
NFYB,-0.1442912690341472,-0.1857790387094255,true,true
NFYC,0.1077605592353003,0.4044349058071556,true,true
NGDN,-0.0323893797583878,-0.196670811143965,true,true
NGEF,0.0360573083162307,0.1447241071505479,true,true
NGF,-0.4507935643196106,-0.3885045019624795,true,true
NGFR,-0.07820725440979,-1.436377139667437,true,true
NGLY1,-0.0654986329193759,-0.3310573597108321,true,true
NGRN,0.134006303967908,-0.0594323101441558,false,true
NHEJ1,-0.0365796376019716,-0.1461584108339435,true,true
NHLRC2,-0.1203961595892906,0.4645906257553083,false,true
NHLRC3,0.1420792069286108,0.3192751207874597,true,true
NHP2,-0.1021838411688804,-0.3522216213554063,true,true
NHS,-0.1494487822055816,0.0338989363185406,false,true
NHSL1,-0.0321260770516736,0.456737033232712,false,true
NHSL2,0.2429145410036047,-0.0279167562977322,false,true
NICN1,0.2235939763486385,0.4454409485800807,true,true
NID1,-0.319652359932661,0.2044480126267647,false,true
NID2,0.0590227600187063,0.1907104963061252,true,true
NIF3L1,-0.0791370272636413,-0.0316712539181964,true,true
NIN,0.1433353376175676,0.0030572194218976,true,true
NINJ1,0.323113739490509,-0.4404738207081555,false,true
NINJ2,-0.1621344592422246,-0.2183908183957679,true,true
NINL,0.2007764130830764,0.5401597479670204,true,true
NIP7,-0.1922409227117896,-0.5219869864390878,true,true
NIPA1,0.0420280817896127,-0.3399556652775142,false,true
NIPA2,-0.0913783416152,-0.8059045614759283,true,true
NIPAL1,0.0702486187219619,-0.1426173616790078,false,true
NIPAL2,-0.0174138038807238,-0.0185786298163943,true,true
NIPAL3,0.0291212428361177,0.0935868712340588,true,true
NIPBL,-0.00005817925141725157,0.2241004612810004,false,true
NIPSNAP1,0.2789499908685684,0.6430131176204039,true,true
NIPSNAP3A,0.0770171297714114,-0.3129776366873815,false,true
NIPSNAP3B,0.0893134303390979,0.0596168195177835,true,true
NISCH,0.0643061293909947,0.4549028820824676,true,true
NIT1,-0.0510945994406938,-0.1411639773855957,true,true
NIT2,-0.0519602093845605,0.1831348782876456,false,true
NKAIN2,0.0823860242962837,0.0365684808602327,true,true
NKAP,0.0101887520402669,0.0985252017583473,true,true
NKAPL,-0.1007609292864799,0.145589493595287,false,true
NKD2,0.0175657682120799,-0.431883255266837,false,true
NKIRAS1,-0.1331260757520794,0.0757809360060601,false,true
NKIRAS2,-0.1145240128040313,-0.0173802740223418,true,true
NKRF,-0.095364989247173,0.0390509750238905,false,true
NKTR,0.0128301445926938,0.4766937688710362,true,true
NKX2-5,-0.2128754705190658,-1.000470340367887,true,true
NKX3-1,-0.0230046994984149,-0.4045410500556563,true,true
NLE1,0.0794635489583015,-0.2953540360944466,false,true
NLGN1,-0.1045710369944572,0.04526817000345,false,true
NLGN2,0.064934704452753,-0.3662713697975803,false,true
NLGN4X,-0.3240143358707428,-0.0880035825628811,true,true
NLGN4Y,0.2334528863430023,0.2318233192653876,true,true
NLK,-0.0375902582891285,0.2956916812993029,false,true
NLN,-0.0100541403517127,-0.1644872254461187,true,true
NLRC3,0.1719936281442642,0.0892442182664269,true,true
NLRC4,-0.2367575764656066,-0.542351303935019,true,true
NLRC5,0.17991803586483,-0.25748131342521,false,true
NLRP1,0.1671917164698243,0.3470393847586943,true,true
NLRP12,-0.1533889323472976,-0.3194035467025959,true,true
NLRP3,0.2499948441982269,-0.2110687382729207,false,true
NLRX1,0.0958148716017604,0.414662928362663,true,true
NMD3,0.1207837841163079,0.0092063468639871,true,true
NME1,-0.1067036977037787,-1.072500608871984,true,true
NME2,-0.2631579935550689,-0.5384687740745581,true,true
NME3,0.0236108275130391,0.143544694360663,true,true
NME4,0.2181437015533447,-0.0848643381331397,false,true
NME5,0.1844205856323242,0.5052152993256394,true,true
NME6,0.0935229929164052,-0.0816827454729374,false,true
NME7,-0.0317470630730635,0.0962327840158865,false,true
NME9,-0.3510655939579009,-0.0013729762011344,true,true
NMI,0.1484935333331426,-0.5184821608137177,false,true
NMNAT1,-0.0099370539188384,0.4391155420496009,false,true
NMNAT3,0.2403211295604705,0.6833573964354966,true,true
NMRAL1,-0.2894904900342226,-0.0401861362177151,true,true
NMRK1,0.021149082109332,-0.0610464356432984,false,true
NMRK2,-0.1622675210237503,-0.051226863291184,true,true
NMT1,-0.1102455620254789,-0.0449801128231186,true,true
NMT2,0.0784236449939531,0.3026089937697102,true,true
NNAT,-0.0743810534477233,-0.0097637601052088,true,true
NNMT,-0.9625057578086852,-5.150076074138576,true,true
NNT,0.0211838036775588,0.7556590512949634,true,true
NOA1,-0.0317541363183408,-0.0557956779935562,true,true
NOB1,-0.129751763616999,-0.2513334181767559,true,true
NOC2L,-0.0766481822356581,-0.4392202491590624,true,true
NOC3L,-0.0763618213435014,-0.1213987268724539,true,true
NOC4L,0.07651799172163,-0.3517658006919011,false,true
NOD1,0.0292921935518582,-0.1917747939226783,false,true
NOD2,-0.2156438082456588,-0.6418087542999675,true,true
NODAL,0.0578936859965324,-0.0126977369118655,false,true
NOL10,-0.0884130687585898,-0.0665793155222846,true,true
NOL11,-0.0685303650796413,-0.1377782074564541,true,true
NOL12,0.0061431536450981,-0.1105516938814581,false,true
NOL3,0.0391886396100744,0.4435217663363326,true,true
NOL4,-0.2951930165290832,0.0048600092165964,false,true
NOL6,-0.0672495774924755,-0.3731085471611526,true,true
NOL7,-0.0203522214666008,-0.23987144911196,true,true
NOL8,-0.0353434924036264,0.116316665996087,false,true
NOL9,-0.0010385590915878,-0.0190991079514915,true,true
NOLC1,-0.1402721257181838,-0.1599496126253106,true,true
NOM1,0.0008506909012794,0.0628655327743528,true,true
NOMO1,0.0561119019985198,-0.0123755496943633,false,true
NOMO2,0.0903095314279198,-0.1691610068979909,false,true
NOMO3,0.1046105548739433,-0.2769504801577802,false,true
NONO,-0.1041605574078858,-0.086791163924726,true,true
NOP10,-0.1886792188510298,-0.4122479738776734,true,true
NOP14,-0.1069650489836931,-0.296272145874028,true,true
NOP16,-0.275170954875648,-0.5566657458081113,true,true
NOP2,-0.1950473085045814,-0.7220823620270344,true,true
NOP56,-0.0546962124761194,-0.317298780092333,true,true
NOP58,-0.1412942856550216,0.5230253433446949,false,true
NOP9,-0.0221138373017311,-0.0031710709450258,true,true
NOS1,-0.0313993953168392,0.0312475115952765,false,true
NOS1AP,-0.0073506385087966,0.3419059886525748,false,true
NOS3,-0.065331719815731,-0.3727715745108968,true,true
NOSIP,0.0358438119292259,-0.1547026779526312,false,true
NOSTRIN,-0.2003199309110641,0.4490887299855734,false,true
NOTCH1,0.1763255894184112,-0.7350997282521265,false,true
NOTCH2,0.2521116808056831,-0.2901550708418345,false,true
NOTCH3,0.1258139498531818,-0.4260532219200792,false,true
NOTCH4,0.0782235413789749,-0.1363508440322247,false,true
NOTUM,-0.0057104523293673,-0.1002060826037249,true,true
NOVA1,-0.5168333053588867,0.0107330479788827,false,true
NOVA2,0.1049193292856216,-0.0014953105755686,false,true
NOX4,0.1482317149639129,0.2056050628930945,true,true
NOX5,0.0475747529417276,0.0141545583998342,true,true
NOXA1,0.1025157569674775,-0.0606966749147408,false,true
NPAS1,0.1083711609244346,0.057913924306378,true,true
NPAS2,-0.1647922396659851,-0.1478137840506099,true,true
NPAS3,0.2257593612053564,0.4636029939824022,true,true
NPAT,-0.0289890230633318,0.1660657849440156,false,true
NPC1,-0.1348159829420702,-0.5516407633825251,true,true
NPC2,-0.041363950818777,-0.3968947984965192,true,true
NPDC1,-0.1924920976161956,0.1122198081612872,false,true
NPEPL1,0.0457290887832641,0.2874650356564036,true,true
NPEPPS,0.0320643119048327,0.0450743410904221,true,true
NPFF,-0.0031350133940577,0.0165453271267317,false,true
NPHP1,0.1874370034784078,0.1332261690686675,true,true
NPHP3,0.1249364018440246,0.5689827451896363,true,true
NPHP4,-0.0452147551812231,0.0465946920207416,false,true
NPIPA1,0.1420990318059921,0.2285796085343335,true,true
NPIPA5,0.1094995389382044,-0.0175977780238071,false,true
NPIPA8,0.0351290004327893,0.0333421817552406,true,true
NPIPB11,0.1260073725134134,0.0380468715858488,true,true
NPIPB15,0.0026237382553517,0.1183818416211318,true,true
NPIPB3,0.1845789149403571,0.0806072626299547,true,true
NPIPB4,0.0011525067966431,-0.1424754536357297,false,true
NPIPB5,0.0632175104027347,0.020778674332574,true,true
NPL,0.2303719669580459,-0.833927770166857,false,true
NPLOC4,-0.0824373183505875,-0.2551688891069829,true,true
NPM1,-0.1140235073660733,0.0704720509376599,false,true
NPM3,0.0527731515467166,-0.4738888032077686,false,true
NPNT,0.1822362542152404,0.1090670001636699,true,true
NPPA,0.3279996514320373,-2.618440010461989,false,true
NPPB,0.2618178129196167,0.724589945448856,true,true
NPPC,-0.414815753698349,-0.9504599484884259,true,true
NPR1,0.0979266688227653,-0.0642372960707513,false,true
NPR2,0.1448116526007652,0.1707971757085711,true,true
NPR3,0.3928892910480499,1.350531570248436,true,true
NPRL2,0.2660052273422479,0.1575213688946335,true,true
NPRL3,0.1056146211922168,0.0291742690435317,true,true
NPTN,0.0168297999937619,-0.2347228116825448,false,true
NPTXR,0.0693718791007995,0.5131116651521208,true,true
NPY1R,0.1489465683698654,-0.0279263381918504,false,true
NQO1,-0.4238665699958801,-0.3310014787159061,true,true
NQO2,-0.0078239334747195,0.0733531391736699,false,true
NR0B2,0.0805661305785179,0.4991152137950258,true,true
NR1D1,0.0538718303044637,-0.1364182120588319,false,true
NR1D2,0.1956714221409388,0.3949071145267135,true,true
NR1H2,0.0114326149225234,-0.4511956405061736,false,true
NR1H3,-0.0143339956179261,0.144376473187513,false,true
NR1I3,-0.0826368704438209,-0.0012613595269421,true,true
NR2C1,0.004602126777172,0.2654871479122098,true,true
NR2C2,-0.0375987782691871,0.1292036497700315,false,true
NR2C2AP,-0.0415570829063653,-0.5082089453306764,true,true
NR2E3,-0.0210712980479002,0.0180398110121224,false,true
NR2F1,0.2203464657068252,0.0184686967903344,true,true
NR2F2,-0.0163340922445058,-0.4829215839345419,true,true
NR2F6,0.1170118385925889,-0.4736498933960997,false,true
NR3C1,0.1619619077869824,-0.0474686801580723,false,true
NR3C2,0.1100230195692607,0.3725414771073567,true,true
NR4A1,-0.130205958460768,-0.569655506839362,true,true
NR4A2,-0.0027808047831058,-0.7795784529562392,true,true
NR4A3,-0.1953683607280254,-1.741098015610957,true,true
NR5A2,-0.1684396564960479,-0.2363800490267569,true,true
NR6A1,0.1481675244867801,0.0829966989444639,true,true
NRAP,0.0262379441410303,-8.415459887770457,false,true
NRAS,-0.0324215993285179,-0.8842752847207443,true,true
NRBF2,-0.0773227144032716,-0.5238225012299775,true,true
NRBP1,0.1091515734791755,-0.5131418196371786,false,true
NRBP2,0.0889088697731494,0.6911744593271533,true,true
NRDE2,0.0528275547549128,0.2127429026158262,true,true
NREP,0.6382478872934976,0.1897051414089965,true,true
NRF1,0.0052324073471286,0.3510520967361543,true,true
NRG1,0.1635292721912264,0.0770329016342359,true,true
NRG2,0.1216516569256782,0.4227530962924326,true,true
NRG4,-0.1297758463770151,0.0397251639254756,false,true
NRGN,0.0481485822238027,-0.1704384178063009,false,true
NRIP1,-0.061396049025158,-0.6681884432221133,true,true
NRIP3,0.029828380793333,0.1484191037914793,true,true
NRK,0.8615926504135131,0.6714638911471317,true,true
NRL,-0.113362634787336,0.0504495161264582,false,true
NRN1,-0.0626420378684997,-0.1314633868600991,true,true
NRP1,0.2206133753061294,-0.0160643879969866,false,true
NRP2,0.0590336024761199,-0.2761007149019865,false,true
NRROS,-0.2120811641216278,-0.8806762454347891,true,true
NRSN2,-0.0849843869606653,-0.7191270798968808,true,true
NRTN,-0.0573319345712661,-0.5484760034816382,true,true
NRXN1,0.0677222373584906,0.198417199264846,true,true
NRXN2,0.3048031218349933,0.0403034441464629,true,true
NRXN3,1.171787142753601,0.0870972707926452,true,true
NSA2,-0.0494530268013477,0.0592722263372467,false,true
NSD1,0.05470772087574,0.2971767786606216,true,true
NSDHL,-0.1073495224118232,-0.1239466905080988,true,true
NSF,-0.0688741842833613,-0.1480696342069838,true,true
NSFL1C,-0.0247487496584653,-0.1245055857526291,true,true
NSG1,-0.1958052963018417,-0.889635230599693,true,true
NSG2,0.2071084529161453,0.2273057146467405,true,true
NSL1,0.0791625646608216,0.1792106595058329,true,true
NSMAF,0.0002523269504308,-0.24754707236296,false,true
NSMCE1,0.1348869822919368,0.3215810240255523,true,true
NSMCE2,-0.0298026170515056,-0.0941232093813053,true,true
NSMCE4A,0.0433159846812486,0.0027472296656423,true,true
NSMF,-0.0254673948511481,-0.3333280034107124,true,true
NSRP1,-0.1290152304406677,0.2161329981452975,false,true
NSUN2,0.0104340374469757,-0.071665861819516,false,true
NSUN3,0.0275722414122096,0.0543227165147939,true,true
NSUN4,-0.1131250903010368,0.1301614521042049,false,true
NSUN5,0.0280438376939855,-0.26544063678071,false,true
NSUN6,0.0493510096067828,0.4148190435342926,true,true
NSUN7,0.3425868153572082,-0.0052152823781098,false,true
NT5C,-0.1404841393232345,-0.2383444549404889,true,true
NT5C1A,0.1537624448537826,1.339381647405958,true,true
NT5C2,-0.0770341024867125,0.103489591007098,false,true
NT5C3A,0.0067090677829193,0.0135735473897424,true,true
NT5C3B,-0.0300180651247501,-0.1315272033004721,true,true
NT5DC1,0.0056760353036224,0.048116027560443,true,true
NT5DC2,-0.2150242899854978,-0.7877228074884095,true,true
NT5DC3,-0.1873049698770046,-0.4450868197066439,true,true
NT5E,0.4029411375522613,-0.0417393682831308,false,true
NT5M,0.1235954388976097,0.1563355353575519,true,true
NTAN1,0.10271717607975,-0.4194820606682179,false,true
NTF3,0.2791624367237091,0.1206759185388405,true,true
NTHL1,-0.2616733312606811,0.2081246646617791,false,true
NTM,-0.2914376556873321,0.1879844037951186,false,true
NTMT1,-0.0694007277488708,-0.1753968981888478,true,true
NTN1,-0.1232967991381883,-0.7377319950189833,true,true
NTN4,0.1588351569138467,-0.5583993852982027,false,true
NTNG2,0.1373524107038974,0.5813080194696006,true,true
NTPCR,0.0927718667779117,0.0170067555795949,true,true
NTRK1,-0.0661859363317489,0.0115254180056021,false,true
NTRK2,0.285291314125061,0.7863913447429906,true,true
NTRK3,0.0256853234022855,0.1622996105826614,true,true
NUAK1,-0.14091687053442,0.4195009850974784,false,true
NUAK2,0.0824012011289596,-0.2440627069725305,false,true
NUB1,0.1048322170972824,0.049382402672311,true,true
NUBP1,0.0058960985392332,-0.1602690832159705,false,true
NUBP2,-0.0253753176424652,-0.1889963257874773,true,true
NUBPL,0.1454926251566835,0.7139482134866175,true,true
NUCB1,-0.0479789204895496,0.0439684159438638,false,true
NUCB2,-0.0185859527438878,-0.1263414796961521,true,true
NUCKS1,-0.0470937283576599,0.3050592382601751,false,true
NUDC,-0.0923660531640052,-0.0737447804540054,true,true
NUDCD1,-0.0985263137510628,-0.4067267724720644,true,true
NUDCD2,-0.1022943062707781,-0.2894342189478371,true,true
NUDCD3,-0.0050809217583654,0.2280074652413084,false,true
NUDT12,-0.0550825140438973,0.0279239933150035,false,true
NUDT13,-0.2003393948078155,0.5965985243606498,false,true
NUDT14,-0.0994156301021576,0.0996781028793303,false,true
NUDT15,-0.1122938618063926,-0.1286011199460208,true,true
NUDT16,-0.2240802450105547,0.1789241307749187,false,true
NUDT16L1,-0.0412328606471419,0.4182743916413476,false,true
NUDT17,-0.0162990223616361,0.4267246442621541,false,true
NUDT19,0.0251466913614422,-0.0408050928564853,false,true
NUDT2,0.0720399972051382,-0.124686014989463,false,true
NUDT21,0.0358485697768628,0.1029816305213406,true,true
NUDT22,-0.0253940034657716,-0.2072232174706094,true,true
NUDT3,0.0834391117095947,0.348223899159378,true,true
NUDT4,-0.4991456270217895,-1.043358860747767,true,true
NUDT5,-0.1056145643815398,-0.6827382146900333,true,true
NUDT6,0.0440580628812312,0.4427245417942362,true,true
NUDT7,0.2567811906337738,0.7779121965850808,true,true
NUDT8,-0.1226581707596778,-0.2407139118571426,true,true
NUDT9,-0.0498526381328701,0.1813750840647778,false,true
NUF2,-0.1776609785854816,-0.2568542846661707,true,true
NUFIP1,-0.0218058712780475,0.0736668452662193,false,true
NUFIP2,-0.1129329606358494,-0.1112702186926011,true,true
NUMA1,0.0520219480552311,0.2400329387884987,true,true
NUMB,-0.012982629106513,-0.1348035571446968,true,true
NUMBL,0.0057618531864136,0.0102847553238398,true,true
NUP107,-0.003065161739609,-0.2215955623053851,true,true
NUP133,0.0007336374505289,0.1552018645473975,true,true
NUP153,-0.0319216803181916,0.0995250729560552,false,true
NUP155,-0.071237224775056,0.0024815577097387,false,true
NUP160,0.0419605502725711,-0.1978202519778751,false,true
NUP188,-0.0405485504481475,-0.4129684129509696,true,true
NUP205,-0.0581893665533113,-0.4526875349691743,true,true
NUP210,0.1236879527568817,0.0974446142526336,true,true
NUP210L,-0.1005462378263473,0.0613863194170104,false,true
NUP214,-0.023867675801739,0.1772788612375899,false,true
NUP35,-0.1088357917964458,-0.1586756939083646,true,true
NUP37,0.0003487462177872,0.0807191906109112,true,true
NUP43,-0.0211911991238593,0.0933887791399539,false,true
NUP50,-0.100967001914978,-0.2035484991449165,true,true
NUP54,-0.0012620012650066,0.0110425913611242,false,true
NUP62CL,0.1703561395406723,0.7552126653642292,true,true
NUP85,-0.0776871345937251,-0.2140645825024676,true,true
NUP88,-0.0614002719521522,-0.1795502746098205,true,true
NUP93,-0.0492153154686093,-0.2921620431668396,true,true
NUP98,-0.1172776142401354,-0.1951178065022443,true,true
NUPL2,0.0024760611355304,0.1270371783404749,true,true
NUPR1,-0.0526983942836522,-0.3366471317601602,true,true
NUS1,-0.0655131563544273,-0.3382901637598902,true,true
NUSAP1,-0.0179316587746143,-0.4154738195864327,true,true
NUTF2,-0.1201973993331194,-0.3229999376904935,true,true
NUTM2A,-0.0861601084470748,0.0907972379921161,false,true
NUTM2B,-0.1513972431421279,0.0123592254190479,false,true
NUTM2G,-0.0542136467993259,-0.0000652849047337728,true,true
NVL,0.0049635576599809,-0.0349732432102203,false,true
NXF1,0.0997327737510204,0.0622646536767579,true,true
NXN,-0.0889168757324417,-0.2259512285849054,true,true
NXNL1,0.2150344252586364,0.1191255544712996,true,true
NXPE1,0.1682680547237396,-0.0906034895548423,false,true
NXPE3,-0.0316900326870381,0.3704728441072795,false,true
NXPE4,0.082086943089962,0.0037834651569309,true,true
NXT1,-0.0499037988483905,-0.7525376722431991,true,true
NYNRIN,0.2184479162096977,0.1812117145303733,true,true
OAF,0.0945936053991317,-0.3100444716973096,false,true
OARD1,-0.0143286918289959,0.4280116314854951,false,true
OAS1,0.3668701350688934,-0.1658094843037338,false,true
OAS2,0.3965951800346374,-0.177616996630451,false,true
OAS3,0.4533948898315429,-0.3198967817859421,false,true
OAT,0.0972498431801795,0.0702471218544253,true,true
OAZ2,0.0705277013281981,0.498835325268101,true,true
OBSCN,0.0402644015848636,-6.124108144580646,false,true
OBSL1,-0.0057166065089404,0.1319278391775711,false,true
OCEL1,0.080164086073637,-0.3450618992669285,false,true
OCIAD1,0.0019308800276901,0.1648351724531007,true,true
OCIAD2,-0.1360302865505218,-0.8924333840137332,true,true
OCLN,0.1344359897387524,0.072411728038965,true,true
OCRL,-0.0875386673957109,0.0183629819803439,false,true
ODC1,0.1500068455934524,0.4977926304032847,true,true
ODF2,-0.0521788887679576,0.2028580197481813,false,true
ODF2L,0.059211047211041,0.0856568632231975,true,true
ODF3B,0.0519037868943996,-0.148739563938856,false,true
OFD1,0.1307339953879515,-0.0176795614187637,false,true
OGDH,-0.2744609117507934,0.0120404382027015,false,true
OGFOD1,-0.0376610058359801,0.0366892497947457,false,true
OGFOD2,0.0376912411302328,0.0263582466999563,true,true
OGFOD3,-0.02233941052109,0.3526748247316278,false,true
OGFR,-0.0416525971144437,-0.3149204813692518,true,true
OGFRL1,0.3157956898212432,0.474013478572778,true,true
OGG1,0.0554944053292274,0.0706147953929696,true,true
OGN,0.4152589142322539,1.071868627437869,true,true
OGT,-0.0100240710058382,0.355055827470518,false,true
OIP5,0.1518630981445312,-0.1980682591693862,false,true
OLA1,-0.1065387643341507,-0.0359589063625067,true,true
OLFM1,-0.3238376677036285,0.1838586457157085,false,true
OLFM2,-0.2686537504196167,-0.0924761497626173,true,true
OLFML1,0.1843150115261475,0.2781138693476614,true,true
OLFML2A,0.2244712021201849,0.3752087310589042,true,true
OLFML2B,0.1980802863836288,-0.6270633761657942,false,true
OLFML3,-0.1468556374311447,0.1593993508768374,false,true
OMD,0.0834927037358284,1.224337665508701,true,true
OMG,-0.3037424325942993,-0.0196977964860499,true,true
OPA1,-0.0097852284753961,0.3620653291043298,false,true
OPA3,-0.1824505462621649,-0.0648287388054256,true,true
OPCML,0.6108893156051635,-0.0073877599585927,false,true
OPHN1,-0.0295257214068745,-0.2878335402408547,true,true
OPLAH,-0.3043805360794067,0.0570523776262441,false,true
OPN1SW,-0.1114149875938892,0.0663550824819809,false,true
OPN3,-0.0441349744796752,-0.5098404582287946,true,true
OPN4,-0.5983796715736389,0.0806263989119463,false,true
OPN5,0.0135527718812227,-0.4289551678306337,false,true
OPRD1,-0.0156254693865775,0.0021289864193195,false,true
OPRM1,-0.5048170089721679,0.0004124050844381,false,true
OPTN,0.003631055355072,-0.2777247464948766,false,true
ORAI1,-0.0780579596757888,-0.747897971199679,true,true
ORAI2,-0.0243929728865623,-0.5823075418537264,true,true
ORAI3,0.100792637715737,0.2584418513639383,true,true
ORC1,0.024096306413412,-0.2702263078441342,false,true
ORC2,0.0133378528511717,0.5077333447429327,true,true
ORC3,0.0648356910262789,0.7701154616373566,true,true
ORC4,0.0022733753236631,0.1311227176755416,true,true
ORC5,0.0019773817953786,0.1051703990605861,true,true
ORC6,0.0126146776601672,-0.0301944187384926,false,true
ORMDL1,-0.1063990859838668,-0.0715631477450173,true,true
ORMDL2,-0.1666693873703479,-0.9206660453849692,true,true
ORMDL3,0.2218811884522438,0.2742053031987907,true,true
OS9,-0.0967409037053585,-0.0586656895054327,true,true
OSBP,-0.0198117614324603,0.3217138539453112,false,true
OSBP2,0.0400863892088333,1.134571442061838,true,true
OSBPL10,0.177228278790911,-0.1787209902804793,false,true
OSBPL11,0.1260143667459487,0.0876001455832775,true,true
OSBPL1A,0.1345753980179627,0.256985830313992,true,true
OSBPL2,0.1351311102509498,0.2383517053165085,true,true
OSBPL3,0.2941212654113769,-0.1537020752734155,false,true
OSBPL5,-0.0085859003343752,-0.0890644690232278,true,true
OSBPL6,0.2146061480045318,0.2784120103156422,true,true
OSBPL7,0.1977895116433501,0.3173396785092104,true,true
OSBPL8,-0.0753893683265362,-0.3211022115150372,true,true
OSBPL9,0.01478817433651,0.1883237022115071,true,true
OSCAR,-0.0877129808068275,-0.5480149013900539,true,true
OSCP1,0.0847946864863236,0.4177309554109891,true,true
OSER1,-0.0417064607143402,0.2285241127056947,false,true
OSGEP,0.1364567779004573,0.0309636347677919,true,true
OSGEPL1,-0.0404416573233902,0.2118325211688927,false,true
OSGIN1,-0.2172926515340805,-0.4535437067158232,true,true
OSGIN2,0.0084791257977485,-0.0255301643495329,false,true
OSMR,-0.3397183572873473,-1.440647886479643,true,true
OSR1,0.3371771872043609,-0.0995363158651008,false,true
OSR2,-0.4426066577434539,0.2408269310741267,false,true
OST4,-0.0099300211295485,0.0605659933058868,false,true
OSTC,-0.118987962976098,-0.9243511368370788,true,true
OSTF1,-0.0221041843372707,-0.4665423796237382,true,true
OSTM1,-0.0038526892662048,-0.2787511992862019,true,true
OTOA,0.0797378271818161,-0.0105892135844576,false,true
OTUB1,-0.0897025771439075,-0.1650835130099737,true,true
OTUB2,0.0593871101737022,-0.0162973286145854,false,true
OTUD1,0.1959766000509262,0.3197534674222648,true,true
OTUD3,-0.0012643989175557,-0.0738370047890679,true,true
OTUD4,-0.0390906291348593,-0.36589507336936,true,true
OTUD5,0.0345371656119823,-0.1041453668073217,false,true
OTUD6B,-0.0283180326223373,0.0326734935192249,false,true
OTUD7A,-0.0973319401964545,-0.0139454899716151,true,true
OTUD7B,0.0026418235152959,-0.0006953437801371,false,true
OVCH1,-0.2108866705093532,-0.0245630077650209,true,true
OXA1L,-0.0665839295834302,0.4274494962894532,false,true
OXCT1,0.0621026754379272,0.6109626035017186,true,true
OXLD1,0.0361668270081281,0.1114561630715815,true,true
OXNAD1,-0.110579356018986,0.2729655793030803,false,true
OXR1,0.0072509195888414,0.2414088665256315,true,true
OXSM,-0.0040545258671045,0.218286946255608,false,true
OXSR1,-0.0125512996954577,-0.2233438597193764,true,true
OXTR,-0.1210843622684478,-0.0373434960529484,true,true
P2RX1,0.1082162857055664,-0.484862950308984,false,true
P2RX3,0.1351031363010406,0.3483583699460582,true,true
P2RX4,0.1624704465270042,-0.4994529465873509,false,true
P2RX6,0.3389768898487091,0.7188299111160416,true,true
P2RX7,0.4347788393497467,-0.1981428929570604,false,true
P2RY1,0.466398162767291,0.1335346535531836,true,true
P2RY11,0.0020157701801508,-0.0264598788653235,false,true
P2RY12,-0.0129379611462354,0.1748878266722639,false,true
P2RY13,0.6190999150276184,0.2213417133397044,true,true
P2RY14,0.1807728707790374,0.931324958159593,true,true
P2RY2,-0.1745768636465072,-0.998269765604662,true,true
P2RY6,0.1653515249490737,-1.209073948535345,false,true
P4HA1,-0.1083443419386943,0.5598800776028332,false,true
P4HA2,-0.0032419972121715,-0.3960090829419513,true,true
P4HB,-0.1574154296889901,-0.3966552318844689,true,true
P4HTM,0.0116956278681755,0.3954760541065991,true,true
PA2G4,-0.1312234606593847,-0.2516484595998846,true,true
PAAF1,0.0449370313435792,0.4572361891244449,true,true
PABPC1,-0.2092256077698298,-0.305181848453726,true,true
PABPC1L,0.0626471806317567,0.2904091958257781,true,true
PABPC4,-0.1313850546255707,0.1002183595170569,false,true
PABPC5,-0.0743777379393577,0.1970097250807946,false,true
PABPN1,0.0174441558386509,0.0070291144037732,true,true
PACRG,-0.2012623399496078,0.858478109758878,false,true
PACRGL,0.1150230544929703,0.0500189156967567,true,true
PACS1,0.1306779099894421,-0.0264640865057463,false,true
PACS2,0.1544180338581403,-0.0571343566785742,false,true
PACSIN1,-0.1599283963441848,0.6720109666230429,false,true
PACSIN2,-0.0488211479304092,0.3001857728922905,false,true
PACSIN3,0.0445050559937953,0.3113282166716553,true,true
PADI4,-0.1328922361135482,-0.053945511748856,true,true
PAF1,-0.0121450359001755,0.0831559145525302,false,true
PAFAH1B1,-0.0215575468526887,-0.1491295003184474,true,true
PAFAH1B2,-0.0463394181181987,-0.1661681342903982,true,true
PAFAH2,0.2177830858854576,0.6951090660284791,true,true
PAG1,-0.0513389189062373,-0.3899525931568992,true,true
PAICS,-0.18672990873456,-0.3438249137046391,true,true
PAIP1,-0.0177248983643948,-0.3141034089115741,true,true
PAIP2,-0.0261689562882695,0.2608124642739211,false,true
PAIP2B,-0.0894009098410606,0.8065694767884181,false,true
PAK1,0.1592906564474105,-0.2060110934627004,false,true
PAK1IP1,-0.0857195963559206,-0.4251509636260428,true,true
PAK2,-0.0571822126262954,-0.0807007443620908,true,true
PAK3,0.481923371553421,0.0813660177023288,true,true
PAK4,0.137502992991358,-0.1728057375899603,false,true
PAK6,0.0894966721534729,0.4069638056477997,true,true
PALB2,-0.0944299945607781,0.0156577835618441,false,true
PALD1,0.1569860450923442,0.0764328296515754,true,true
PALLD,0.0396216213703155,-7.528320923961155,false,true
PALM,-0.0959753239294514,-0.2311735942507913,true,true
PALM2-AKAP2,-0.0349056936490039,0.3719865401375752,false,true
PALMD,-0.1269063353538513,0.5369486107022085,false,true
PAM,-0.0323367863893508,-8.307573954384768,true,true
PAM16,-0.0412622002884745,-0.3724957924064695,true,true
PAMR1,-0.2622218132019043,0.8382768536174234,false,true
PAN2,0.1245433755218982,0.2406617386047873,true,true
PAN3,0.0249466848160539,0.2493381249365844,true,true
PANK1,-0.2212182283401489,1.076479200101061,false,true
PANK2,-0.0141283265714134,-0.1102106980612851,true,true
PANK3,-0.0211221346010764,-0.1116966488955273,true,true
PANK4,-0.0184386787004768,0.1091305450207764,false,true
PANX1,-0.0963258346542715,-0.7205050551147635,true,true
PAOX,0.1174152716994285,-0.1797503937221053,false,true
PAPLN,0.4393430054187774,0.2639931763730739,true,true
PAPOLA,0.0397029573297394,-0.0434112083573579,false,true
PAPOLG,-0.0397556022275239,0.1643057362129618,false,true
PAPPA,-0.3448249697685241,-0.065521046360883,true,true
PAPPA2,-0.1228744369000196,0.043808446289393,false,true
PAPSS1,0.1558271043002605,-0.3713171666745207,false,true
PAPSS2,-0.160706228017807,-0.1601060498050279,true,true
PAQR3,-0.1367232108488679,0.0976606418404633,false,true
PAQR5,-0.2210981249809265,0.0979346798226955,false,true
PAQR7,0.1495233625173568,-0.0826795470677268,false,true
PAQR8,0.2020174216013401,0.1168638747641017,true,true
PAQR9,0.2207034975290298,0.2183072002677328,true,true
PARD3,0.1510125994682312,-0.4358790276769779,false,true
PARD3B,0.0416367724537849,0.6941178659294169,true,true
PARD6B,-0.2890151068568229,0.0902883620325454,false,true
PARD6G,0.2699795663356781,0.2467114227015115,true,true
PARG,-0.0654197721076863,0.12162915073548,false,true
PARK7,-0.0425205409526824,0.1347415291201894,false,true
PARL,-0.0527434010679523,0.0555315830808673,false,true
PARM1,-0.1346180429682135,1.174271332956061,false,true
PARN,0.0340602810361555,0.1785866967577254,true,true
PARP1,-0.0046432863920927,-0.1876919099555234,true,true
PARP10,0.1950385003001429,0.0580395779809079,true,true
PARP11,0.1004673141453947,0.0862639310412047,true,true
PARP12,0.1959060862660408,-0.4078069554640921,false,true
PARP14,0.1702408854450498,-0.2854330922136565,false,true
PARP15,0.0768132209777832,0.0233389917007578,true,true
PARP16,0.1330897707492113,-0.102106642024784,false,true
PARP3,0.0760308378376066,0.2177753753253424,true,true
PARP4,0.0159428576007485,-0.0498222189264923,false,true
PARP6,0.0704590467115243,-0.3698102011531134,false,true
PARP8,-0.4780993461608886,0.0877442321141685,false,true
PARP9,0.1281023867428302,-0.6259929615556121,false,true
PARPBP,-0.1310055603583654,-0.2059902078016217,true,true
PARS2,0.0059612016193568,0.0547945393539559,true,true
PART1,0.0812806114554405,0.0012700785289285,true,true
PARVA,-0.0374464904889464,-0.138893234375832,true,true
PARVB,-0.2220220613060519,-0.3694153040788643,true,true
PARVG,0.0637782365083694,-0.6731958624135289,false,true
PATL1,-0.0080705993517767,-0.1483131578088472,true,true
PATL2,0.1565735340118408,-0.0311525691283306,false,true
PATZ1,0.1673761177808046,0.4999468367647033,true,true
PAWR,0.313636839389801,-0.2306320236787913,false,true
PAX8,-0.18520835544914,-0.1090849120528763,true,true
PAXBP1,0.0066720591192798,-0.1512860534692035,false,true
PAXIP1,0.046331918425858,0.0733780510133992,true,true
PBDC1,-0.0579523555934429,-0.3764828865385072,true,true
PBLD,-0.0263362996745854,0.3738470942481824,false,true
PBRM1,-0.0081777200102806,0.0728620331391054,false,true
PBX1,-0.087066326290369,0.2055008202090684,false,true
PBX2,0.1581363648176193,-0.1613268892744872,false,true
PBX3,0.0513265239340918,0.0412560761207503,true,true
PBXIP1,-0.082856923341751,0.4530015251950469,false,true
PC,-0.1234057322144508,0.0857428037483471,false,true
PCBD1,0.0458130612969398,0.574646895186322,true,true
PCBD2,-0.0277544177869068,0.5122392590797209,false,true
PCBP1,-0.1817892830818891,-0.3142078352026729,true,true
PCBP2,-0.0322238919990403,0.2626384278458822,false,true
PCBP3,-0.0354969415813684,-0.4475245648860077,true,true
PCBP4,0.1697497727970281,-0.0179208870143821,false,true
PCCA,0.0358946786395141,0.4994187498554953,true,true
PCCB,0.0735162651166319,0.9295295874910704,true,true
PCDH1,-0.2542115151882171,-0.2276254103315755,true,true
PCDH11X,-0.0555542707443237,0.0164217525814202,false,true
PCDH12,-0.0026455351617187,0.6252336818797523,false,true
PCDH15,0.4379299581050872,0.3337399165158642,true,true
PCDH17,0.0725637022405862,-0.7387093304530867,false,true
PCDH18,-0.1448856443166732,-0.2891077153638861,true,true
PCDH19,0.0008649410447105,0.2620736663770163,true,true
PCDH7,0.0940141975879669,0.8521582628874009,true,true
PCDH9,0.0126185547560453,-1.716287738839204,false,true
PCDHB10,0.0488925315439701,0.1149770621204364,true,true
PCDHB12,0.0874019712209701,0.0373817777734698,true,true
PCDHB14,-0.0431777685880661,-0.3690261181593186,true,true
PCDHB15,-0.0090916957706212,-0.5121647854005309,true,true
PCDHB16,-0.0083261979743838,-0.0317652649558647,true,true
PCDHB4,-0.1083729863166809,-0.0719864512504668,true,true
PCDHGA1,-0.1083481907844543,-0.1482563362900757,true,true
PCED1A,0.0966072686016559,-0.4219889430291794,false,true
PCED1B,0.123558210209012,-0.087110113147474,false,true
PCF11,0.019642997666129,-0.0021727946518259,false,true
PCGF1,0.0718977823853492,0.0044659148386578,true,true
PCGF2,-0.0389870293438434,0.2169629601793321,false,true
PCGF3,-0.0404240752104669,-0.1629322128752517,true,true
PCGF5,-0.0659717321395874,0.0208347082171504,false,true
PCGF6,0.0061436490621417,-0.2754340824419239,false,true
PCID2,0.0255571502660002,-0.2013347072556404,false,true
PCIF1,-0.047524877008982,0.2293105678098816,false,true
PCK2,-0.1654441822708273,-0.6542020297152861,true,true
PCLO,0.0855883955955505,0.4928293206025343,true,true
PCM1,0.0884463489055633,0.1409793592511308,true,true
PCMT1,-0.0919034821646553,-0.0705413760849813,true,true
PCMTD1,0.0102975806886596,-0.0130116909293231,false,true
PCMTD2,0.2088365197181701,0.6481689830458855,true,true
PCNA,-0.0390917522211869,-0.3529397478694211,true,true
PCNP,-0.0609983583646161,-0.0436272569375626,true,true
PCNT,-0.0815608811875184,-0.178794800262009,true,true
PCOLCE,0.2324809581041336,-0.4334440998119424,false,true
PCOLCE2,-0.044775478541851,0.4993209547087875,false,true
PCP4,-0.1202052608132362,-0.0349465999558533,true,true
PCSK1,-0.1874994486570358,-0.1918626273130159,true,true
PCSK2,-0.2053234726190567,0.2582074090693232,false,true
PCSK4,0.0452115684747695,0.0529299023394953,true,true
PCSK5,-0.079732005794843,0.3700902868929532,false,true
PCSK6,0.0989339128136634,1.113568511542428,true,true
PCSK7,-0.0223301756195724,-0.0924742595366883,true,true
PCTP,-0.0667240902781486,0.3098810922748658,false,true
PCYOX1,0.0139897728804498,0.3626294899888886,true,true
PCYOX1L,0.1729475669562816,0.256730714594785,true,true
PCYT1A,-0.050238449126482,0.0355944375960213,false,true
PCYT1B,-0.0217735711485147,-0.0037361434543483,true,true
PCYT2,0.0321058742702007,0.2104452313211018,true,true
PDAP1,-0.0980022018309682,-0.3534547725873791,true,true
PDC,-0.088869459927082,0.003353055392234,false,true
PDCD10,-0.0750583410263061,-0.1071659821717299,true,true
PDCD11,-0.1386642703786492,-0.2547631426930192,true,true
PDCD1LG2,0.0481327150017023,-0.0646166372686074,false,true
PDCD2,-0.0383328489959239,-0.3484951653938046,true,true
PDCD2L,0.0810747444629669,-0.2009779739425172,false,true
PDCD4,0.0207189365423151,0.3219307950942895,true,true
PDCD5,-0.1198264084756374,-0.3979668501419437,true,true
PDCD6,-0.0057823313400149,-0.0560463831065369,true,true
PDCD6IP,-0.0340849147677155,-0.1304884428893204,true,true
PDCD7,0.0700383674353361,0.1775758244465186,true,true
PDCL,0.0456587625667452,-0.0288155705740331,false,true
PDCL3,0.0761830732226371,-0.0477981095515898,false,true
PDE10A,-0.3836835414171219,0.1783450774844905,false,true
PDE11A,-0.3596529960632324,-0.1703435059436238,true,true
PDE12,-0.1813037604093551,-0.14307536890955,true,true
PDE1A,0.1108672935515642,0.0276602284605003,true,true
PDE1B,-0.0408778302371501,-0.3272082143392532,true,true
PDE1C,-0.2946163415908813,0.3460146130590411,false,true
PDE2A,-0.2897537350654602,0.0902359398802556,false,true
PDE3B,-0.3877479135990142,0.7775691460484885,false,true
PDE4A,-0.0553875938057899,-0.3831053381535245,true,true
PDE4B,-0.1959570199251174,-0.6143250970436531,true,true
PDE4C,0.590434730052948,0.5578233120393267,true,true
PDE4D,0.0657732944403375,-0.4597033677950186,false,true
PDE5A,0.0353555356462796,0.4313766263840994,true,true
PDE6A,-0.0001871861313702,0.1052778139296698,false,true
PDE6B,0.097274474799633,0.1288830608516986,true,true
PDE6C,-0.168337345123291,-0.0013970293020169,true,true
PDE6D,-0.0489055591945846,-0.0307839349301124,true,true
PDE7A,-0.3142589628696441,1.071382444256739,false,true
PDE7B,0.0300570204854011,0.2560841041626105,true,true
PDE8A,-0.0638551866369587,0.0945119458040872,false,true
PDE8B,0.2007674723863601,-0.3705994195064501,false,true
PDE9A,0.2108169630169868,0.2388845239352552,true,true
PDGFA,0.0571695417165756,-0.3431383558659599,false,true
PDGFB,-0.1524732112884521,-0.5782114028075215,true,true
PDGFC,0.5135679244995117,0.2633435856002681,true,true
PDGFD,0.0910877883434295,0.6257544699842783,true,true
PDGFRA,-0.2221162617206573,-0.6636981540930615,true,true
PDGFRB,-0.0369543991982936,-0.4926710529355338,true,true
PDGFRL,0.0663155689835548,0.4380293727765272,true,true
PDHA1,-0.1881599277257919,0.2008122391627562,false,true
PDHB,-0.0603085404727607,0.306316869501372,false,true
PDHX,-0.0868236077949404,-0.3074389261290742,true,true
PDIA3,-0.0935480913945606,-0.5885364071140402,true,true
PDIA4,-0.0914193846983835,-1.00844566752607,true,true
PDIA5,-0.076577877625823,-0.3924431757409645,true,true
PDIA6,-0.0418129390105605,-0.464777853836197,true,true
PDIK1L,0.035551378969103,0.066823180085999,true,true
PDK1,-0.1451819658512249,0.5482051496041391,false,true
PDK2,-0.0741248279809951,0.3241567781527479,false,true
PDK3,0.0458937768957444,0.2345676945579637,true,true
PDK4,-0.3861489892005919,-7.950571250187966,true,true
PDLIM1,-0.0693261325359344,0.3651039331988732,false,true
PDLIM2,0.3284383863210678,-0.2286496031814269,false,true
PDLIM3,-0.1418427079916,-0.2333884618945107,true,true
PDLIM7,0.0575667768716812,-1.163777614615663,false,true
PDP1,0.1702745258808136,0.2182467790788909,true,true
PDP2,-0.1545574351766845,-0.0683886591537066,true,true
PDPK1,0.0576270796092493,0.0758887582640546,true,true
PDPR,0.0374808323436549,0.1978941275003793,true,true
PDRG1,0.0644865110516548,0.1563178683235126,true,true
PDS5A,-0.0479412693530321,-0.1036393137401905,true,true
PDS5B,0.0393614144995808,0.1116197891759327,true,true
PDSS1,-0.1394791483879089,-0.3083839313499594,true,true
PDSS2,0.0053308367662663,0.085061020892962,true,true
PDXDC1,-0.0705551843025854,-0.144793367726395,true,true
PDXK,-0.0156760197132825,0.0296547655013021,false,true
PDXP,0.0966197103261947,0.0634009629516381,true,true
PDZD11,0.085213765501976,0.2161630608153926,true,true
PDZD2,-0.1260750740766525,-0.2408583369907795,true,true
PDZD7,-0.0039325258694589,0.0349500764640399,false,true
PDZD8,-0.0689728122337588,-0.112496586123417,true,true
PDZD9,-0.0189707670360803,-0.0060262952003061,true,true
PDZK1,-0.2402974404394626,0.0648580525256529,false,true
PDZRN3,-0.1656508892774581,0.3132306630100547,false,true
PDZRN4,-0.0717927441000938,0.0741114587550231,false,true
PEA15,-0.0018774219264741,-0.4534108082618866,true,true
PEAK1,0.1181694976985454,0.0907976100895635,true,true
PEAR1,-0.0696447789669036,0.3336187481871273,false,true
PEBP1,-0.082236710190773,0.4304844308498401,false,true
PEBP4,-0.3622856140136718,0.4085802979046508,false,true
PECR,0.0928707523271441,0.1055349743765154,true,true
PEF1,-0.1668443754315376,-0.0699884929835388,true,true
PELI1,0.0764685406216553,-0.3189293007254137,false,true
PELI2,0.0191819545413766,0.4818404563577825,true,true
PELI3,0.0058768047019839,-0.0046696789363855,false,true
PELP1,0.053527308255434,0.0587081732760119,true,true
PEMT,0.1336232751607894,-0.5697188294563559,false,true
PEPD,0.008474476635456,-0.2104831875714077,false,true
PER1,-0.1518963097284237,1.100342186461702,false,true
PER2,0.1984068691730499,0.4265494022849618,true,true
PER3,0.3590343358616034,0.5908133621562852,true,true
PERP,0.014822800643742,0.1843807053642878,true,true
PES1,-0.0818218029337003,-0.5698495546708746,true,true
PET100,-0.0441091395914554,0.0041846521404531,false,true
PET117,-0.0425988622009754,-0.1527966442160853,true,true
PEX1,0.0797047826151053,0.2854047339639316,true,true
PEX10,0.0225127587715784,-0.069216229759291,false,true
PEX11A,-0.2373267114162445,0.2648192034154965,false,true
PEX11B,-0.0197826609015464,0.063534965513563,false,true
PEX11G,0.10640499740839,0.4142423481014518,true,true
PEX12,0.0935110598802566,0.5480274205333051,true,true
PEX13,0.0012268655002117,-0.0527164894630218,false,true
PEX14,-0.0582054498206291,0.1346120771993155,false,true
PEX16,-0.1056609902880154,-0.0317521938334892,true,true
PEX19,-0.0387342851608991,0.419740820721655,false,true
PEX2,0.0374117790721356,0.0297409119485392,true,true
PEX26,-0.0204587717540562,-0.0979014507932149,true,true
PEX3,0.1348297734123965,0.241578350653937,true,true
PEX5,0.0167738739401102,-0.2807690734748389,false,true
PEX5L,-0.0310141785691181,0.0461010508770403,false,true
PEX6,-0.0270622089505195,0.4771912261852455,false,true
PEX7,0.1275297403335571,0.887141742027611,true,true
PFAS,-0.0412603546865284,-0.1993633980685214,true,true
PFDN1,-0.0866397706170876,0.3592016439604579,false,true
PFDN2,-0.1021534935571253,-0.1743136987644966,true,true
PFDN4,-0.0096575872351725,0.0197980231574996,false,true
PFDN5,0.0563223348930478,0.2227955412473772,true,true
PFDN6,-0.0698316062722976,-0.2901420463285555,true,true
PFKFB1,0.2238257229328155,0.1178165764797301,true,true
PFKFB2,0.0707800611853599,0.8315076424196457,true,true
PFKFB3,-0.1294109225273132,-0.8043782080844055,true,true
PFKFB4,0.1900472939014434,-0.3460195631043155,false,true
PFKL,0.0006956200581043,-0.1633976122021905,false,true
PFKM,-0.1417756974697113,0.5307501766408382,false,true
PFKP,-0.0151333091780543,-0.109916117079706,true,true
PFN1,-0.1452888846397399,-0.993466254313816,true,true
PFN2,-0.1886903792619705,-0.0940815925131079,true,true
PFN4,-0.0486155357211828,0.3085219633054405,false,true
PGAM1,-0.1807166516780853,-0.0023497518936315,true,true
PGAM2,-0.08949676156044,0.514887414907533,false,true
PGAM5,-0.0621519326232373,-0.1840145401082389,true,true
PGAP1,-0.3586313426494598,0.3950182777889712,false,true
PGAP2,0.2042668331414461,0.2656475045696375,true,true
PGAP3,0.0687770443037152,0.2799006641097427,true,true
PGBD1,0.0759891159832477,-0.2072612366398156,false,true
PGBD2,-0.1201391443610191,0.4801852821930059,false,true
PGBD4,0.0702936053276062,0.3451003352216537,true,true
PGBD5,0.2393000870943069,0.3270636973525986,true,true
PGD,-0.4882066895564397,-0.3059480117865494,true,true
PGGT1B,-0.0056691424688324,0.0471732615346174,false,true
PGK1,-0.1362939458340406,-0.0740612614499109,true,true
PGLS,0.0274686277844011,-0.6289628939403613,false,true
PGLYRP1,0.0973377078771591,-0.0162897018961516,false,true
PGM1,-0.0536282174289226,-0.1318572724813664,true,true
PGM2,-0.0265965485014021,-0.3288151167842738,true,true
PGM2L1,-0.0355793563649058,-0.489598852289481,true,true
PGM3,-0.0057475081644952,-0.535887696547184,true,true
PGM5,0.0097861511499754,0.3480528151352011,true,true
PGP,-0.107620932161808,-0.2167720565656576,true,true
PGPEP1,0.0964684076607227,-0.0902800782114385,false,true
PGR,0.257294625043869,0.0775580187982582,true,true
PGRMC1,0.0276015748580296,-0.309613708929461,false,true
PGRMC2,-0.1313178185373544,-0.0089513155890759,true,true
PGS1,-0.0625948278233408,-0.2237044512471233,true,true
PHACTR1,-0.4332407712936401,-0.3083738976935661,true,true
PHACTR2,0.1021197848021984,0.0551206506420447,true,true
PHACTR3,-0.5913742184638977,-0.1832385748898888,true,true
PHACTR4,0.0609827713508691,-0.2321675338413808,false,true
PHAX,-0.0621020449325442,0.1276549681535765,false,true
PHB,-0.0736098438501358,-0.1898929898985608,true,true
PHB2,-0.0718127939850091,0.1101558314238033,false,true
PHC1,0.15664928779006,0.120877563287375,true,true
PHC2,-0.236621291997532,-0.1307599711190352,true,true
PHC3,-0.0314830970019102,0.5005640039762445,false,true
PHEX,-0.0926946122199296,-0.2188034047472405,true,true
PHF1,0.0872967167136569,0.0247648504263042,true,true
PHF10,-0.0041339054936543,0.2376309544158141,false,true
PHF11,0.0575562688921179,-0.17736992233438,false,true
PHF12,0.0483115685305425,0.0875190372626741,true,true
PHF13,0.0324402824044227,-0.2640756222971993,false,true
PHF14,0.0687012188136577,0.0288068102461176,true,true
PHF19,0.0352007783949375,0.032671749168331,true,true
PHF2,0.0127307667086521,0.1338059782412726,true,true
PHF20,-0.1766555969204221,0.1121796088918167,false,true
PHF20L1,-0.0043824223726655,-0.1047090771777643,true,true
PHF21A,0.0414265756096158,0.1419325094857781,true,true
PHF21B,0.381664752960205,0.1124106571282686,true,true
PHF23,-0.0534036271274089,-0.4809367127530244,true,true
PHF3,0.0093964229204824,0.4688337087149152,true,true
PHF5A,-0.0834418949671089,-0.2401080477811361,true,true
PHF6,-0.0471041079610586,0.0681775998847196,false,true
PHF7,0.0225956910580862,0.1953439423740408,true,true
PHF8,-0.026987244308527,0.0720689887833207,false,true
PHGDH,0.2642198503017425,-0.3630626191380512,false,true
PHIP,0.0438887535461357,0.1786203459059088,true,true
PHKA1,0.0985088820258776,0.4043103357117794,true,true
PHKA2,-0.1775698810815811,0.3863745024918996,false,true
PHKB,0.0193287708430683,0.3069950141464366,true,true
PHKG1,0.0790085941553115,-0.124671796138668,false,true
PHKG2,-0.0405258384998887,-0.2455636841608037,true,true
PHLDA1,0.2313627103964487,0.5993164553660008,true,true
PHLDA3,0.1900395962099234,-0.1732154256952362,false,true
PHLDB1,0.0153246916830539,0.0029274553325571,true,true
PHLDB2,0.101393565069884,0.4079871097548695,true,true
PHLDB3,0.0798843368887901,0.004383525155122,true,true
PHLPP1,0.077034236198025,0.1771651043529152,true,true
PHLPP2,0.1295631652077039,0.1833277618024613,true,true
PHOSPHO2,-0.0352265173569321,-0.3046419349833194,true,true
PHPT1,0.124464044929482,0.1933525652880794,true,true
PHRF1,-0.0331404072698205,-0.074573210116017,true,true
PHTF1,-0.0988086890429258,-0.0406457801762343,true,true
PHTF2,0.0533335892749684,-0.4069272491983917,false,true
PHYH,-0.0066295485012233,0.6534249788176139,false,true
PHYHD1,-0.116216363850981,0.1254618763308652,false,true
PHYKPL,0.0305937012225123,0.238277864819318,true,true
PI16,0.4196931421756743,1.247504087845194,true,true
PI4K2B,0.0161127125223477,-0.6188437411746683,false,true
PI4KA,0.0218966092382158,-0.0947639297754867,false,true
PI4KB,0.0468091356257597,-0.1564283687815923,false,true
PIAS1,-0.0671766096326921,0.5345427178080313,false,true
PIAS2,0.0198104348964989,0.3858550189592149,true,true
PIAS3,0.013774462416768,-0.1537530693012754,false,true
PIAS4,0.0132218701764941,-0.4715894152539836,false,true
PIBF1,0.0480532819139105,0.085640061174514,true,true
PICALM,-0.0533667052430765,-0.1257676810331478,true,true
PICK1,-0.1522045484744012,-0.0794730956641545,true,true
PID1,-0.6012364029884338,0.569779742786432,false,true
PIEZO1,0.0450499970465898,-0.4865199176136809,false,true
PIEZO2,0.0634834989905357,0.1278622925917446,true,true
PIF1,0.1806128621101379,-0.020665382247087,false,true
PIFO,-0.031668234616518,0.2273167912807769,false,true
PIGA,-0.281780016918977,-0.5141331742457602,true,true
PIGB,-0.036470690742135,-0.0664170255685878,true,true
PIGC,0.0213350419265528,-0.2074799485545604,false,true
PIGF,-0.0576529849010209,-0.2581474984010072,true,true
PIGG,0.027269176673144,0.089128513107612,true,true
PIGH,-0.1482365325093269,-0.3737026582188853,true,true
PIGK,0.0558954430744051,0.1219469465541163,true,true
PIGL,-0.0541588300173836,0.1110853045091544,false,true
PIGM,0.0233589356939774,0.0341508697569816,true,true
PIGN,0.0757025762328079,0.3873686252277437,true,true
PIGO,0.043092882571121,-0.0982981544456551,false,true
PIGP,0.101606525760144,0.1909476797094029,true,true
PIGQ,0.0830116358265513,-0.1857133179102099,false,true
PIGT,-0.0906916581094265,0.0916387463103935,false,true
PIGU,0.097129989282361,-0.0488854692350413,false,true
PIGV,-0.0083973761647939,-0.064244118931185,true,true
PIGW,-0.0143000930547714,-0.4622244834916027,true,true
PIGX,0.1558161824941635,-0.1811539188338171,false,true
PIGZ,0.1534527443349361,0.1537137524622276,true,true
PIH1D1,-0.0097183765472436,-0.173936852072448,true,true
PIH1D2,-0.0048880614340305,0.1024289780348592,false,true
PIK3AP1,0.0804593488574028,-1.224910314275845,false,true
PIK3C2A,-0.0851403402630239,-0.0589163563719798,true,true
PIK3C2B,0.3335274457931518,-0.2656880947066708,false,true
PIK3C3,-0.0118024674510317,0.1733316682849572,false,true
PIK3CA,-0.0078905492222734,0.193921396132572,false,true
PIK3CB,0.0132310576736927,0.1391133434023532,true,true
PIK3CD,0.1731075346469879,-0.5003666833362341,false,true
PIK3CG,0.2256155684590339,-0.4338071992675285,false,true
PIK3IP1,-0.4612635672092437,1.233682849512298,false,true
PIK3R1,0.0635834485292434,1.695039304365244,true,true
PIK3R3,-0.3184394836425781,-0.0415564882893804,true,true
PIK3R4,0.0305084288120269,0.1838006074267721,true,true
PIK3R5,-0.155289676040411,-0.6946433651313854,true,true
PIK3R6,0.0775926783680915,0.0453970340371558,true,true
PIKFYVE,0.013271413876542,0.038451033397358,true,true
PILRA,0.3024233877658844,-0.5448798682445086,false,true
PILRB,0.0362546683422156,0.3436330602231674,true,true
PIM3,-0.2630353271961212,-0.5946093499451676,true,true
PIN1,-0.078948426246643,0.0993245171292134,false,true
PIN4,0.0105636391090229,0.1945280871548407,true,true
PINK1,-0.0061361461877822,-0.2519617605587702,true,true
PINLYP,-0.0178596091767152,0.0001817989460057,false,true
PINX1,-0.1517028287053108,-0.249809546747481,true,true
PIP4K2A,-0.1530418097972869,-0.2148897390036466,true,true
PIP4K2B,0.1750649884343147,0.204447964728736,true,true
PIP4K2C,0.1159453485161066,-0.2124708399831183,false,true
PIP5K1A,-0.0255930834848965,0.0405516293785512,false,true
PIP5K1B,-0.2802674472332,0.4267115656294082,false,true
PIP5K1C,-0.0017002973278673,-0.1712289355889251,true,true
PIPOX,0.1499705556003997,-0.0085111696445664,false,true
PIR,-0.1740050613880157,0.0185909049720756,false,true
PISD,0.0124218922108411,-0.4177595045438184,false,true
PITHD1,-0.0234597317874431,-0.1822292186483149,true,true
PITPNA,-0.0900581410775582,-0.3151538740756438,true,true
PITPNB,-0.0694390671061617,0.2082608632273106,false,true
PITPNC1,-0.1521116942167282,-0.2537403745791349,true,true
PITPNM1,-0.1111419573426246,-0.8141718502231687,true,true
PITPNM2,-0.1582344621419906,-0.5952776149642383,true,true
PITPNM3,0.021691053174436,0.0228293916051331,true,true
PITRM1,-0.0426881544291973,0.0876407315640292,false,true
PITX3,-0.1808806061744689,0.0425895874879177,false,true
PIWIL2,-0.0089231068268418,0.1213627181735905,false,true
PIWIL4,0.1985233090817928,0.4397612059909871,true,true
PJA1,0.0796499719144776,0.0710194610692318,true,true
PJA2,0.0183282735358391,-0.0127258509285104,false,true
PKD1,0.1214478301505247,0.2747710456335887,true,true
PKD1L1,0.3544477224349975,0.038836490958894,true,true
PKD1L3,-0.1114774230867624,0.0084526231162176,false,true
PKD2,0.1204680042962233,0.4758174343131327,true,true
PKD2L2,-0.2834872305393219,0.0112691378850279,false,true
PKDCC,-0.0244540746013323,-0.942371788723781,true,true
PKHD1L1,-0.1460024416446685,0.3236579872635134,false,true
PKIA,0.0068096462637185,0.1183839727081315,true,true
PKIB,0.2280310081938902,-0.6593255494221268,false,true
PKIG,0.0596228117744127,0.2759766914753818,true,true
PKM,-0.185125220939517,-0.1351475397029133,true,true
PKN1,0.0881714172040422,-0.348624767575024,false,true
PKN2,0.0950215078358139,0.3165384910994393,true,true
PKN3,-0.1859161108732223,-0.1902202936973989,true,true
PKNOX1,0.0495167247330148,0.1096614030828344,true,true
PKNOX2,0.1656613200902938,-0.2823662635352097,false,true
PKP2,0.0612306930124759,0.6198946212393652,true,true
PKP4,0.0048972303047776,0.1082762594039268,true,true
PLA1A,-0.3215433061122894,-0.561520884171494,true,true
PLA2G12A,0.0635727420449256,-0.2169091679900061,false,true
PLA2G15,0.3491207659244537,0.3749807889822287,true,true
PLA2G16,-0.1545672426582314,-0.2179511339295254,true,true
PLA2G2A,-1.255265951156616,-1.175440333963547,true,true
PLA2G4A,-0.0180301927030086,-0.3342452510198463,true,true
PLA2G4B,0.1183528359979391,0.1430316140840792,true,true
PLA2G4C,0.3762164910634358,0.2158481010999788,true,true
PLA2G5,-0.4502854347229003,0.7975315892649107,false,true
PLA2G6,0.0311043797992169,0.7683487254538325,true,true
PLA2G7,0.1180255040526389,-0.4462116963796418,false,true
PLA2R1,0.4058316349983215,0.4605874343305402,true,true
PLAA,-0.0728743548194567,-0.0328735195545055,true,true
PLAC4,-0.1142519563436508,-0.0017088656034674,true,true
PLAC8,0.3595683872699737,-0.5652423430612836,false,true
PLAC9,-0.217196200042963,-0.3000262193100833,true,true
PLAG1,-0.0071680136024951,0.3252666121037297,false,true
PLAGL1,0.4637512266635894,0.2969919620337195,true,true
PLAGL2,-0.1107105780392885,0.2702813029941861,false,true
PLAT,-0.0558123439550399,0.6337991349293208,false,true
PLAU,0.0958641394972801,-2.172713958563171,false,true
PLAUR,-0.0385717377066612,-1.819900474564106,true,true
PLB1,0.2191016227006912,-0.3244588938392529,false,true
PLBD1,0.1039443323388695,0.3621468306284447,true,true
PLBD2,-0.0552378453314304,-0.1182069752093526,true,true
PLCB1,0.2026671767234802,0.1057522460132922,true,true
PLCB2,0.2367703169584274,-0.6718694089429735,false,true
PLCB3,0.0239021913148462,-0.4102789587303339,false,true
PLCB4,0.2506424224536333,1.100386901229524,true,true
PLCD1,0.0418073683977127,0.0256836168642056,true,true
PLCD3,-0.2371002783377965,-0.0040898149017993,true,true
PLCD4,0.1643224731087684,0.0278108362988893,true,true
PLCE1,0.3492348653574784,1.487544750810916,true,true
PLCG1,0.0139929922297596,0.3542003273375078,true,true
PLCG2,0.0306017525494098,-0.3508861717615248,false,true
PLCH1,-0.05535289645195,0.1503919068118353,false,true
PLCL1,0.0675299316145745,-5.134253860694221,false,true
PLCL2,-0.1966257393360137,-0.0214772753189551,true,true
PLCXD3,-0.0747054293751716,0.4371501396454347,false,true
PLD1,-0.0541057975164481,0.7667441672029706,false,true
PLD2,0.1121591012924909,0.0293406957962498,true,true
PLD3,0.0599431144073605,-0.0663445175745787,false,true
PLD5,0.2666999697685241,0.2047512292690203,true,true
PLD6,0.0374431684613227,-0.0202823924940748,false,true
PLEC,-0.0579907281013826,-0.0484042309954642,true,true
PLEK,0.1579251736402511,-1.47128776751089,false,true
PLEKHA1,0.092445058748126,-0.0079821286505632,false,true
PLEKHA2,0.1137951037713459,0.833613685561894,true,true
PLEKHA3,-0.1063476957380771,-0.048699660407383,true,true
PLEKHA4,0.1079843789339065,-0.6021933809611645,false,true
PLEKHA5,0.0343157909810542,0.5459669693063693,true,true
PLEKHA6,0.1660000383853912,0.5500422540247469,true,true
PLEKHA7,0.1845470219850539,-0.7036519491477291,false,true
PLEKHA8,0.0115275653079152,-0.1900603849959066,false,true
PLEKHB1,0.1833257228136062,0.6834417774336318,true,true
PLEKHB2,-0.0555840715765952,-0.4853348146352995,true,true
PLEKHF1,-0.3174576759338378,0.9446035130410628,false,true
PLEKHF2,-0.0264858813025057,-0.275390153331398,true,true
PLEKHG1,-0.0206507556140422,0.0294462888296824,false,true
PLEKHG2,0.0839125613371531,-0.3579519052010855,false,true
PLEKHG3,-0.0687332898378372,-0.0419771695442245,true,true
PLEKHG5,0.89343124628067,0.1432103302112421,true,true
PLEKHG6,-0.2875152329603831,-0.0347503953327847,true,true
PLEKHH1,0.0393577888607978,-0.1007968437564775,false,true
PLEKHH2,0.6432497501373291,0.7007733544793677,true,true
PLEKHH3,0.2388134133070707,-0.6701911936172759,false,true
PLEKHJ1,0.0166515298187732,-0.2042479299086807,false,true
PLEKHM1,-0.0911855579698957,-0.035446166978295,true,true
PLEKHM2,-0.0482127573341131,-0.375182275363481,true,true
PLEKHM3,0.0545318483241966,0.2593053818791974,true,true
PLEKHN1,-0.2634853720664978,-0.0274676465194373,true,true
PLEKHO1,0.0629814565181732,-1.159588872657622,false,true
PLEKHO2,-0.0070137926377356,-0.9244541152097496,true,true
PLGLB1,-0.0517393723130226,0.1197862960708214,false,true
PLGRKT,0.0053446441888809,-0.0919177466411129,false,true
PLIN2,-0.4672616362571716,-1.911769574104184,true,true
PLIN3,-0.0235512806102633,-1.369731204821238,true,true
PLIN4,-0.2334578335285186,0.4152850193763093,false,true
PLIN5,-0.4023324847221374,0.2971975792626082,false,true
PLK1,0.0194205865263938,-0.4658435215847116,false,true
PLK2,0.3797610402107238,-1.063322022422337,false,true
PLK3,-0.0389380541164428,-0.4749978306004857,true,true
PLLP,-0.2484631985425949,0.1112692325520507,false,true
PLN,0.1337374150753021,-9.913202737751812,false,true
PLOD1,-0.2009910345077514,-0.1133962150261771,true,true
PLOD2,-0.1206634365022182,-0.5876240116725743,true,true
PLOD3,-0.0068774523213505,-0.3472645739023247,true,true
PLP2,-0.3310493677854538,-1.641203984727206,true,true
PLRG1,-0.0246350781526416,-0.2114274138659553,true,true
PLS1,-0.1377666741609573,0.0348988327612587,false,true
PLS3,0.1418686565011739,-0.0816773471196841,false,true
PLSCR1,-0.0914019971553768,-1.090243844945679,true,true
PLSCR4,0.1241807059074441,0.1480213715322915,true,true
PLTP,-0.502908170223236,-1.095263682967546,true,true
PLVAP,0.151874840259552,-0.0433574709811557,false,true
PLXDC1,0.3624262809753418,0.4548292157413844,true,true
PLXDC2,0.2366954982280731,0.3839280836243785,true,true
PLXNA1,-0.0241449365081886,-0.4082223310712707,true,true
PLXNA2,-0.2305494546890258,-0.0195303748519291,true,true
PLXNA3,0.1539860311895608,-0.3687576069827243,false,true
PLXNA4,-0.0167682711035013,0.35430991899389,false,true
PLXNB1,-0.3395993486046791,0.0129061636524294,false,true
PLXNB2,0.2407849490642547,-0.1780928970828599,false,true
PLXNC1,0.0597792938351631,-0.3573231518574249,false,true
PLXND1,0.0990393144699434,-0.3724031774259897,false,true
PM20D1,-0.0391817949712276,0.0947931542533537,false,true
PM20D2,-0.0250768288969993,-0.1436839203480739,true,true
PMEL,-0.0566309690475463,0.0652402835720012,false,true
PMEPA1,0.0653043910861015,-0.8628091504161061,false,true
PMF1,0.0214113563609619,-0.2675114104318838,false,true
PMFBP1,-0.2381434142589569,-0.0672525048975701,true,true
PML,0.0744463710114359,-0.3095188861811846,false,true
PMM1,-0.0374814879614859,0.2748564519618117,false,true
PMM2,-0.1390142195991107,-0.6309625970462069,true,true
PMP22,-0.213712003827095,0.9762529299906824,false,true
PMPCA,-0.0432462127879261,0.1305276815804665,false,true
PMPCB,-0.0336173207809527,0.2468417194613863,false,true
PMS1,0.0636413491197994,0.2555135524823195,true,true
PMS2,0.0572977639734744,0.2933874742862601,true,true
PMVK,-0.0584804862737655,-0.2329067251728775,true,true
PNCK,0.3093784153461456,0.1334403573505141,true,true
PNISR,0.0993675851662244,0.6821335167114677,true,true
PNKD,-0.158063443005085,0.6490011776497484,false,true
PNKP,-0.0298977787257172,-0.248457113738834,true,true
PNMA1,0.165357980877161,-0.2270200363774854,false,true
PNMA2,-0.0865538790822029,-0.1157657946405704,true,true
PNMT,-0.0534613616764545,0.4840730193456406,false,true
PNN,0.0242579454290015,0.137723570949872,true,true
PNO1,-0.1924832962453365,-0.4440162691731695,true,true
PNP,-0.2078418731689453,-1.762306058949034,true,true
PNPLA2,-0.1517314808443188,0.2670729879671345,false,true
PNPLA4,0.1152358129620552,0.3960154977945671,true,true
PNPLA6,0.0324848112650215,-0.4932253407523377,false,true
PNPLA7,0.2966801822185516,0.5940375618740568,true,true
PNPLA8,-0.1425382730861505,-0.4185965937759901,true,true
PNPO,0.1192883551120758,0.1638059306784276,true,true
PNPT1,-0.0539408149973799,-0.0560235395506625,true,true
PNRC1,-0.1616007216895619,0.1532751225098252,false,true
PNRC2,-0.0662343315780162,0.2808809318061396,false,true
POC1A,0.0247725397348403,-0.2727713420062304,false,true
POC1B,-0.1072287761739322,0.0046781616080164,false,true
POC5,0.0241454649716615,0.1794726253443701,true,true
PODN,0.392175406217575,1.224164121718564,true,true
PODNL1,-0.0396888963878154,0.1775624499635773,false,true
PODXL,-0.2132255136966705,-0.2212468511070477,true,true
POF1B,0.1443719416856765,0.124205944195366,true,true
POFUT1,-0.008742244169116,-0.1723536509237537,true,true
POFUT2,0.0058885371312498,0.0062280795250289,true,true
POGK,-0.1214276060461998,-0.0296797810880766,true,true
POGLUT1,-0.1058483554050326,-0.2229730307827257,true,true
POGZ,0.1528947970696858,0.4376083232037766,true,true
POLA1,0.0413424757176211,-0.0096919773997905,false,true
POLA2,-0.1363514572381973,-0.460317417275551,true,true
POLB,0.1104672845453024,0.3183418265499042,true,true
POLD1,-0.0728304833173751,-0.4931500865693443,true,true
POLD2,-0.1684255702421069,-0.0822168194630723,true,true
POLD3,0.0053070713940542,-0.167166839610727,false,true
POLD4,-0.0176014199775333,-0.4785888930159703,true,true
POLDIP2,-0.0977278379723429,-0.0547981780861448,true,true
POLDIP3,-0.0178860042244195,-0.028879005095864,true,true
POLE,0.0148057043552398,0.0457606369481922,true,true
POLE2,-0.1112649604678153,-0.3098773708029052,true,true
POLE3,-0.1135702007450163,-0.3117305170761142,true,true
POLE4,-0.0756330125033855,-0.3080857083633286,true,true
POLG,-0.028411562833935,-0.2855527275446432,true,true
POLG2,-0.0121140569448471,0.1323008110435066,false,true
POLH,0.0796390242874622,0.0308454917189444,true,true
POLI,0.1099756777286529,0.2448676941230734,true,true
POLK,0.0029058237560093,0.2571488002518744,true,true
POLL,0.0537723719142377,0.2868477574585002,true,true
POLM,-0.0644881099462509,0.2960193588468444,false,true
POLN,0.0943527081981301,-0.0401729322410013,false,true
POLQ,-0.5652733445167542,-0.0966097999211872,true,true
POLR1A,-0.1768863586708903,-0.1018751679630693,true,true
POLR1B,-0.0950146367773413,-0.1090537190211029,true,true
POLR1C,-0.1126996349543333,-0.4819617513761573,true,true
POLR1D,0.0020045693963766,-0.2285865858247238,false,true
POLR1E,-0.0209825783967971,0.3528798795415957,false,true
POLR2A,-0.02799146133475,0.1714621212065621,false,true
POLR2B,-0.1101213432598992,-0.0097916772540065,true,true
POLR2C,-0.0111509119160473,0.1218605914056514,false,true
POLR2D,-0.0815389536321163,-0.0533318116647407,true,true
POLR2E,-0.0866649989038705,-0.1149490737487797,true,true
POLR2F,0.1054996356368064,0.0205920366848353,true,true
POLR2G,0.0179210128262639,0.0889539147820928,true,true
POLR2H,-0.0121721188537776,-0.5563288523010192,true,true
POLR2I,-0.0656421727035194,0.0735296682844506,false,true
POLR2J,0.0425370126031339,-0.1057555413706388,false,true
POLR2J3,-0.0495357301551848,0.2041805377370121,false,true
POLR2K,-0.1251662131398916,0.1440443890287825,false,true
POLR2L,-0.1439729981124401,0.0539117951711256,false,true
POLR2M,-0.0870932321995496,0.2075333306628048,false,true
POLR3A,0.0033580245450139,0.0186620234108878,true,true
POLR3B,0.0042382329702377,0.1570409475784582,true,true
POLR3C,-0.0310755308717489,0.1805353908431128,false,true
POLR3D,-0.0167406288674101,-0.4679015954577572,true,true
POLR3E,-0.0990065395832061,-0.2321191451107509,true,true
POLR3F,-0.0066855673212557,0.1609812388286973,false,true
POLR3G,-0.0700357407331466,-0.0892597301636473,true,true
POLR3GL,-0.0346997347660362,0.1860977612758407,false,true
POLR3H,-0.1044000770896673,-0.4216769845377115,true,true
POLR3K,0.0184556897729635,0.0785153087297081,true,true
POLRMT,0.0517141474410891,-0.1133410564768899,false,true
POM121,-0.0582571820622043,0.0209976820652846,false,true
POM121C,-0.0482990782974021,0.1770517599106273,false,true
POMGNT1,0.0261865661789973,0.0169447472230679,true,true
POMGNT2,0.0691446475684642,-0.2484253523398836,false,true
POMK,0.0480263071134686,-0.1680146043609953,false,true
POMP,-0.1354556538164615,-0.2990057437971245,true,true
POMT1,0.1164122853428125,0.0912861927838783,true,true
POMT2,0.0264568991959094,-0.2826376991863712,false,true
POMZP3,-0.1512711018323898,0.2216305013904191,false,true
PON1,0.0452231541275978,0.0093868629155683,true,true
PON2,-0.0519558209925889,0.0054584972607623,false,true
PON3,-0.0135658653452992,0.0608651083018332,false,true
POP1,-0.1935830809175967,-0.1925673768316391,true,true
POP4,-0.1281450912356376,-0.386654109460037,true,true
POP5,0.004204399511218,0.5095795204587192,true,true
POP7,0.0481178252957761,-0.4231762283126498,false,true
POPDC2,0.0048149218782782,-0.2315435379111203,false,true
POPDC3,-0.0421234741806983,-0.2063217187324721,true,true
POR,-0.2572567956522107,-0.8292850634780881,true,true
PORCN,-0.0059442385099828,-0.3434047056443514,true,true
POSTN,1.030138731002808,-0.1476732086324412,false,true
POT1,-0.0534813677271207,0.4496164812585918,false,true
POU2F1,-0.0293371684716216,0.3463921812854253,false,true
POU2F2,0.4571462571620941,-0.2410904424533105,false,true
POU5F1,-0.2515641450881958,-0.124387229768418,true,true
POU6F1,-0.0240151515230536,-0.0984995023130836,true,true
POU6F2,0.2214564594129721,0.093719272188704,true,true
PP2D1,-0.2479787915945053,-0.0002853862370306,true,true
PPA1,-0.176014244556427,-0.6418505804627106,true,true
PPA2,0.0201607982495001,0.1474415280494136,true,true
PPAN,-0.2126523591578006,-0.4558844652536913,true,true
PPARA,-0.0754851475358009,-0.6085595173674773,true,true
PPARD,-0.0088125519188386,-0.515073958172646,true,true
PPARG,-0.257490067875811,-0.1391504813774333,true,true
PPARGC1A,-0.2512412071228027,1.083775548088838,false,true
PPARGC1B,-0.0508162453770637,0.1487834200066848,false,true
PPAT,0.0066131418570876,-0.410237974300044,false,true
PPCDC,0.1369880077739556,0.232731767850866,true,true
PPCS,0.0963181862607598,0.2222140157091763,true,true
PPDPF,0.1187408918049186,0.629215885303897,true,true
PPEF1,-0.085915133357048,-0.0941671064426068,true,true
PPFIA1,-0.0440053013818604,0.114964294008736,false,true
PPFIA2,0.0079007241874933,0.1805681424695173,true,true
PPFIA3,0.019740242511034,-0.2957270050303718,false,true
PPFIA4,0.3138207793235778,1.01953024878677,true,true
PPFIBP1,0.1158125958006296,-0.2344837365614003,false,true
PPFIBP2,0.2350209765136241,0.2687590274599838,true,true
PPHLN1,-0.0698529761284589,-0.0391321334803595,true,true
PPIA,-0.1503855583391019,-0.707194157813868,true,true
PPIB,-0.2259901702404022,-0.7952072207025846,true,true
PPIC,0.0042829004426797,-0.1763903025571647,false,true
PPID,0.0392741337418556,0.2227079491138095,true,true
PPIE,0.0223073661327361,0.1723003616272929,true,true
PPIF,-0.073946646725138,0.2472420779648594,false,true
PPIG,0.0239914158093077,0.3384025146396156,true,true
PPIH,0.0046183209866285,0.1067542492010824,true,true
PPIL1,-0.3550145626068115,-0.5310144711989561,true,true
PPIL2,0.0009949914778449,0.24465876178466,true,true
PPIL3,0.0313193567097187,0.1165753110177476,true,true
PPIL4,-0.0246995158183077,0.2561747007828501,false,true
PPIL6,-0.0694333774348099,0.3014959963639034,false,true
PPIP5K1,0.2558148980140685,0.339674970912432,true,true
PPIP5K2,0.0339485462754964,0.0536479085161678,true,true
PPL,-0.3083373342330257,0.1125457822559914,false,true
PPM1A,-0.0921702139700452,-0.0359607170408748,true,true
PPM1B,-0.1429825542228562,0.2372137490662344,false,true
PPM1D,-0.0557845086524529,-0.0185549332741783,true,true
PPM1E,0.5411428213119506,0.4298395903117356,true,true
PPM1F,0.2051971189677715,-0.2586863514166544,false,true
PPM1G,-0.1169423013925552,-0.479602120947931,true,true
PPM1H,0.3122993111610412,0.0674830910271821,true,true
PPM1J,0.0087310364469885,0.2867591641439279,true,true
PPM1K,0.2670713365077972,0.9412863706851936,true,true
PPM1L,-0.1908819278081258,-0.0272897809206309,true,true
PPM1M,0.0246607102453708,-0.0513688527417393,false,true
PPM1N,0.3258972764015197,-0.1657646081253792,false,true
PPME1,-0.0569169477870066,0.0066282741675824,false,true
PPOX,0.0300489021465182,0.1670367435639297,true,true
PPP1CA,-0.0104111652821302,-0.5352963633482019,true,true
PPP1CB,-0.1405631149453776,-0.1214098533856837,true,true
PPP1CC,-0.1196219075471162,-0.289478607516771,true,true
PPP1R10,0.006634648623211,0.0453073663491276,true,true
PPP1R11,-0.0815057060448452,-0.2913755637275921,true,true
PPP1R12A,0.0632416189515164,0.1738011331487809,true,true
PPP1R12B,-0.0829792246222496,-7.112493667642508,true,true
PPP1R12C,-0.0373705880095561,0.0603520525236369,false,true
PPP1R13B,-0.2199858725070953,0.3659613178730154,false,true
PPP1R13L,-0.1000082045793533,0.062842225278878,false,true
PPP1R14A,-0.1378960397094488,0.1438317969478517,false,true
PPP1R14B,0.0527158826589584,-1.305805515302437,false,true
PPP1R14C,-0.2785259187221527,0.0543053713953076,false,true
PPP1R15A,-0.0848130555823445,0.4198351391303916,false,true
PPP1R15B,-0.1789504170417785,-0.3460398917048896,true,true
PPP1R16A,-0.0098253246396779,-0.3931750309682726,true,true
PPP1R16B,0.0621231868863105,0.0687761655932359,true,true
PPP1R17,-0.4789058864116668,-0.0464760155805414,true,true
PPP1R18,-0.0429952005215454,-1.212040388968826,true,true
PPP1R1A,-0.3402927219867706,0.0611689643373294,false,true
PPP1R1C,0.1010621711611747,0.720989824412777,true,true
PPP1R2,-0.0466558448221933,-0.20148139993326,true,true
PPP1R21,0.143295726605824,0.2919225168622197,true,true
PPP1R26,0.1641052812337875,0.1738970192644151,true,true
PPP1R32,-0.0020848894491791,0.1957113923724904,false,true
PPP1R35,-0.0723182071000337,-0.3505170468013463,true,true
PPP1R36,0.3084929585456848,0.0516678050644944,true,true
PPP1R3A,0.0296262484043836,0.5659781044618875,true,true
PPP1R3B,-0.0711294040083885,0.5450648307219703,false,true
PPP1R3C,0.1221756786108017,0.5388053063997366,true,true
PPP1R3D,0.0145104536786675,0.0638848521252102,true,true
PPP1R3E,0.0701703636441379,0.4327665784215238,true,true
PPP1R3F,0.0331577996257692,-0.274184244259326,false,true
PPP1R3G,0.053532276302576,-0.3315189684105537,false,true
PPP1R42,-0.0753726959228515,0.0624590143828858,false,true
PPP1R7,0.0408557921648025,0.1725645799564832,true,true
PPP1R8,-0.0672912478214129,0.0174704319023004,false,true
PPP1R9A,0.1472192257642746,0.5617942673841892,true,true
PPP1R9B,0.1393181723542511,-0.310356608370311,false,true
PPP2CA,-0.0438145029225519,0.1618116796563668,false,true
PPP2CB,-0.0025608912110328,-0.0477976337598633,true,true
PPP2R1A,-0.0884581308811902,0.1418084381588116,false,true
PPP2R1B,0.0490137596304217,-0.1069195296291947,false,true
PPP2R2A,0.0288261407321052,0.1707967974772297,true,true
PPP2R2B,0.0194850582629442,0.6196044719788649,true,true
PPP2R2C,0.0905331000685691,-0.4184684838167344,false,true
PPP2R2D,0.0501816855477435,0.0002289812693376,true,true
PPP2R3A,0.0780707374215126,0.6203135356544828,true,true
PPP2R3C,-0.033643045662237,-0.0577711991300513,true,true
PPP2R5A,-0.0327465182968548,-0.2031522435976977,true,true
PPP2R5B,0.0751990364864468,-0.2707831065970123,false,true
PPP2R5C,-0.0239678399105157,-0.10622858699932,true,true
PPP2R5D,-0.0151022382080554,0.0280342482631987,false,true
PPP2R5E,-0.0132745831007403,-0.1258642805677499,true,true
PPP3CA,-0.0728232307093484,-0.4068584985100143,true,true
PPP3CB,0.0673263293824025,0.1166157733429482,true,true
PPP3CC,-0.0713372257139001,-0.0901105744381585,true,true
PPP3R1,0.0828332571046692,-0.0777394302418459,false,true
PPP4C,-0.0562744414433836,-0.4213047537161069,true,true
PPP4R1,-0.0409688273378248,-0.1869656704007178,true,true
PPP4R2,-0.0967976454911487,0.0883224692302411,false,true
PPP4R4,0.0194408055394887,-0.0917664115140098,false,true
PPP5C,-0.0581874903291463,-0.0827702475666827,true,true
PPP5D1,0.2250304718812306,0.0454049210416464,true,true
PPP6C,-0.0353523990405457,-0.0529464515479824,true,true
PPP6R1,0.0271181811578571,-0.4250114111769427,false,true
PPP6R2,-0.0250090784060635,-0.2145192092864172,true,true
PPP6R3,-0.0127696365317595,0.1243901951302337,false,true
PPRC1,-0.1526680268347263,-0.5263395741522112,true,true
PPT1,-0.0224572051316499,-0.2375206250549677,true,true
PPT2,0.0499977026872026,-0.1218549929663539,false,true
PPTC7,-0.2881914973258972,0.0808254962342882,false,true
PPWD1,0.0214716655069163,0.3083653381188926,true,true
PQBP1,-0.1040823645889759,-0.2968596981296789,true,true
PQLC1,0.0446681824396364,-0.0492661380117471,false,true
PQLC2,0.0475385431200265,-0.2662429167529587,false,true
PQLC3,0.1155918844044208,0.0003880038189518,true,true
PRADC1,-0.0195201244205236,-0.1993338946840328,true,true
PRAF2,-0.1146374568343162,-0.2267358889425761,true,true
PRAM1,0.1546491980552673,-0.2405140037275184,false,true
PRC1,-0.0781390964984893,-0.1230925842273415,true,true
PRCC,0.0218080373403305,-0.2128717593437108,false,true
PRCD,0.0374111880858739,0.1293569997715334,true,true
PRCP,0.0743960028514265,-0.2827167019921095,false,true
PRDM1,-0.4289062023162841,0.1562815492362092,false,true
PRDM10,0.003796957002487,-0.1567423294702381,false,true
PRDM11,0.0364356962963938,0.0875281597766108,true,true
PRDM15,0.0415149150416255,-0.0020432031222485,false,true
PRDM16,-0.3021765351295471,-0.0059411379196045,true,true
PRDM2,-0.0563150214563523,0.3284895861990215,false,true
PRDM4,-0.0101177033036947,-0.1722564300910747,true,true
PRDM5,0.0811684057116508,0.8082482544541989,true,true
PRDM6,0.2550743632018566,0.1030316154470795,true,true
PRDM8,0.2278102040290832,0.0134831309473306,true,true
PRDX1,-0.148353673517704,-0.4692966110673468,true,true
PRDX3,-0.0909181736409663,0.218131319924705,false,true
PRDX4,-0.0903955972753465,-0.4060246439146029,true,true
PRDX5,-0.0736382450908422,0.1641243487671886,false,true
PRDX6,-0.401297378540039,-0.480794015375487,true,true
PREB,0.0265910385176539,-0.113387380019617,false,true
PRELID1,-0.019651237205835,-0.7737454060470181,true,true
PRELID2,0.2790359370410442,0.5927564069035846,true,true
PRELP,-0.3146924376487731,1.694849057849523,false,true
PREP,-0.022017225955746,0.1313737430306067,false,true
PREPL,0.0537090060922006,0.6268213139628047,true,true
PREX1,0.0196095779538154,-0.6203992350701232,false,true
PREX2,0.199353203177452,0.4271482362433274,true,true
PRF1,0.0018876700196415,0.0317060740192509,true,true
PRG4,0.0815823301672935,-0.2740073193998091,false,true
PRH1,0.114651879827891,0.0100474674153643,true,true
PRICKLE1,0.4014286994934082,0.3441231023065216,true,true
PRICKLE2,0.1534961551427841,0.4630480991885095,true,true
PRICKLE3,-0.0983989069160694,-0.1110192887484491,true,true
PRICKLE4,0.0489394292235374,0.2831298057928117,true,true
PRIM1,0.1050163451582193,-0.1912934626311642,false,true
PRIM2,-0.0103746946967605,-0.1012752699549028,true,true
PRIMA1,-0.3507677614688873,-0.3600341762402816,true,true
PRIMPOL,0.1573384602864583,0.2973616737697963,true,true
PRKAA1,-0.1197465432009526,-0.0830311355697399,true,true
PRKAA2,0.1219870895147323,0.7717433831761981,true,true
PRKAB1,-0.07541140075773,0.468508327485043,false,true
PRKAB2,-0.033294192201356,0.6006770313403961,false,true
PRKACA,-0.0250135210032264,-0.0728903936987066,true,true
PRKACB,0.111562858734812,0.4003727920957498,true,true
PRKAG1,-0.0029139469067255,0.2367510961106251,false,true
PRKAG2,-0.0085150450468063,0.1172184308403014,false,true
PRKAR1A,-0.0095188217237591,-3.29619254840287,true,true
PRKAR1B,0.1429787259548902,0.4813778886018389,true,true
PRKAR2A,-0.0532274153083562,-0.1940389398557425,true,true
PRKAR2B,0.1287850346416235,0.3920513379666932,true,true
PRKCA,0.0722542700490781,0.032896864402967,true,true
PRKCB,0.0536551587283611,-0.5580361333151275,false,true
PRKCD,0.0923505127429962,-0.7425780193408285,false,true
PRKCE,0.0046238271253449,0.135703263941473,true,true
PRKCH,0.0456656757742166,0.2230206114690771,true,true
PRKCI,0.0114006452883283,-0.29374263688327,false,true
PRKCQ,-0.0090990541502833,0.0935011496662512,false,true
PRKCSH,0.0173906652256846,-0.0459881835613593,false,true
PRKD1,0.0637290939688682,0.3493903004332734,true,true
PRKD2,0.1498634576176603,-0.3646199303572503,false,true
PRKD3,-0.0055838531947561,-0.0811869323633711,true,true
PRKDC,-0.06300580514861,-0.027806610254494,true,true
PRKG1,0.0705083459615707,-3.641804615613996,false,true
PRKG2,0.2319869548082351,0.0397526663310821,true,true
PRKRA,0.0179872208585341,-0.2641261774223444,false,true
PRKRIP1,0.0621197019437594,0.114268948211508,true,true
PRKX,-0.0487345217594078,0.1918444049925156,false,true
PRLR,0.3824374079704284,0.0542777047982347,true,true
PRMT1,-0.0498912834096699,-0.2715037923676186,true,true
PRMT2,0.2102763848379254,0.1746786744586641,true,true
PRMT3,-0.0136165471215333,-0.1526835257774763,true,true
PRMT5,-0.0913310516625642,-0.0850630658900159,true,true
PRMT7,0.2628280341625213,0.4714577115447724,true,true
PRMT8,0.2519691586494445,0.0016468082176178,true,true
PRNP,-0.0865778368897736,0.4318609483368174,false,true
PROB1,-0.1374197602272033,0.0148458943796083,false,true
PROCA1,0.1693610250949859,-0.000186708499672,false,true
PROCR,-0.1147840207365031,0.3317527432627046,false,true
PROM1,0.6826594471931458,1.210987820118025,true,true
PROM2,0.0409581065177917,0.1653359304553291,true,true
PROS1,0.0397807747125625,0.4554220351846236,true,true
PROSER1,-0.0906768105924129,0.0317871061453196,false,true
PROSER2,-0.0985636040568351,-0.1073791192481031,true,true
PROX1,0.0918741105124354,0.5930350152964853,true,true
PROX2,-0.0030114555265754,0.0036485282676766,false,true
PRPF18,-0.0218248661452283,0.1659394305377586,false,true
PRPF19,0.0458304258063435,-0.1145916930722332,false,true
PRPF3,0.034680991511171,0.0908996837950759,true,true
PRPF31,0.0410641886293887,-0.0252652580349121,false,true
PRPF38A,-0.0388287957757711,0.1465944662439151,false,true
PRPF38B,-0.0131626725196838,0.0046951287679966,false,true
PRPF39,-0.0589356085595985,0.0747867224894789,false,true
PRPF4,-0.0788523666560649,-0.3302368487453226,true,true
PRPF40A,-0.0364798542910388,-0.2908874700276333,true,true
PRPF40B,0.1285296827554702,0.3951665570417932,true,true
PRPF4B,-0.0785948187112808,0.1325764489055498,false,true
PRPF6,0.0662163106414179,0.1631906982466651,true,true
PRPF8,-0.0268325667296137,-0.1378256381883566,true,true
PRPH2,-0.0804702341556549,0.0633006744878925,false,true
PRPS1,-0.2783987000584602,-0.0567214535785591,true,true
PRPS2,-0.0477974914635221,-0.340433175371448,true,true
PRPSAP1,0.2778563611209392,-0.2225497534370002,false,true
PRPSAP2,0.0075837605011959,-0.0379820075456249,false,true
PRR11,-0.1767078638076782,-0.4658648330082347,true,true
PRR12,0.1846673876047134,0.0470063464629058,true,true
PRR13,-0.079824760556221,-0.3992438205472175,true,true
PRR14,0.055041454732418,-0.2334419750443326,false,true
PRR14L,0.019868197393537,0.1369286032957499,true,true
PRR16,-0.0861578226089477,0.5172182527727734,false,true
PRR22,-0.0183918736875057,-0.0501024355838434,true,true
PRR26,-0.2600500285625457,-0.0961536469007975,true,true
PRR3,-0.0481268205679953,0.0346026042782719,false,true
PRR5,0.1911212652921676,-0.1656340168895604,false,true
PRR5L,0.2520159780979156,-0.210963172870106,false,true
PRRC1,0.0561044268310069,-0.1288857119277793,false,true
PRRC2A,0.0064000573474913,-0.1526576602803286,false,true
PRRC2B,0.0352325628378561,0.0113123438732181,true,true
PRRC2C,-0.008827278922711,0.0181193442246545,false,true
PRRG1,-0.1573087275028228,-0.0518394908695416,true,true
PRRT1,0.1881010383367538,0.0185847902417503,true,true
PRRT2,0.6039710342884063,0.4909957089559248,true,true
PRRT3,0.1327695660293102,0.1470488135938468,true,true
PRRX1,0.2268966762349009,0.1608663217784527,true,true
PRRX2,0.3515403270721435,-0.2274779706616355,false,true
PRSS23,0.0145229981946093,-0.5540281481506275,false,true
PRSS36,-0.0386200584471225,-0.2602118981296364,true,true
PRSS42,0.1244342625141143,1.165182263463138,true,true
PRSS48,-0.1796939224004745,0.0082271566225906,false,true
PRSS50,0.0410948880016803,0.2291772748110937,true,true
PRTFDC1,0.5441553592681884,0.790442832596636,true,true
PRTG,0.0674807950854301,0.1412520555148908,true,true
PRUNE2,-0.0559573173522949,0.2462261251210127,false,true
PRX,-0.0237585082650184,0.0715061568566697,false,true
PSAP,0.0987452715635299,0.1745303048912241,true,true
PSD3,-0.0859221518039703,-2.152845243441984,true,true
PSEN1,-0.0345258159296853,0.0618778249075839,false,true
PSEN2,0.051364924137791,-0.2467739418582248,false,true
PSIP1,0.00867675459345,0.3512107884400941,true,true
PSKH1,-0.0157332537695765,-0.0988044071778859,true,true
PSMA3,-0.1656144931912422,-0.4724354651420039,true,true
PSMA4,-0.0586700852960348,-0.3460470850647263,true,true
PSMA5,-0.1485258514682451,-0.3164353310950538,true,true
PSMA6,-0.1265705456691128,-0.3496199312901771,true,true
PSMA7,-0.1002822544425726,-0.3580580882175068,true,true
PSMB1,-0.1216528505086898,-0.1109085226633528,true,true
PSMB10,0.0951446183025836,-0.9042212398264516,false,true
PSMB2,-0.1312045738101005,-0.2070698542076328,true,true
PSMB3,-0.1485179781913757,-0.3772637971539785,true,true
PSMB4,-0.0196580782532691,-0.1221066129930825,true,true
PSMB5,-0.1395046710968017,-0.3037693871598703,true,true
PSMB6,-0.1706197462975978,-0.1399146243061846,true,true
PSMB7,-0.0863219313323497,-0.0720476241369327,true,true
PSMB8,0.0355269610881805,-0.832097163816992,false,true
PSMB9,0.1489773790584877,-0.4889426831617065,false,true
PSMC1,-0.1232917502522468,-0.1468641347996381,true,true
PSMC2,-0.1060544118285179,-0.2058136293834529,true,true
PSMC3,-0.1334981676191091,-0.1456426282010969,true,true
PSMC3IP,-0.1082871630787849,0.0499184562962102,false,true
PSMC4,-0.1265561455860733,-0.1711018097587393,true,true
PSMC5,-0.0436106679029762,-0.0460995096809844,true,true
PSMC6,-0.0933165103197097,-0.2038617130259039,true,true
PSMD1,-0.1051264902842896,-0.1045834858943015,true,true
PSMD10,0.0406327098608016,-0.082542819145019,false,true
PSMD11,-0.0674244727318485,-0.1501469766876955,true,true
PSMD12,-0.1543347326417764,-0.2866664227140356,true,true
PSMD13,-0.0701491231098771,-0.1969656259215693,true,true
PSMD14,-0.1939862457414467,-0.4050970474471871,true,true
PSMD2,-0.1442200642079115,-0.4945191877559747,true,true
PSMD3,-0.0618028766475617,-0.3610112432136913,true,true
PSMD4,-0.0903982732445001,0.028787296632486,false,true
PSMD5,-0.1250619068741798,-0.1946176435751056,true,true
PSMD6,-0.1296566352248191,0.0312066532143298,false,true
PSMD7,-0.21379966288805,-0.2614892244600355,true,true
PSMD8,-0.1742182403802871,0.135098093403716,false,true
PSMD9,-0.0977737292647361,-0.3743498081085339,true,true
PSME1,0.0645146150141954,-0.3626883194237624,false,true
PSME2,0.1226199273951351,-0.4056166385309101,false,true
PSME3,-0.1336688935756683,-0.3392117715203788,true,true
PSME4,-0.1003040937440736,0.0819670361746025,false,true
PSMF1,-0.0277824877162596,0.0516231466858778,false,true
PSMG1,-0.1399969346821308,-0.294930201385966,true,true
PSMG2,0.0587142050266265,-0.1827296957677848,false,true
PSMG3,0.0563348121941089,-0.4404672096275601,false,true
PSMG4,0.0248914822936057,0.0419633217270733,true,true
PSORS1C1,0.1109696937104066,0.0402655090131569,true,true
PSPC1,-0.0094666984597487,-0.0026280138125929,true,true
PSPH,0.2009771540760994,0.2349240947878938,true,true
PSTK,0.0142795667052268,0.1821048755998859,true,true
PSTPIP1,0.0393496416509151,-0.5536504042205409,false,true
PSTPIP2,-0.0348413027822971,-0.0998136669884319,true,true
PTAFR,-0.1058539971709251,-0.746572222636711,true,true
PTAR1,-0.0460345708498997,0.1077135233506858,false,true
PTBP1,-0.0722071483731269,-0.7399985288701223,true,true
PTBP2,-0.0866832367277571,0.010237678312237,false,true
PTBP3,0.041523272969893,-0.5227680115943664,false,true
PTCD1,-0.0623188521713018,-0.014905688818084,true,true
PTCD2,0.1597670637071132,0.6931776505169642,true,true
PTCD3,0.0195189229478793,0.568692056314255,true,true
PTCH1,0.0585373751819133,0.2187047700891957,true,true
PTCH2,0.4173735305666923,-0.0853034441281404,false,true
PTCHD4,0.1255510151386261,0.1436152573200936,true,true
PTDSS1,-0.2394496649503707,0.0497381311965185,false,true
PTDSS2,0.0420196453109383,-0.146005582009645,false,true
PTEN,-0.2974614799022674,0.258359718507608,false,true
PTER,-0.0178929146379232,0.2891630873320396,false,true
PTGDR,0.2947030961513519,0.4438955075251497,true,true
PTGDR2,0.0990119874477386,1.266889407744561,true,true
PTGDS,0.2259622067213058,0.377463968635908,true,true
PTGER3,0.0112392278388142,-0.2998659726915716,false,true
PTGER4,0.1181277061502138,-1.123167549700113,false,true
PTGES2,-0.2149736896157264,-0.1216990306807455,true,true
PTGES3,0.0074732518488807,-0.0070616286585396,false,true
PTGES3L,-0.1357300877571106,-0.1734258704808437,true,true
PTGFR,0.17915078997612,-0.3822742243248501,false,true
PTGFRN,0.0072673807541529,0.1807959717685578,true,true
PTGIR,-0.1055976152420043,-0.746179173615275,true,true
PTGIS,-0.031271569430828,-0.4411371250780091,true,true
PTGR1,0.007698344066739,0.196928683055551,true,true
PTGR2,-0.0872572190128266,0.6927031984058653,false,true
PTGS1,0.1542921811342239,-0.8291079049883505,false,true
PTH1R,-0.3841520845890045,-1.467702488466488,true,true
PTH2R,0.0078731309622526,0.0224600031880766,true,true
PTK2,0.0432988149779183,0.2419291293632017,true,true
PTK2B,-0.5498137474060057,-0.3065734348598083,true,true
PTK7,0.1656059920787811,-0.0459173963803227,false,true
PTMA,-0.1379343782152448,-0.8005986991472928,true,true
PTMS,-0.1067766614258289,-0.6232134344797515,true,true
PTN,0.5644833445549011,1.854840844999588,true,true
PTOV1,-0.0238895235583186,-0.0887474371366892,true,true
PTP4A1,-0.1188214789144694,0.1317534484105249,false,true
PTP4A2,-0.1629333409170309,-0.901631145620021,true,true
PTP4A3,-0.5683128833770752,-0.1701999398676514,true,true
PTPDC1,-0.0396342888474464,0.0005441480762371,false,true
PTPN1,-0.1342904674155371,-0.386335792836066,true,true
PTPN11,-0.172660264053515,0.3999250747860037,false,true
PTPN12,-0.0834176849041666,-0.2353019515981138,true,true
PTPN13,0.104940016567707,0.701000996195357,true,true
PTPN14,-0.0038801243257087,0.352805035528819,false,true
PTPN18,-0.0905228406190872,-0.1077115777774915,true,true
PTPN2,-0.0281307053353105,-0.4100889053522456,true,true
PTPN21,0.1466980438679456,0.5917446993604027,true,true
PTPN22,-0.0500639416277408,-0.2742261870560017,true,true
PTPN23,0.0204890979453921,-0.2602474598357105,false,true
PTPN3,0.0352311097085475,1.429875589485823,true,true
PTPN4,0.1101280623780829,0.4198261996903043,true,true
PTPN5,-0.2991559505462646,-0.0372066569424995,true,true
PTPN6,0.1540423780679702,-0.9995604550976762,false,true
PTPN7,0.1234139129519462,-0.4417669225205415,false,true
PTPN9,-0.011230263060757,0.1648666591388035,false,true
PTPRA,0.0402467500950608,0.211010658626459,true,true
PTPRB,-0.1105764657258987,0.3667874431734468,false,true
PTPRC,-0.0745174661278724,-1.014234137171217,true,true
PTPRE,-0.0454173386096954,-0.8368501485333097,true,true
PTPRF,0.4535728730261325,0.1339025215087382,true,true
PTPRG,-0.2670229630810873,-3.991562001906729,true,true
PTPRH,0.185406744480133,0.0487842988927084,true,true
PTPRJ,0.1412977278232574,-0.4631679908746644,false,true
PTPRK,-0.0083760483456509,0.1218813606467206,false,true
PTPRM,0.0860716551542282,-5.728480789302271,false,true
PTPRN2,0.1257422799244523,0.0799996462455598,true,true
PTPRO,0.022372817620635,-0.4608980789399335,false,true
PTPRR,-0.3128576874732971,-0.0002550714885809,true,true
PTPRS,-0.2708812057971954,0.3407109566651027,false,true
PTPRT,0.4774661064147949,0.0839610009872845,true,true
PTPRU,-0.1191605911590158,-0.9083732299791936,true,true
PTRH1,-0.0799881586184104,-0.2958738513259944,true,true
PTRH2,-0.2576246559619903,-0.4569952068172078,true,true
PTRHD1,0.1266686171293258,-0.0773111932389247,false,true
PTS,-0.0603949014718333,-0.3736681288565644,true,true
PTTG1IP,-0.065230667963624,-0.4375375594491162,true,true
PTX3,-0.6153793334960938,-1.865667785556116,true,true
PUF60,-0.0318963583558797,-0.2798784118381005,true,true
PUM1,-0.0108946913055011,0.2470473009394149,false,true
PUM2,-0.0227085953977491,0.451272172884118,false,true
PURA,0.0143707620778254,0.1631998390495472,true,true
PURB,-0.0821210261201485,-0.172134720050709,true,true
PURG,0.4269889593124389,0.1367620514568756,true,true
PUS1,-0.1325858317315578,-0.3772079286336194,true,true
PUS10,0.0905679252929985,0.2075433175939633,true,true
PUS3,-0.1760335452854633,-0.3092222666332213,true,true
PUS7,-0.1260819894572099,-0.4017482975745507,true,true
PUS7L,0.0789856765419244,-0.0934243069166655,false,true
PUSL1,-0.0613393448293209,-0.4107816605206611,true,true
PVR,-0.1879974491894245,-0.829173595546071,true,true
PWP1,-0.0246956424554809,-0.2961897646750197,true,true
PWWP2A,0.0197272237523325,-0.0356816980380161,false,true
PWWP2B,-0.0094296685419976,-0.2566563435627056,true,true
PXDC1,0.0239073038101196,-0.2757656455138901,false,true
PXDN,-0.0068122278898954,-0.5123832736780205,true,true
PXDNL,0.3442964851856231,0.8248004192683238,true,true
PXK,0.0214710570871829,0.0596159378219573,true,true
PXMP2,-0.2373329401016235,0.2337956988177305,false,true
PXMP4,0.1371572138741612,0.3328573712691849,true,true
PXN,0.0454826280474662,-0.2941272502448977,false,true
PYCARD,0.019644958898425,-0.8167751176156488,false,true
PYCR1,0.0622730776667594,-0.7859373524202288,false,true
PYCR2,-0.0277313701808452,0.1453309876512767,false,true
PYGB,0.1407613456249237,0.3993972370986043,true,true
PYGL,-0.1120779886841774,-0.75893238707969,true,true
PYGM,0.0052023935131728,0.5751489371843607,true,true
PYGO1,-0.0165572091937065,-0.3548967295549945,true,true
PYGO2,0.0506158755160868,-0.1622492418331944,false,true
PYHIN1,0.0930250361561775,0.1417566765752875,true,true
PYROXD1,-0.0401713471859693,0.0605286202271084,false,true
PYROXD2,0.2730743773281574,0.6858174588658987,true,true
PYURF,-0.1099208414554596,-0.2601789625291699,true,true
PZP,-0.131925799883902,-0.0242954644782822,true,true
QARS,0.0889358046581037,-0.0478373285451327,false,true
QDPR,0.1045127067714929,0.4480451187710898,true,true
QKI,-0.0761544853448867,-3.392381867800322,true,true
QPCT,0.5053126215934753,-0.0243628830647366,false,true
QPCTL,-0.2207292541861534,-0.1321316867221277,true,true
QPRT,0.2485587522387504,0.4542475399607894,true,true
QRFPR,-0.0340657122433185,-0.1155433627952022,true,true
QRICH1,-0.0158534642469021,0.0309246837580987,false,true
QRICH2,0.227345123887062,0.0323361732443377,true,true
QRSL1,0.0192721757310209,0.0663680705167504,true,true
QSER1,0.0906458770235379,0.2043714752021439,true,true
QSOX1,-0.1910611987113952,-0.3331585011730116,true,true
QSOX2,-0.050212125480175,-0.0747225121460868,true,true
QTRT1,-0.0013272555544972,0.1874626932206724,false,true
R3HCC1,0.108778890222311,-0.1501633573915524,false,true
R3HCC1L,-0.0093322617134877,0.0576902852864824,false,true
R3HDM1,0.0247662728652357,0.0073880879903835,true,true
R3HDM2,-0.0264238167021955,0.3993303576957258,false,true
R3HDM4,-0.0678513274906435,-0.6598830283948919,true,true
RAB10,-0.0306269343543265,-0.0936699305092343,true,true
RAB11A,-0.2768148013523646,-0.1326421101101962,true,true
RAB11B,-0.040484195947647,0.0823522862916927,false,true
RAB11FIP1,0.1037908839061856,0.4446801667198516,true,true
RAB11FIP2,-0.0197543383886416,0.0966386927430455,false,true
RAB11FIP3,0.0996319901730333,0.1862144666627951,true,true
RAB11FIP5,0.0585727635771036,-0.646835730925275,false,true
RAB12,0.0211329005126442,0.3661189479743569,true,true
RAB13,-0.1091883429326117,-0.1067052310278824,true,true
RAB14,0.0532796260501657,-1.922373453241609,false,true
RAB15,-0.1529721487313509,-1.289861246665806,true,true
RAB17,-0.0910679623484611,0.1422818518639542,false,true
RAB18,-0.0591047057615859,-0.0103673401114958,true,true
RAB1A,-0.1141860330743449,-0.3260634195338019,true,true
RAB1B,-0.0292041113600134,-0.106186030210944,true,true
RAB20,-0.067041628062725,0.117389563806427,false,true
RAB21,-0.1521584230164686,0.3273116323349789,false,true
RAB22A,0.0086283647688105,-0.1135738545057845,false,true
RAB23,0.1019790023565292,0.27657439460503,true,true
RAB24,-0.0397727936506271,-0.0266696710998837,true,true
RAB26,0.0214876420795917,0.2550775001453587,true,true
RAB27A,-0.108760637098125,-0.6339475415800941,true,true
RAB27B,0.1114232968538999,0.0082166254148238,true,true
RAB28,-0.0336484098806977,0.4696291624723065,false,true
RAB2A,-0.0033680692847285,-0.0163004916590177,true,true
RAB2B,-0.0267021987587213,0.0132210712372566,false,true
RAB30,0.0651804190129041,0.0314902287152794,true,true
RAB31,-0.2594088315963745,-0.2648260168800669,true,true
RAB32,-0.0637261817852656,-0.931195320753072,true,true
RAB33B,-0.0222212260123342,0.0758120377328723,false,true
RAB34,-0.0282586856434742,-0.4102909648617099,true,true
RAB35,-0.0003345491364598,-0.4319335472606291,true,true
RAB38,0.2353519797325134,-0.2991584873502783,false,true
RAB39A,0.0644696056842803,-0.485730971542329,false,true
RAB3A,-0.0556349642574787,0.6126971956320064,false,true
RAB3C,0.1263375133275985,-0.0150067937370773,false,true
RAB3D,-0.1456911832094192,-0.2360869642946146,true,true
RAB3GAP1,0.0174849647030766,0.0793585031063868,true,true
RAB3GAP2,-0.0194680573019598,-0.0877661814783601,true,true
RAB3IL1,-0.0876325368881225,-0.5645093724758458,true,true
RAB3IP,0.0201204121112823,0.0710102087197639,true,true
RAB40A,0.2520613148808479,0.1408849719503491,true,true
RAB40B,0.2648652978241443,0.2191987205921983,true,true
RAB40C,0.0919650338590145,-0.1127173653243205,false,true
RAB43,0.0377673834562301,-0.1916321943806201,false,true
RAB4A,0.0117945866659283,0.0551753256200813,true,true
RAB4B,0.0310878500342369,-0.2742547109692217,false,true
RAB5A,-0.0830077592815671,-0.1996089846145929,true,true
RAB5B,-0.0057352697476744,0.059660623105155,false,true
RAB5C,-0.0561203734949231,-0.4648961446729238,true,true
RAB6A,-0.0338441768128956,-0.0733533184025008,true,true
RAB6B,-0.1809417903423309,-0.1608218786840609,true,true
RAB7A,-0.0611879027980778,0.2923758330613273,false,true
RAB8A,-0.0075077516958117,-0.4039628677381554,true,true
RAB8B,-0.0601655635317521,-0.359734066193694,true,true
RAB9A,-0.1073147958144545,-0.4848413907492688,true,true
RAB9B,0.0424338206648826,0.4210142535698753,true,true
RABAC1,-0.1432739406824112,-0.8227195225229553,true,true
RABEP1,0.0174885225340923,0.1528219307364775,true,true
RABEP2,0.0668206073343753,-0.148012852399828,false,true
RABEPK,0.0022950250655412,-0.227183006721634,false,true
RABGAP1,-0.0079659830246652,0.2960776082230305,false,true
RABGAP1L,0.2876476347446441,-5.196807674519857,false,true
RABGEF1,0.0803443192105208,-0.1070101169184662,false,true
RABGGTA,0.061766875286897,-0.636426456254735,false,true
RABGGTB,-0.2238794237375259,0.5075230786949269,false,true
RABIF,0.0244026449508965,-0.515667846853616,false,true
RABL2A,0.0825227819383144,0.0799747186925871,true,true
RABL2B,0.1689723297953605,0.0278123222891313,true,true
RABL3,-0.1018110930919647,0.2587625612291,false,true
RABL6,-0.0185017238836735,-0.1531686922128558,true,true
RAC1,-0.0570445574287857,-0.0932680580734474,true,true
RACGAP1,-0.2330396622419357,-0.5910909991283142,true,true
RAD1,-0.0813544668257236,-0.2951761311022944,true,true
RAD17,0.0547372691333293,0.027938060108736,true,true
RAD18,0.0170178614556789,-0.1401673614850238,false,true
RAD21,-0.0392667909285851,0.4970784406526354,false,true
RAD23A,-0.185412947833538,-0.144529798229839,true,true
RAD23B,-0.0668759828965578,-0.1227082018068266,true,true
RAD50,0.039865388401917,0.1567947297866214,true,true
RAD51,-0.0564900413155555,-0.2157210416181395,true,true
RAD51AP2,0.2513219714164733,0.1596268320461919,true,true
RAD51B,0.2066961537514414,0.2020297316709769,true,true
RAD51C,0.0581305909901857,-0.000345003156243,false,true
RAD51D,0.1227301843464374,0.0676652998100897,true,true
RAD52,0.0576147188742955,0.0277380068759995,true,true
RAD54B,0.0635467637330293,0.2204542265194755,true,true
RAD54L,-0.1231259778141975,-0.0751125650499943,true,true
RAD54L2,-0.046664073231763,-0.03321157304133,true,true
RAD9A,0.1047960417345166,-0.21102500791285,false,true
RAD9B,-0.103706918656826,-0.7382682122793838,true,true
RADIL,0.0902974204858764,0.4165173025619218,true,true
RAE1,-0.0359140895307063,-0.1655447195017889,true,true
RAET1E,0.0905496552586555,-0.0184181739338355,false,true
RAF1,-0.0741881855896541,-0.0555455032699461,true,true
RAG1,0.1287988573312759,0.1160331116102447,true,true
RAI1,0.096492154058069,-0.3228495834540754,false,true
RAI14,0.0884457156062126,-0.884460506970373,false,true
RAI2,-0.1188942193984985,0.0355481726701984,false,true
RALA,-0.0067421900374548,-0.2505349597902122,true,true
RALB,0.0818169090896844,-0.3001653493512312,false,true
RALBP1,0.0250087320804595,-0.0334475866589505,false,true
RALGAPA1,-0.0257054642840687,0.2305438647285771,false,true
RALGAPA2,-0.0622953809797763,-0.1181073728310426,true,true
RALGAPB,0.0063117829683635,-0.0457232614468661,false,true
RALGDS,0.0536908144131302,-0.279855041433255,false,true
RALGPS1,0.0745708867907524,0.6275540503383512,true,true
RALGPS2,-0.039535766467452,0.0103677021013073,false,true
RALY,-0.0046090489319924,-0.1348413363341629,true,true
RALYL,0.003626120975241,0.4485597264133724,true,true
RAMP1,-0.2248016744852066,-1.528235127552792,true,true
RAMP2,0.0178160220384597,0.0869945756623744,true,true
RAMP3,-0.3252473175525665,-0.4643197992702123,true,true
RAN,-0.1978731602430343,-0.5320822362509503,true,true
RANBP1,-0.0915828041732311,-0.4079794523179729,true,true
RANBP10,0.0111061049004395,0.3619010659159069,true,true
RANBP17,0.3105746060609817,0.3430084091732634,true,true
RANBP2,-0.0836932550051382,-0.0804984326790343,true,true
RANBP3,0.0794819124042987,-0.2003230872540346,false,true
RANBP3L,0.1999519169330596,0.0654022590522935,true,true
RANBP6,-0.1425846815109252,-0.6705096699760577,true,true
RANBP9,0.0534688928829772,-0.0872499077446846,false,true
RANGAP1,-0.1125611335039138,-0.6503707847129085,true,true
RANGRF,-0.010688016162021,0.0692998123950743,false,true
RAP1A,-0.0800503361970186,-0.1059849421095062,true,true
RAP1B,-0.0856785272647227,-0.4356495057106371,true,true
RAP1GAP,-0.1030018851161003,0.008312948839055,false,true
RAP1GAP2,0.1744708221937929,-0.209938640925257,false,true
RAP1GDS1,0.0014822460195448,-0.2453023993426741,false,true
RAP2A,0.0301701629844804,-0.0686392318783966,false,true
RAP2B,0.0097314333543181,-0.4623559018189356,false,true
RAP2C,-0.0798546224832534,-0.1198703327325501,true,true
RAPGEF1,0.0696857944130897,0.0300468808518159,true,true
RAPGEF2,0.0008028260033045,0.7191264773608504,true,true
RAPGEF3,-0.2082535177469253,0.3192989238023216,false,true
RAPGEF4,-0.0307159628719091,0.5380656913835792,false,true
RAPGEF5,0.3232708275318145,0.0058816961306029,true,true
RAPGEF6,-0.0096705732867121,0.381174826236001,false,true
RAPGEFL1,-0.0445014126598834,-0.0692987410322916,true,true
RAPH1,-0.1088753544858523,-0.1114201387867228,true,true
RAPSN,0.1792313307523727,0.8242725043476155,true,true
RARA,-0.0960302405059337,-0.7769754582373894,true,true
RARB,0.0989404469728469,0.5413695210002234,true,true
RARG,0.2212020208438237,0.0051226464168521,true,true
RARRES1,-0.8548635244369506,-2.516877335213365,true,true
RARRES2,0.1529012965038418,0.2754272731263547,true,true
RARS,-0.0338376387953758,-0.2460368245257127,true,true
RARS2,0.0085494339998279,0.1087199004704091,true,true
RASA1,-0.1280663079981292,0.0499128410660705,false,true
RASA2,0.1048267193670783,-0.0992530952901162,false,true
RASA3,-0.0740750208497047,-0.3036963901482208,true,true
RASA4B,-0.0320544056594371,-0.0475218984607921,true,true
RASAL2,-0.0749582937652511,0.4682008897022171,false,true
RASAL3,0.1743421852588653,-0.2388995270713227,false,true
RASD1,-0.24439437687397,1.722287122267868,false,true
RASD2,-0.0153737375512719,-0.3179650443720074,true,true
RASEF,0.1529571712017059,0.0353421518330961,true,true
RASGEF1B,-0.0820731744170188,-0.1408053357931451,true,true
RASGEF1C,0.3168948888778686,0.004427852093274,true,true
RASGRF1,0.0790020376443862,-0.0078520530436987,false,true
RASGRF2,-0.121947556734085,-1.181537840767269,true,true
RASGRP1,0.0493185296654701,-0.0731318456678318,false,true
RASGRP2,-0.053146718814969,0.1379629610009658,false,true
RASGRP3,-0.1911728680133819,-0.0536467936190199,true,true
RASGRP4,0.0087895411998033,-0.3443246077158557,false,true
RASIP1,0.1714957952499389,-0.1551362638031714,false,true
RASL10A,0.0115709016099572,-0.0084832342716028,false,true
RASL11A,-0.2857784330844879,-0.6222735116316366,true,true
RASL11B,0.0374817587435245,0.9912050078130856,true,true
RASL12,-0.1137592047452926,-0.1539164569445832,true,true
RASSF1,0.0085378792136907,-0.0969825440571909,false,true
RASSF2,-0.510758101940155,-0.7149567556735446,true,true
RASSF3,0.1012798620254865,-0.4091974223259971,false,true
RASSF4,-0.1656337721894184,0.1602483958183036,false,true
RASSF5,0.1460015475749969,-0.9035386957020088,false,true
RASSF8,-0.1169490669853985,-0.2068109163840623,true,true
RASSF9,-0.0290758361419041,0.6217054434434445,false,true
RAVER1,-0.0806001676246523,-0.3466681504075883,true,true
RAVER2,0.2435677857138216,0.2440758425984404,true,true
RB1,0.0032341039207364,-0.1137096183580816,false,true
RB1CC1,0.0151941723057201,0.275396906906657,true,true
RBAK,0.0040025000460445,0.168868378888721,true,true
RBBP4,0.0029481341397123,0.0528259347295012,true,true
RBBP5,-0.0008542300434783,0.0547791655235756,false,true
RBBP6,0.0559430381815348,0.4051585686300081,true,true
RBBP7,0.0277799464367944,0.1488354118759831,true,true
RBBP8,-0.0782027885317802,-0.4069593178774506,true,true
RBBP9,0.1049925982952118,0.0545673517550884,true,true
RBCK1,0.1162102207541465,-0.1545819271111379,false,true
RBFOX1,-0.2885659039020538,0.1580334927353135,false,true
RBFOX2,0.0277693723993641,0.4027088611128606,true,true
RBFOX3,-0.0825644433498382,0.0004171567819285,false,true
RBKS,-0.0330079857259988,-0.0402237077678122,true,true
RBL2,-0.0628904391612325,0.272722305179613,false,true
RBM10,-0.0325401720280448,0.1031870011857911,false,true
RBM12B,-0.0171395164603988,0.5258847012428189,false,true
RBM14,-0.0359378281515091,0.172450624979092,false,true
RBM14-RBM4,0.0385326331481337,0.4008124348086792,true,true
RBM15,-0.0547446448355913,0.2655663822144531,false,true
RBM15B,0.0103798657655715,-0.1132398615635956,false,true
RBM17,-0.0560121744212145,-0.1564652643905795,true,true
RBM18,-0.0362593414261937,-0.0006103510795356,true,true
RBM19,-0.0419816352427005,-0.1746053248655039,true,true
RBM20,0.0251425690948963,-4.333181394699356,false,true
RBM22,-0.0234454889781773,0.0290229545428379,false,true
RBM23,-0.0609364463792492,0.1539608761755886,false,true
RBM24,-0.0827318206429481,0.4257560099383512,false,true
RBM25,0.0545799192706389,0.0698853494772828,true,true
RBM26,0.0540775302797555,0.1783883918237205,true,true
RBM27,-0.056913299486041,0.2668283495181111,false,true
RBM28,-0.0786404897420046,0.2710342415153705,false,true
RBM3,-0.0989784547903885,-0.5140999143944107,true,true
RBM33,-0.0094665746603693,0.3015700278031339,false,true
RBM38,0.0462111942470073,-0.5190612430597272,false,true
RBM39,-0.0242962540380955,0.284421892420144,false,true
RBM4,-0.0809599226673266,-0.075884961457862,true,true
RBM41,0.1111464158942302,0.2406691733893291,true,true
RBM42,-0.1307425234466791,-0.2175958375540414,true,true
RBM43,0.1233543511480093,0.3316178832044827,true,true
RBM44,-0.0271037394801775,0.0224956741263045,false,true
RBM45,0.103801029920578,-0.2071866870198328,false,true
RBM47,-0.1518746465444564,-1.012767675752219,true,true
RBM48,0.0113691553473472,0.1366376971049745,true,true
RBM4B,-0.1257271125912666,0.0818469672817663,false,true
RBM5,0.0656466398920331,0.4186789497934588,true,true
RBM6,0.0073715102459703,0.1833245730547599,true,true
RBM7,-0.1693568006157875,-0.1323801361288969,true,true
RBM8A,-0.0547346010804176,-0.2882689643515035,true,true
RBMS1,-0.1443772422415869,-0.1512165458763772,true,true
RBMS2,0.0254796598261843,0.3917143542918779,true,true
RBMS3,-0.1942303430821214,-1.55807513457824,true,true
RBMX,0.0743437710085085,0.2797968501592214,true,true
RBMX2,-0.0468894811347126,0.1710453934505884,false,true
RBP1,-0.1154741304926574,-0.3545319185541839,true,true
RBP5,-0.294575810432434,-0.1515282162646421,true,true
RBP7,0.2827432453632354,-0.2391838386155065,false,true
RBPJ,-0.3651551306247711,-0.1210906107146319,true,true
RBPMS,-0.0751230019543852,0.2919017728181811,false,true
RBPMS2,0.1579069793224334,-0.1566388765123081,false,true
RBX1,-0.1090643890202045,0.3420401912538402,false,true
RC3H1,-0.0374691328033804,0.2764682280788592,false,true
RC3H2,-0.0350068910047411,0.0240999514301831,false,true
RCAN1,-0.1779392292723059,-0.0461339750358797,true,true
RCAN2,-0.0689265877008438,-7.17488444155904,true,true
RCAN3,-0.1851230412721633,0.049450775476771,false,true
RCBTB1,0.0822741221636533,0.2354016899226039,true,true
RCBTB2,0.1947740748524665,0.2842992242750628,true,true
RCC1,-0.200349336862564,-0.9215485140560776,true,true
RCC2,-0.0395494875498116,-0.5934269537664222,true,true
RCCD1,0.015278602639834,0.4353316148290549,true,true
RCE1,0.085327378163735,-0.1711136222015661,false,true
RCHY1,-0.0034952796995639,0.4102246236125406,false,true
RCL1,-0.0652595408260822,0.0848596633276215,false,true
RCN1,-0.1494007597211748,-0.7436173403572655,true,true
RCN2,0.0226958562619984,0.0205405838053618,true,true
RCN3,0.2470564246177673,-0.8270817039700411,false,true
RCOR1,-0.0381217511104685,-0.1670665814463792,true,true
RCOR2,0.2145253419876098,0.1271461502988631,true,true
RCOR3,0.0280739004374481,0.429484906362918,true,true
RCSD1,0.1594577229448727,0.4308568339870411,true,true
RD3L,0.1052452772855758,0.7884408132865572,true,true
RDH10,-0.405647873878479,-0.8143490183048443,true,true
RDH11,-0.063029058650136,-0.36412507189275,true,true
RDH13,-0.0051138726994395,0.6298584977460381,false,true
RDH14,-0.1691815601661801,0.0333065707166948,false,true
RDH5,-0.1997012943029403,-0.1318939063048572,true,true
RDX,-0.098331110019769,-0.1250352735358957,true,true
REC8,0.1325042843818664,0.0964254455489623,true,true
RECK,0.0377631140872836,0.392588366727512,true,true
RECQL,-0.0322701126337051,0.1323512191549833,false,true
RECQL5,0.085703354445286,0.4427691026758529,true,true
REEP1,0.0569484755396842,-0.1369665312266223,false,true
REEP2,0.0566525422036647,0.2416200070260952,true,true
REEP3,-0.087231139785477,-0.5022908454525927,true,true
REEP4,0.0582207776606082,-0.346492771227465,false,true
REEP5,-0.0759218194122825,-0.0802172117384358,true,true
REL,-0.0802728086709976,-0.2429612200681989,true,true
RELA,0.0088876629248261,-0.4943074560304388,false,true
RELB,0.1506271410733461,-1.423554260375914,false,true
RELL1,-0.0780900360218116,0.0630785757841927,false,true
RELN,0.1737085692584514,0.3842699327965915,true,true
RELT,-0.0125051047652959,-0.7778654281548149,true,true
REM1,0.3699876964092254,-0.1156404491876879,false,true
RENBP,0.0467528402805328,0.1634296069377221,true,true
REP15,0.2269783156613508,-0.1356759022428348,false,true
REPS1,0.0075366648047097,0.0492325076279529,true,true
REPS2,0.2844056189060211,-0.0978270489944552,false,true
RER1,-0.0429711156524717,-0.4562586487741251,true,true
RERE,0.0170952792146376,0.3209694418486552,true,true
RERG,0.2180248498916626,-0.2235158640005801,false,true
REST,0.0434926985097782,0.2310192073998855,true,true
RETSAT,-0.0798165289064248,-0.3700555357415136,true,true
REV1,0.0431339545674355,0.25913926187684,true,true
REV3L,-0.0952365715056657,0.1361324772359924,false,true
REXO1,-0.0588451395742595,-0.2215908255254825,true,true
REXO2,0.040291534984135,0.0238438780102692,true,true
REXO4,-0.0085559032857418,-0.2492512076462634,true,true
RFC1,0.0311206081616027,0.1409012461052165,true,true
RFC2,-0.0381759600713849,-0.5228511007102962,true,true
RFC3,0.0680287331342697,-0.238219650261203,false,true
RFC4,0.002217941917479,-0.2838688472125756,false,true
RFC5,0.0283090642187744,-0.1868996067312394,false,true
RFESD,0.0288117714226245,-0.2426255942028556,false,true
RFFL,-0.0454562430469585,-0.1700340726620317,true,true
RFK,-0.2717497944831848,-0.4360961604699689,true,true
RFNG,0.1525711007416248,-0.4813519305612277,false,true
RFT1,0.0040507874451577,-0.1749940353515908,false,true
RFTN1,-0.2508826553821563,-0.2520010600857167,true,true
RFTN2,0.2140188068151474,0.4819554476930931,true,true
RFWD3,-0.0773285336792469,-0.1917965864735069,true,true
RFX1,-0.0660381980240345,0.0491462294214828,false,true
RFX2,-0.0990304748217264,-0.0077345075936998,true,true
RFX3,-0.0601215160318783,0.209039698487575,false,true
RFX4,0.1263997852802276,0.0259390618423093,true,true
RFX5,0.1689046137034893,0.1361024248437354,true,true
RFX7,0.1563079361803829,0.2666673925561797,true,true
RFX8,0.3384408056735992,-0.0472018653723219,false,true
RFXANK,0.1558123069504896,-0.2432655980358786,false,true
RFXAP,0.1318376280367374,0.1518196130537568,true,true
RGCC,-0.4479490220546722,0.9444183410889276,false,true
RGL1,0.1044790148735046,0.2490406787673671,true,true
RGL2,0.259221151471138,0.1595288655478128,true,true
RGL3,-0.7658943533897399,0.3567023712233213,false,true
RGL4,-0.1752102598547935,-0.0525204493879966,true,true
RGMA,0.0692085847258567,-0.5543445390492548,false,true
RGMB,0.316408634185791,0.0866928304968896,true,true
RGN,0.1501920372247695,0.3867496366347977,true,true
RGP1,0.0828102827072143,-0.1159129082906518,false,true
RGPD1,0.0664472803473472,0.0018787923300078,true,true
RGPD2,-0.1252886056900024,0.0120798932534523,false,true
RGPD5,0.1559825514753659,0.0031897284606277,true,true
RGPD8,0.029563396424055,0.0279331860757673,true,true
RGS1,-0.1276281028985977,0.4999070273410146,false,true
RGS10,0.4312306344509124,-0.5490048832249137,false,true
RGS11,0.5130573908487955,0.8330166757144994,true,true
RGS12,0.207156882310907,-0.0936649207725768,false,true
RGS13,-0.1432772725820541,-0.0676725924283561,true,true
RGS16,-0.1909373253583908,-1.36228102206845,true,true
RGS17,0.8415285944938659,-0.1276102477401514,false,true
RGS18,0.1938347667455673,-0.2596867177434359,false,true
RGS19,0.0586776323616504,-0.8662362651977237,false,true
RGS2,-0.2920278310775756,0.1609724301625741,false,true
RGS20,0.0950032360851764,0.0081252365501891,true,true
RGS22,-0.1573234051465988,0.1215015459379633,false,true
RGS3,0.2163901329040527,-0.0421472669853999,false,true
RGS4,0.9232282638549804,-1.067117322284391,false,true
RGS5,0.137433260679245,0.6289748911780206,true,true
RGS6,-0.038043450564146,0.8383078096715648,false,true
RGS7BP,0.2709066867828369,0.5279800385917596,true,true
RHBDD1,0.0741539773132119,-0.7622684929990895,false,true
RHBDD2,-0.0243336096405982,-0.0862106842939636,true,true
RHBDD3,-0.154393270611763,0.0314426575480231,false,true
RHBDF1,0.0145140388049185,0.1916087434112268,true,true
RHBDF2,-0.3536325395107269,-0.2732449937438161,true,true
RHBDL1,0.1030486449599266,0.1485203855288908,true,true
RHBDL2,-0.0211817717179655,-0.1144166265515896,true,true
RHBDL3,-0.1693034693598747,0.0541256683788448,false,true
RHCE,0.0613076910376548,0.1708626840193281,true,true
RHD,0.0906519785523414,0.0167047963254759,true,true
RHEB,-0.2734801198045412,-0.2740588910301498,true,true
RHOA,-0.1060483423726899,-0.296956337382543,true,true
RHOB,-0.1501663712939868,0.2409194962056737,false,true
RHOBTB1,0.2172760106623172,0.749585105684587,true,true
RHOBTB2,-0.1039907187223434,-0.4351163641245938,true,true
RHOBTB3,-0.18293398215125,0.196505200144271,false,true
RHOC,-0.1262648403644561,-0.3704912654546515,true,true
RHOD,-0.2261379808187484,-0.3231796375083559,true,true
RHOG,0.0024514077231287,-0.8826004658840017,false,true
RHOH,-0.0720634832978248,0.1275859201098035,false,true
RHOJ,0.0818058312094459,-0.3808318479631465,false,true
RHOQ,-0.2501501987377802,0.0239787002784925,false,true
RHOT1,0.0719888002744742,0.0705490018612513,true,true
RHOT2,-0.084553188830614,0.1471832922759595,false,true
RHOU,-0.2967604994773864,-0.3159982351059491,true,true
RHPN1,0.1203098148107528,-0.0124257078990655,false,true
RHPN2,-0.0579414023086428,0.0920971596089259,false,true
RIBC1,-0.0110568404197692,0.2089742251133849,false,true
RIC3,0.0027556712739169,0.3028466336365096,true,true
RIC8A,0.0888769980054348,-0.4322612238614533,false,true
RIC8B,0.0357881481094019,0.232573012118586,true,true
RICTOR,-0.0421369911304542,0.5835504150691042,false,true
RIF1,-0.0160632962360978,-0.0750563244908839,true,true
RILP,0.0248644482344388,-0.1461946340644217,false,true
RILPL1,0.0584703646600246,0.0893347426914168,true,true
RILPL2,-0.0516785593004897,-0.2493736038134009,true,true
RIMBP2,0.0577906295657157,0.0165072113517196,true,true
RIMKLA,0.0707719922065734,0.1346397662851095,true,true
RIMKLB,0.1788892472783724,0.5134765542439877,true,true
RIMS1,-0.0392589569091796,-0.0043197122179753,true,true
RIMS2,-0.064456470310688,0.0085980224196947,false,true
RIN2,-0.1339763104915618,0.39290552381114,false,true
RIN3,-0.0121028656139969,0.020613882098702,false,true
RING1,0.0234461206942796,-0.1837558306065583,false,true
RINT1,-0.0722556706517934,-0.0786981853440438,true,true
RIOK1,-0.141237086802721,-0.2115324654563619,true,true
RIOK2,-0.0166030304506421,-0.0303282762059873,true,true
RIOK3,-0.0369352448199476,0.1617811503175428,false,true
RIPK1,-0.0330896674755162,-0.2311438955966331,true,true
RIPK2,0.0089315433055162,-0.7707703657330218,false,true
RIPK3,-0.144711285829544,-0.5003222002099676,true,true
RIT1,-0.0786796612665057,-0.1729304918375143,true,true
RLF,-0.0050119236610563,0.1499634037123898,false,true
RLIM,-0.1859173566102981,0.1077007938523295,false,true
RMDN1,-0.0050702307905469,0.1788549766719818,false,true
RMDN2,0.0775841232389211,0.5316640327465946,true,true
RMDN3,-0.0509855017066001,-0.133424796866818,true,true
RMI1,-0.099843306466937,0.0354575907848604,false,true
RMI2,0.0992971714586019,0.0978700036372218,true,true
RMND1,-0.0071070491336286,-0.0967544990681914,true,true
RMND5A,0.0406012218445539,0.5763974214891138,true,true
RMND5B,-0.092787363876899,0.1344976716048602,false,true
RNASE1,-0.1397230923175811,-0.1642292880792872,true,true
RNASE10,-0.0106247430667281,-0.0156144318688196,true,true
RNASE4,-0.5345150828361511,0.3353791052203418,false,true
RNASE6,0.0085352910682558,-0.3799261699582321,false,true
RNASEH1,-0.1480295196175575,-0.0456050217602514,true,true
RNASEH2B,0.0881905259364949,0.4191765675146932,true,true
RNASEH2C,-0.0141581833362579,-0.0598736503060486,true,true
RNASEK,-0.0354800198227167,-0.2579146415871989,true,true
RNASEL,0.0993039086461067,0.064180559880836,true,true
RNASET2,0.1999008655548095,-0.1777417974649973,false,true
RND3,-0.1418548941612243,0.279794165912901,false,true
RNF10,-0.0762649883649178,-0.3595182959129958,true,true
RNF103,-0.1412814170122146,0.532246993563338,false,true
RNF103-CHMP3,0.1751652359962463,0.293545282394,true,true
RNF11,-0.0513556509589155,-0.0573000446261495,true,true
RNF111,-0.1181830247598035,-0.009071108331971,true,true
RNF112,0.1409353166818618,0.0940240516918642,true,true
RNF113A,0.0927198827266693,-0.1392433525082257,false,true
RNF114,-0.0746634490787982,0.0005560976070722,false,true
RNF115,-0.0541810103625591,0.7837636217408565,false,true
RNF121,0.0238279073964804,-0.2029939226394734,false,true
RNF122,-0.1403359224398931,-1.793248113019846,true,true
RNF123,0.0060032583307474,0.2584168617482096,true,true
RNF125,-0.1502541750669479,0.5245756500162071,false,true
RNF126,-0.0444686528295278,-0.5388044750501142,true,true
RNF128,-0.0164939742535352,-0.1770660678728345,true,true
RNF13,-0.068585615871208,-0.0893538245746468,true,true
RNF130,0.0366171598434448,-0.5126729336440236,false,true
RNF135,0.2885575890541076,-0.4089102473223924,false,true
RNF138,-0.066571597320338,-0.1909063008140941,true,true
RNF139,-0.1541402429342269,-0.022423743601013,true,true
RNF14,-0.0005629193037748,0.0529600280277575,false,true
RNF141,-0.0012458707060432,0.028073305425027,false,true
RNF144A,0.1329262865474447,0.2281981038885088,true,true
RNF144B,-0.2461394593119621,0.0823204392420238,false,true
RNF145,-0.0461378744138138,-0.7597148393507864,true,true
RNF146,-0.0102958387384812,0.5919471164798294,false,true
RNF149,-0.4456241130828857,-0.6295512808705248,true,true
RNF150,-0.0507949218153953,0.1560826696863486,false,true
RNF152,-0.0403670147061347,-0.2684386876726954,true,true
RNF157,-0.1317164897918701,0.3862796481693061,false,true
RNF165,0.2089941228429476,0.2014637472891384,true,true
RNF167,0.068508318811655,-0.0478712932045306,false,true
RNF168,-0.048579421958753,-0.3701011107238976,true,true
RNF169,0.0129728474255118,0.0076111824264044,true,true
RNF17,-0.0427652634680271,0.0612047264839298,false,true
RNF170,0.1572045961705347,0.2219187446887436,true,true
RNF175,-0.556417167186737,0.0987254227531009,false,true
RNF180,0.0680290850810706,0.2418403690729076,true,true
RNF181,-0.0322073439136147,-0.0279679947178497,true,true
RNF185,-0.012167057643334,0.0382041905963417,false,true
RNF187,-0.0291879810392856,0.1296477281236034,false,true
RNF19A,-0.1254405879548617,0.3579129902308935,false,true
RNF19B,0.2220521038398146,-0.6984287895092244,false,true
RNF2,0.0671842204406857,0.0654793757078397,true,true
RNF20,0.075527417473495,0.3476772763626843,true,true
RNF207,0.0610522478818893,1.087896609995764,true,true
RNF208,0.1174554377794265,0.2109451024677768,true,true
RNF212,-0.010801788419485,0.0639243750658322,false,true
RNF213,0.1787640686546053,-0.1574527730046853,false,true
RNF214,0.0339501711035457,0.2657662374222504,true,true
RNF215,0.0602298910729587,-0.0396347319907519,false,true
RNF216,0.05677499774278,-0.0026249954499033,false,true
RNF217,0.0498215891420841,0.1122248018428826,true,true
RNF219,-0.0728313194122165,0.2544780687474741,false,true
RNF220,0.3746810555458068,-0.2762144221978011,false,true
RNF24,-0.0807593713204066,-0.6993161083009007,true,true
RNF25,-0.0387858129106462,-0.1905353381131109,true,true
RNF31,0.0096952134743332,-0.1814244520720973,false,true
RNF32,-0.3253078212340672,0.1190505237448374,false,true
RNF34,-0.0783186307443039,0.2045104371190227,false,true
RNF38,0.0367709925132138,0.1734699937080583,true,true
RNF4,-0.0280909674641277,-0.0397734037666581,true,true
RNF40,-0.0013625817373394,-0.1115383790262867,true,true
RNF41,-0.0093018848099745,-0.2226238332288126,true,true
RNF43,0.0573155395686626,0.2912890318119232,true,true
RNF44,0.0845142466947436,-0.0114111344640916,false,true
RNF5,-0.1234429189935326,-0.1148717604287883,true,true
RNF6,-0.0278415176086127,-0.3337805717140147,true,true
RNF7,-0.122762344032526,-0.1024710370335064,true,true
RNF8,0.0274301223456859,-0.0831724729756362,false,true
RNFT1,0.0113667720928788,-0.3233392945163848,false,true
RNFT2,0.0126767875626683,-0.0671294558562924,false,true
RNGTT,-0.0752592766657471,0.0459973417009775,false,true
RNH1,-0.0498681116849183,-0.4156062618979454,true,true
RNLS,-0.0485038341333468,0.6342585655206306,false,true
RNMT,0.0224063137013997,0.2372923219838671,true,true
RNPC3,0.0515351295471191,0.926156017173882,true,true
RNPEP,-0.0217298317700624,-0.3021996618891735,true,true
RNPEPL1,0.0509704127907752,-0.1687798747079454,false,true
RNPS1,-0.0874542165547609,-0.3001778605345739,true,true
ROBO1,0.2267656624317169,-0.0138919574040601,false,true
ROBO2,0.180844135582447,0.0034201899837893,true,true
ROBO3,0.1593209728598594,-0.0374537302170674,false,true
ROBO4,-0.0421100631356239,-0.1797969678627779,true,true
ROCK1,0.0337200320458837,0.0918455711920054,true,true
ROCK2,-0.0237386666703969,0.0291269182441968,false,true
ROGDI,-0.0510415807366371,0.5344391702574506,false,true
ROMO1,-0.0529904618859291,-0.0522412889075853,true,true
ROPN1B,0.0040394715033471,0.1096555655025207,true,true
ROR1,-0.0902546346187591,0.1226830787548576,false,true
ROR2,0.0134398806840181,-0.1401419611794126,false,true
RORA,0.0573607049882411,0.5721618978626312,true,true
RORB,0.3059319257736206,0.3540245643670105,true,true
RORC,0.0172254871577024,0.5368945566654281,true,true
ROS1,0.1703276932239532,0.0326832600609382,true,true
RP2,-0.0721289465203881,-0.5695107318898845,true,true
RP9,0.0172197770327329,0.2479609499118273,true,true
RPA1,0.0262545097153633,-0.096927792954681,false,true
RPA2,0.0056628040969371,0.1118876143803331,true,true
RPA3,-0.3196166157722473,-0.0527779511341357,true,true
RPAIN,0.027479764027521,0.2137800721313332,true,true
RPAP1,0.012360169366002,0.0097027695420672,true,true
RPAP2,-0.0133387449064425,0.2749752330762662,false,true
RPAP3,0.0921799637377262,-0.0556683253414318,false,true
RPE,-0.0703102383762597,0.0085914793555477,false,true
RPF1,-0.1169613051228225,-0.0403882074220538,true,true
RPF2,-0.1651550622656941,-0.3228913951053953,true,true
RPGR,-0.6295451521873474,0.0014497514332973,false,true
RPGRIP1,0.1537309624254703,-0.0844723517017607,false,true
RPGRIP1L,0.0699654510244727,0.2054207394562828,true,true
RPH3A,0.0865036770701408,0.0051750123243082,true,true
RPH3AL,0.0815807627514004,0.2230828743853512,true,true
RPIA,0.0078184425830841,-0.0682599090000866,false,true
RPL10,-0.1495224472933582,-0.1957339444449823,true,true
RPL10A,-0.1711507260799408,-0.1716272752828205,true,true
RPL11,-0.0238113508870204,-0.0729928135656816,true,true
RPL12,-0.1145414002239704,-0.4392024626129398,true,true
RPL13,-0.0949017191305756,-0.2269264156680197,true,true
RPL13A,-0.118856843188405,-0.1340459924789021,true,true
RPL14,-0.1200753912329673,0.0506297107920392,false,true
RPL15,-0.1835167303681373,-0.0848262307549347,true,true
RPL17,0.0933672711253166,-0.3720771530132291,false,true
RPL18,-0.0309230268001556,-0.2315681649417689,true,true
RPL19,0.0353502862155437,-0.1596511892258725,false,true
RPL21,-0.1784655034542083,-0.4736548998126948,true,true
RPL22,-0.0875352516770362,0.2997231714514674,false,true
RPL22L1,-0.2343446860710779,-1.310117802233802,true,true
RPL23,-0.1069413982331752,-0.1909510431625047,true,true
RPL23A,-0.1570757135748863,-0.0898233275930628,true,true
RPL24,-0.1674231447279453,-0.2424111261094212,true,true
RPL26L1,-0.0079089514911174,-0.2097112876200051,true,true
RPL27,-0.1981739073991775,-0.3299211514434006,true,true
RPL27A,-0.0612921169027686,-0.302514489613924,true,true
RPL28,0.0557052236981689,-0.360510541846625,false,true
RPL29,-0.1454473093152046,-0.1536111473122439,true,true
RPL3,-0.0984734712168574,-0.5937045978606558,true,true
RPL30,0.0046775591132851,-0.0623066844029356,false,true
RPL31,-0.0349255241453647,-0.1563600649733532,true,true
RPL32,-0.091408298164606,-0.3154387347701543,true,true
RPL34,0.0505739267915487,-0.2752152208930702,false,true
RPL35,-0.0405020769685506,-0.37720320435358,true,true
RPL35A,-0.048984208703041,0.1702039995539106,false,true
RPL36,0.0580337334424257,-0.1261408135771562,false,true
RPL36A,-0.2534791961312293,-0.3479748490947502,true,true
RPL36AL,-0.1902333155274391,-0.1336923569427064,true,true
RPL37,-0.0532978220377117,-0.0783591219934312,true,true
RPL37A,-0.0717421755194664,-0.0425150500531614,true,true
RPL38,-0.1112992521375417,-0.0172219637362118,true,true
RPL39,0.0486552268266677,-0.1391017350998611,false,true
RPL39L,0.1109658665955066,-0.1903339407386961,false,true
RPL3L,0.0569907687604427,0.7477321305328006,true,true
RPL4,-0.1668622925877571,-0.1329705740891205,true,true
RPL41,-0.0800847702582056,-0.0331233188790491,true,true
RPL5,-0.135203748143145,-0.1842537396110985,true,true
RPL6,-0.0709056407213211,-0.1113680794776312,true,true
RPL7,-0.0904205113649368,-0.3450705719211391,true,true
RPL7A,-0.1580361984670162,-0.30363353149919,true,true
RPL7L1,-0.0442009143531322,-0.2008566286867559,true,true
RPL8,-0.1507836058735847,-0.4566305253350115,true,true
RPL9,-0.1072293482720852,-0.1346571005949956,true,true
RPLP0,-0.2981247597684462,-0.7495396449623328,true,true
RPLP1,-0.1870703061244317,-0.3646228416225048,true,true
RPLP2,-0.1698736064136028,-0.4147222043100846,true,true
RPN1,-0.1534548379480838,-0.5485119625782966,true,true
RPN2,-0.122343402976791,-0.6743306581275057,true,true
RPP21,0.0363815017044544,-0.3570164296377806,false,true
RPP25L,0.0695929750800132,0.4396620103201991,true,true
RPP30,0.0436661005020141,-0.0597979490821107,false,true
RPP38,0.0168543722480535,-0.1446648543832167,false,true
RPRD1A,0.0198608209778155,-0.1459305946022251,false,true
RPRD1B,-0.0301596525047595,0.2343604821513385,false,true
RPRD2,0.0827183131394641,0.4211372877987864,true,true
RPS10-NUDT3,-0.0363630135543644,0.5370675774651001,false,true
RPS11,-0.051089335232973,-0.0797832146071026,true,true
RPS12,-0.0501583635807037,-0.3648297712863417,true,true
RPS13,-0.1504197612404823,-0.2103367346955717,true,true
RPS14,-0.2166648559272289,-0.1601546783269016,true,true
RPS15,-0.1108924609919389,-0.3546261342244321,true,true
RPS15A,-0.0640567308291792,-0.2278538605623943,true,true
RPS16,-0.1396998947486281,0.2076285542589877,false,true
RPS17,-0.0484300158917903,0.2894672160102173,false,true
RPS18,-0.0321659088134765,-0.3712677424386043,true,true
RPS19,-0.0826832219958305,-0.4578940524506949,true,true
RPS19BP1,-0.0088735471169153,-0.5216294452485419,true,true
RPS2,-0.1397574141621589,-0.5143523286137066,true,true
RPS20,-0.1258527159690857,0.0456751384503615,false,true
RPS21,-0.0022638874749342,-0.3281340331076458,true,true
RPS23,-0.1120461635291576,-1.989897767291627,true,true
RPS24,-0.1028874761957143,-0.3371137399372532,true,true
RPS25,-0.1936502557247877,0.1202121332312051,false,true
RPS26,-0.0995432958006858,-0.3165306896400454,true,true
RPS27,-0.0023832622915506,-0.0272894330647335,true,true
RPS27A,-0.1093371041119098,-0.2278220634019296,true,true
RPS27L,-0.0088279241075118,-0.0430588499177213,true,true
RPS28,-0.0797297148499637,0.0410576235482459,false,true
RPS3,-0.0095332681201398,-0.1759286293275463,true,true
RPS3A,-0.1394114911556244,0.0403361204380603,false,true
RPS4X,-0.1046893663704395,-0.0995141233840328,true,true
RPS4Y1,0.1291261091828346,2.998589136199289,true,true
RPS5,-0.2039595425128936,-0.4477460965880348,true,true
RPS6,-0.1494318548589944,-0.1481091098940607,true,true
RPS6KA1,0.1182120814919471,-0.7733788057101869,false,true
RPS6KA2,-0.1578330807387828,0.0536254988204403,false,true
RPS6KA3,-0.0168284896228994,-0.5644523250312651,true,true
RPS6KA4,0.0358476061373948,-0.6526293136359009,false,true
RPS6KA5,0.1892864342246736,0.3614684632518623,true,true
RPS6KB1,-0.0589836727428649,0.0871330191264414,false,true
RPS6KB2,0.0816267482005059,-0.296864499297091,false,true
RPS6KC1,0.075459426002843,-0.0630872160649516,false,true
RPS6KL1,-0.0621520578861236,0.3567641370684921,false,true
RPS7,-0.1282995883375406,-0.3952600557981318,true,true
RPS8,-0.1740271478891372,-0.4143925920897997,true,true
RPS9,-0.2030885070562362,0.0333912913611325,false,true
RPSA,-0.2450167343020439,-0.472339849843844,true,true
RPTOR,0.0449482756666839,0.1683251368302767,true,true
RPUSD1,0.0178821347653865,-0.5724321392836536,false,true
RPUSD2,-0.0403754003345966,0.1356244719473052,false,true
RPUSD3,0.0456504009664058,-0.1671296218976881,false,true
RPUSD4,-0.106137179583311,-0.0811471284029336,true,true
RRAD,-0.082292303442955,-1.863258036163978,true,true
RRAGA,-0.1056072600185871,-0.1536233414032075,true,true
RRAGB,-0.0068215830251574,0.4850108185491413,false,true
RRAGC,0.0823118579573929,-0.2718809867166651,false,true
RRAGD,0.0803510323166847,0.3558121694103695,true,true
RRAS,0.0523329260759055,0.2339535534913519,true,true
RRAS2,0.2559705078601837,0.2402448564803694,true,true
RRBP1,-0.0519039533766252,-0.7349498756247339,true,true
RREB1,0.0237226986459323,0.1575633453365927,true,true
RRM1,-0.0508410462178289,0.0761089964873824,false,true
RRM2,-0.5026678442955017,-0.6777747364483406,true,true
RRM2B,-0.0003118637287116,-0.0965303123333587,true,true
RRN3,-0.0705390592105686,0.4505937673930242,false,true
RRNAD1,-0.0224712158553302,0.070967413028534,false,true
RRP1,0.0099721616134047,-0.4393115359648556,false,true
RRP12,-0.0495719551108777,-0.2862658962151623,true,true
RRP15,-0.1698256283998489,-0.0790735279983434,true,true
RRP1B,-0.0396992176771163,-0.2055947567092824,true,true
RRP36,-0.0634218544699251,-0.3191654048132606,true,true
RRP7A,0.0249672465026378,-0.1961052455510916,false,true
RRP8,-0.1205761022865772,0.0582771218172237,false,true
RRP9,-0.1357538662850856,-0.3922771333856496,true,true
RRS1,-0.0694211274385452,-0.5030089532894273,true,true
RSAD1,0.0303747731493785,-0.0032964573039651,false,true
RSAD2,0.4275782704353333,0.0298553429386108,true,true
RSBN1,-0.0160062053639973,0.2105094955570603,false,true
RSBN1L,-0.0114696946527276,0.0874669476127287,false,true
RSF1,0.0355858472175896,0.4222751643360735,true,true
RSL1D1,-0.175084176659584,0.0621501893234928,false,true
RSL24D1,-0.1350455980282276,0.071228886291073,false,true
RSPH3,0.0595119073987007,0.100469301828256,true,true
RSPH4A,0.004190525971353,-0.0582788847309149,false,true
RSPH9,0.0165971424430608,-0.0075998810114067,false,true
RSPO2,0.1536062695086002,0.0820899588174004,true,true
RSPO3,0.0405834652483463,0.1149451276755945,true,true
RSPRY1,-0.0300353204365819,-0.294478935992799,true,true
RSRC1,-0.0232264834589191,0.1100690409857443,false,true
RSRC2,-0.0407090953085571,0.1233140940664991,false,true
RSU1,0.0421659263915249,-0.4757372008783447,false,true
RTCA,-0.0392726175487041,-0.0555706922952756,true,true
RTCB,-0.0014473307150183,-0.2229284212282154,true,true
RTEL1,-0.0686852034181356,-0.2456870706294662,true,true
RTF1,0.0211874503708843,0.2110339685271429,true,true
RTKN,0.0331696197390556,0.1358344343303414,true,true
RTN1,0.4143847823143005,-0.2161182637022699,false,true
RTN2,-0.0153968930244445,0.1164302003454533,false,true
RTN3,-0.003929244088275,0.0397950805227944,false,true
RTN4,-0.0374085860592978,-0.8632304736568743,true,true
RTN4IP1,0.0519128575921058,0.2159689072062103,true,true
RTN4RL1,-0.0858593980471293,-0.6757721765130906,true,true
RTTN,0.0653015042522123,0.252986724858367,true,true
RUFY1,0.0276567679164665,-0.170194132085832,false,true
RUFY2,0.0837152206471988,0.2715175248734698,true,true
RUFY3,0.109477022928851,0.0542875367069437,true,true
RUNDC1,-0.006219305563718,-0.3845024016598639,true,true
RUNDC3B,-0.4314435720443725,0.1166948840951747,false,true
RUNX1,0.1607057750225067,-1.566411720414655,false,true
RUNX1T1,0.1539477745924765,0.6245486663024029,true,true
RUNX2,-0.4171620905399322,0.0939670510828635,false,true
RUNX3,-0.0752192139625549,-0.0359770384435306,true,true
RUSC1,0.0967088710516691,-0.1932576990884866,false,true
RUSC2,-0.0676812124535596,-0.1735982093801045,true,true
RUVBL1,-0.1494269505143165,-0.099580953115927,true,true
RUVBL2,-0.1166983498260378,-0.1594252753397347,true,true
RWDD1,-0.1387421786785125,-0.421921044740535,true,true
RWDD2A,0.0328196082264184,0.0809249313292883,true,true
RWDD2B,0.0287011377513408,-0.1016997596983511,false,true
RWDD3,0.0337889164686202,0.3198358865809716,true,true
RWDD4,-0.0428877024678513,-0.2206727654423916,true,true
RXRA,0.0795298375189304,-0.2799269221997398,false,true
RXRB,0.0134783831890672,0.3295437114809596,true,true
RXRG,0.8705880641937255,0.2179080104840238,true,true
RYBP,-0.0455331224948167,-0.0599046088324866,true,true
RYK,0.0531751119664737,0.0761843387781695,true,true
RYR1,0.3927100598812103,0.0156751645461079,true,true
RYR3,0.8380499482154846,0.1329718059073955,true,true
S100A1,-0.1023763430615266,0.8909066034173829,false,true
S100A10,-0.2080324051591257,-0.8255127782411567,true,true
S100A11,-0.177136667817831,-1.543869494419475,true,true
S100A13,-0.1459967643022537,0.3205132395344776,false,true
S100A16,-0.1496657679478327,-1.000966751124056,true,true
S100A4,-0.1741814255714416,-1.464788937753468,true,true
S100A6,-0.1626902520656585,-0.2685130456542701,true,true
S100A8,-0.2771126627922058,-2.845987050618102,true,true
S100A9,-0.4043665528297423,-3.437080246768521,true,true
S100PBP,0.0678166914066033,0.0700054095712228,true,true
S1PR1,-0.2487215101718902,0.336596968814832,false,true
S1PR3,-0.2633014842867851,-1.098252495423375,true,true
SAAL1,-0.0404534297529607,0.1558771107754499,false,true
SAC3D1,0.1116536557674408,-0.1846139569532379,false,true
SACM1L,-0.0219295362808874,-0.0432364250147707,true,true
SACS,0.0492660802944252,-0.3537466687831094,false,true
SAE1,-0.0075952615588903,-0.0460921917145338,true,true
SAFB,-0.0261389734223484,0.0851977676537662,false,true
SAFB2,0.0289111600390502,0.2164598629398066,true,true
SAMD1,0.0546551533043384,-0.5133761987901284,false,true
SAMD10,-0.0033510979264974,-0.1792394596140546,true,true
SAMD11,0.5640089511871337,-0.0260066127706231,false,true
SAMD12,0.3963133990764617,1.283453182053264,true,true
SAMD13,0.3638390600681304,0.1853970839444926,true,true
SAMD14,-0.0871059149503707,-0.047978156093714,true,true
SAMD3,0.2064261734485626,-0.0097947903730728,false,true
SAMD4A,-0.0971357896924018,0.4651784653196999,false,true
SAMD4B,0.0480763664735215,-0.1380079296325531,false,true
SAMD5,0.242398492526263,0.0781339178867348,true,true
SAMD8,-0.0243007008518491,-0.024536824588242,true,true
SAMD9,0.1755270759264628,-0.0168769366929875,false,true
SAMD9L,0.4023953139781952,0.0081200968256731,true,true
SAMHD1,-0.3741971674774374,-0.4750288838359932,true,true
SAMM50,0.0932864850386977,0.1653897641619739,true,true
SAMSN1,-0.268307164311409,-1.317977319523344,true,true
SAP130,-0.0028099983132311,0.0773389565923796,false,true
SAP18,-0.0867878958582878,0.0214327883134517,false,true
SAP25,0.1827495843172073,0.1172573127074678,true,true
SAP30,-0.7913817763328552,-0.1956445216438593,true,true
SAP30BP,-0.0351348426192998,-0.2962898991738351,true,true
SAP30L,0.0653358085080981,-0.2960001338760718,false,true
SAR1A,-0.095400666197141,-0.1328358184480533,true,true
SAR1B,-0.1272144928574562,-0.1410209575387684,true,true
SARDH,0.5038740038871765,0.1023518440170546,true,true
SARM1,0.1731007024645805,-0.0689620873721261,false,true
SARNP,-0.0307659958489239,0.0072710934774504,false,true
SARS,-0.0381646935013122,-0.1195461577872407,true,true
SARS2,0.1358346045017242,0.0007710752498248,true,true
SART1,0.0035626294091343,-0.2390221482390533,false,true
SART3,0.0081927048508077,0.2723178927416247,true,true
SASH1,0.0844247522098677,0.476234904588416,true,true
SASH3,-0.1046940609812736,-1.131956424661073,true,true
SASS6,0.0080159259960055,0.0349581691600933,true,true
SAT1,-0.0001263017620658,-1.161555566798241,true,true
SAT2,-0.0439258124679327,-0.2811616257628744,true,true
SATB2,0.039031739346683,-0.0917773093469666,false,true
SAV1,-0.0599671561270952,0.0508609696449942,false,true
SAYSD1,0.0629624351859092,0.0525988817773925,true,true
SBDS,-0.1636006623506546,0.2203563830925965,false,true
SBF1,0.0518741202540695,-0.4424987682159993,false,true
SBF2,-0.0660379169774907,0.1429677051459266,false,true
SBK1,0.1380923390388488,0.0687672810700905,true,true
SBK3,-0.2082422822713851,0.6788010372383348,false,true
SBNO1,0.0333856543792145,0.6996441098195536,true,true
SBNO2,-0.1764818698167801,-1.270044670085003,true,true
SC5D,0.0602239130530506,-0.1194056448287832,false,true
SCAF1,-0.0401851937174797,-0.0789180473276731,true,true
SCAF11,0.0189017447077536,0.3517585997958372,true,true
SCAF4,-0.0203453114455831,0.0333950870290395,false,true
SCAF8,0.0167224730498024,0.5566119356844546,true,true
SCAI,0.1391511192279202,0.259395389048215,true,true
SCAMP1,0.0306094525648014,0.0688437096863073,true,true
SCAMP2,-0.0619868762791156,-0.3702245289126144,true,true
SCAMP3,-0.0056453457102179,-0.3338763252839687,true,true
SCAMP4,0.077377479057759,-0.4035891753279718,false,true
SCAMP5,0.299019381403923,0.6648765555274012,true,true
SCAND1,-0.0004273166880011,-0.4685408127551422,true,true
SCAP,-0.0253354079516914,-0.0458206070318212,true,true
SCAPER,0.0533221970711435,0.580911298527595,true,true
SCARA5,-0.6182864308357238,0.713730135058058,false,true
SCARB1,0.423945128917694,0.0375841950995563,true,true
SCARB2,0.0730023135741551,-0.2407797185082829,false,true
SCARF1,0.1236744076013565,-0.3432328218602558,false,true
SCARF2,0.1998712420463562,-0.308602698023097,false,true
SCCPDH,-0.4179298877716065,0.0865500832578662,false,true
SCD5,0.0741039117177327,0.2201437971565971,true,true
SCFD1,-0.0217833862906055,-0.0804921196505157,true,true
SCFD2,-0.0756260912333216,-0.2721991743517961,true,true
SCGB2B2,0.0305386859923601,0.0926942264518726,true,true
SCGB3A2,0.0357713513076305,0.0119242616615994,true,true
SCGN,-0.4890024960041046,-0.2223606241556415,true,true
SCIMP,0.0325208604335784,-0.634014728944737,false,true
SCLT1,-0.063144350690501,0.2489402213445401,false,true
SCLY,0.0235851291567087,-0.1278673555307281,false,true
SCMH1,-0.0061897544988564,0.0405117704636293,false,true
SCML1,-0.1309827491641044,-0.1600170091053208,true,true
SCML2,0.2195528129426141,-0.0140153255889735,false,true
SCML4,-0.0102950222790241,0.2091995205738523,false,true
SCN10A,-0.1935082376003265,-0.1280069190292944,true,true
SCN1A,-0.0795276388525962,0.0402613939087011,false,true
SCN1B,0.0875203162431716,-0.3797234928022437,false,true
SCN2A,-0.0510372146964073,-0.0127768500796891,true,true
SCN2B,0.4547453522682189,1.642499891406546,true,true
SCN3A,-0.1067166104912758,0.6918990869599426,false,true
SCN3B,0.0770081728696823,0.1586826340830602,true,true
SCN4B,0.2866552770137786,0.4794721333251263,true,true
SCN5A,-0.0412365980446338,-0.6812468627137979,true,true
SCN7A,0.1215613707900047,1.106432741861902,true,true
SCN8A,0.0775775983929634,-0.0053353115515538,false,true
SCN9A,0.4282036423683166,0.1409997845146397,true,true
SCNM1,-0.0089527405798435,-0.2250324613943175,true,true
SCNN1D,0.0377340242266654,0.1658993141804929,true,true
SCO1,-0.0975735031068325,0.3059955574100294,false,true
SCO2,-0.0826610028743743,-0.7885208337129006,true,true
SCOC,0.0111695192754268,0.2460798224054814,true,true
SCP2,0.1236038235947489,0.2411330996886782,true,true
SCPEP1,-0.0010024100542068,-0.2046644221326543,true,true
SCRG1,-0.2297764890827238,0.0711903167627231,false,true
SCRIB,0.145694138482213,-0.5027554561168425,false,true
SCRN1,0.1372122401371598,0.5651038254295928,true,true
SCRN2,0.0759253571741282,0.8061174934737729,true,true
SCRN3,0.0484483127482235,0.1968169242848558,true,true
SCTR,0.1026589944958686,0.0381026153205363,true,true
SCUBE2,0.4983663186430931,0.9941120316792116,true,true
SCUBE3,-0.1813811026513576,0.2615968790863059,false,true
SCYL1,-0.0746156200766563,-0.2034192795009435,true,true
SCYL2,-0.0182098317891359,-0.1147394525087222,true,true
SCYL3,0.0083398841321468,-0.0761204165081117,false,true
SDAD1,-0.086597346390287,-0.0315526908211687,true,true
SDC2,-0.0455445908010005,0.2611671688855814,false,true
SDC3,0.1328846409451216,-0.053255575474536,false,true
SDC4,-0.2896691262722015,0.2141345923705291,false,true
SDCBP,-0.1384175314257542,-0.3840535284032489,true,true
SDCBP2,-0.0755460783839225,-0.2917691510129953,true,true
SDCCAG8,0.101684852370194,0.2257935938994557,true,true
SDE2,-0.1003061640076339,-0.0960463425043536,true,true
SDF2,-0.0871834825724363,-0.235878092657022,true,true
SDF2L1,-0.0370513374606768,-0.983241339539385,true,true
SDF4,-0.0251557908952236,-0.2596757290840647,true,true
SDHA,-0.0895775556564331,0.6146285829099484,false,true
SDHAF1,-0.0058293640613555,0.0375949560178332,false,true
SDHAF2,-0.0234235324896872,-0.1487068323161788,true,true
SDHB,-0.0413427654032905,0.2518323605701855,false,true
SDHC,-0.0750373157983024,0.0042810414713927,false,true
SDK1,0.1311796754598617,-0.1103050821013686,false,true
SDK2,0.3559115938842296,-0.0365604242342979,false,true
SDR39U1,0.0160090863704681,0.1999357207027938,true,true
SDR42E1,0.0159362722188234,0.0776410751834243,true,true
SEC11A,-0.1001618807869297,-0.1330489840109061,true,true
SEC11C,0.0430297031998634,-0.5953400843538219,false,true
SEC13,-0.0747276054074366,-0.4012851382283209,true,true
SEC14L1,-0.257881075143814,0.3829029530665328,false,true
SEC14L5,0.1627382040023803,-0.5496371012039089,false,true
SEC16A,-0.0507390990853309,-0.1367965740343408,true,true
SEC16B,0.2599981725215911,0.2459748609580148,true,true
SEC22A,-0.0267310642105128,0.1032986188880649,false,true
SEC22B,-0.0791989245585032,-0.1522624089452593,true,true
SEC22C,-0.1719098178048928,-0.1013995308606348,true,true
SEC23A,-0.0824296660222379,-0.4937738154912754,true,true
SEC23B,-0.068241100013256,-0.6714007384001519,true,true
SEC23IP,-0.0648567063035443,-0.1682497057910739,true,true
SEC24A,-0.0475748979176084,-0.268048728510724,true,true
SEC24B,0.0270506124943494,0.1513828206082195,true,true
SEC24C,-0.0213624607771635,-0.1532586445156649,true,true
SEC24D,-0.0737626769890387,-0.7606274875998844,true,true
SEC31A,-0.001736540879522,0.2747035199960032,false,true
SEC31B,0.1226600743946619,0.557908347108978,true,true
SEC61A1,-0.1748819455504417,-0.8742899295044158,true,true
SEC61A2,-0.0219148302450776,0.3951396941134344,false,true
SEC61B,-0.1542010486125945,-0.7600545915328584,true,true
SEC61G,-0.0342708739141623,-0.2295349656369394,true,true
SEC62,-0.0483771239717801,0.1209887449667235,false,true
SEC63,0.0068066000406231,0.1695541240339038,true,true
SECISBP2,-0.0502841269065226,-0.0544301522142758,true,true
SECISBP2L,0.0780769176781177,0.0693010895345596,true,true
SEH1L,-0.1075053840875625,-0.4661016827478961,true,true
SEL1L,-0.0385696799826941,-0.2761014753439372,true,true
SEL1L2,0.1472557187080383,0.0025925438262553,true,true
SEL1L3,0.0222112014889717,-0.1678324419916021,false,true
SELE,-0.173619657754898,-3.157001284986201,true,true
SELENBP1,0.2439148128032684,0.4835743588368837,true,true
SELP,-0.0606908723711967,0.0819528378666496,false,true
SELPLG,0.0332943648099899,-0.5132499799672409,false,true
SEMA3A,-0.0251117311418056,-0.3011574476165119,true,true
SEMA3B,0.3302166014909744,0.1418158077729843,true,true
SEMA3C,-0.0376808121800422,0.1131549964697411,false,true
SEMA3D,0.072951418813318,0.4972872351496558,true,true
SEMA3E,-0.044412262737751,0.0026702154321152,false,true
SEMA3F,-0.1355016827583313,-0.8807442841731867,true,true
SEMA3G,0.0372096188366413,-0.110058567048425,false,true
SEMA4A,-0.1714159250259399,-0.3066510061481718,true,true
SEMA4B,-0.4886339902877808,-1.121529306372997,true,true
SEMA4C,0.172886312007904,-0.6196829918173421,false,true
SEMA4D,0.0610544979572296,0.1671636921161954,true,true
SEMA4F,0.187980143353343,0.0848987170334482,true,true
SEMA4G,0.0030194427818059,-0.0318696992972365,false,true
SEMA5A,0.1911359578371048,0.5760139589483337,true,true
SEMA5B,0.5969403088092804,0.1848407551887778,true,true
SEMA6A,0.2305620461702346,0.3391015782380268,true,true
SEMA6B,-0.2573755383491516,-1.559238371366558,true,true
SEMA6C,0.4160152971744537,0.2040364114359047,true,true
SEMA6D,0.4639828428626061,0.5016115308074997,true,true
SENP1,0.0173659672339757,0.0027017037659247,true,true
SENP2,-0.0197091578239841,-0.0107094674069094,true,true
SENP3,-0.0368060463108122,-0.3083440609818985,true,true
SENP5,-0.0539853344006197,-0.0220065545804191,true,true
SENP6,0.0400876856542059,0.2423723380834275,true,true
SENP7,0.1273796797863074,0.3030212608884239,true,true
SENP8,-0.0126918414607643,0.3758381781869151,false,true
SEPHS1,0.0088868809863924,0.0052707218331673,true,true
SEPHS2,-0.0606210902333259,-0.3950423563697507,true,true
SEPSECS,-0.0218296755105257,0.3297101234081707,false,true
SERAC1,0.0225628279149532,-0.1596860382130453,false,true
SERBP1,-0.1120972900784441,-0.1468898500649666,true,true
SERF2,-0.1033918354660272,-0.1104720893691446,true,true
SERGEF,0.036579504742154,0.0224204328131509,true,true
SERHL2,-0.0556198578327894,0.2784941380427014,false,true
SERINC1,-0.0296058431267738,0.0070928585439444,false,true
SERINC2,0.0628461092710495,-0.3627503545230003,false,true
SERINC3,-0.068304226600698,0.0654541941252189,false,true
SERINC5,0.1713169131960187,-0.0117323952780408,false,true
SERP1,-0.1220203399037321,-0.6262460205921636,true,true
SERP2,0.1160335727035999,0.2239045412911817,true,true
SERPINA3,-1.450464248657227,-3.321939837568455,true,true
SERPINB1,-0.1012784995138645,-1.087236226492294,true,true
SERPINB6,-0.0187531930084029,0.0172823809154145,false,true
SERPINB8,-0.2126525292793909,-1.168952843191082,true,true
SERPINB9,0.0041230795904994,-0.2021942692443581,false,true
SERPIND1,-0.0989247374236583,-0.0776178836778133,true,true
SERPINE1,-0.8686276078224182,-1.722902987603537,true,true
SERPINE2,0.4276268482208252,-0.6363908236826012,false,true
SERPINF1,-0.3116881847381591,0.0432684752869594,false,true
SERPINF2,-0.4253413379192351,-0.0665382376288507,true,true
SERPING1,-0.5088791251182556,0.1831086316543668,false,true
SERPINH1,-0.0082592777907848,-1.355186563524605,true,true
SERPINI1,0.3585153128951787,0.5347062981856445,true,true
SERPINI2,0.3681066334247589,-0.0446943588031132,false,true
SERTAD1,-0.0687734236319859,-0.7276451114214266,true,true
SERTAD2,0.1885569542646408,-0.0705946264411787,false,true
SERTAD3,-0.101308636367321,-0.5296454236511576,true,true
SERTAD4,0.6916800141334533,-0.2563054472296626,false,true
SESN1,-0.1111176621967128,1.007148923151082,false,true
SESN2,-0.0419556967681273,-0.3593315196708473,true,true
SESN3,0.3130814245502863,0.6060329749711217,true,true
SESTD1,-0.1549203551063934,0.1385652661770642,false,true
SET,-0.0886695593595504,-0.1408844293168982,true,true
SETBP1,0.1621511291180338,0.4635680097092032,true,true
SETD1A,-0.0345420878380537,-0.1162908440029055,true,true
SETD1B,0.0031783873215317,-0.0220917232888286,false,true
SETD2,0.0139659703043954,0.2249122823235376,true,true
SETD3,0.0748604255329285,0.0073062462559034,true,true
SETD4,0.0060778113082051,0.1768429723739939,true,true
SETD5,-0.0047466245346835,-0.1058906938004629,true,true
SETD6,-0.0852276682853698,-0.0262065132059534,true,true
SETD7,-0.0325022406876087,0.2303203003566469,false,true
SETD9,-0.1219120435416698,-0.003030958693285,true,true
SETDB1,-0.0095458634508152,0.0105391808278074,false,true
SETDB2,0.1394840919723113,0.360126046508487,true,true
SETMAR,-0.0445283696055412,1.013526283642969,false,true
SETX,0.0662370241646255,0.0467711932416987,true,true
SEZ6,-0.0452686659991741,-0.0181073030958569,true,true
SEZ6L,1.348417520523071,0.6724994111003576,true,true
SF1,-0.0318584588489362,0.0210343017386263,false,true
SF3A1,-0.1050595993176102,0.1185501350270827,false,true
SF3A2,0.018036750331521,-0.0487329144343418,false,true
SF3A3,-0.0805318690836429,-0.254725749821949,true,true
SF3B1,0.0654360388538667,0.1551848709407908,true,true
SF3B2,-0.0476704044267535,-0.1190139310435185,true,true
SF3B3,-0.028259890020958,-0.0477853599198585,true,true
SF3B4,-0.0281093124300241,-0.2248578739751678,true,true
SF3B5,0.0028596886986633,-0.2759483129324875,false,true
SFI1,0.0478344187140464,0.0363971722413776,true,true
SFMBT1,-0.047488474952323,0.0092704998760884,false,true
SFMBT2,0.1428836677223444,-0.1266850205692682,false,true
SFPQ,0.0472748097963631,-0.007339476933601,false,true
SFR1,-0.0411019176244735,-0.1626979836911921,true,true
SFRP1,0.5819481611251831,1.891855242933421,true,true
SFRP4,0.8242606520652771,1.225682347997084,true,true
SFSWAP,0.0180556575900741,0.0354674615836594,true,true
SFT2D1,0.0363990053068846,-0.275145707712805,false,true
SFT2D2,0.029837891459465,-0.1868004413860426,false,true
SFTPD,-0.2891719043254852,0.1757683206553641,false,true
SFXN1,-0.0208493383335215,-0.1595769911588371,true,true
SFXN2,0.0220617212355136,0.0060663848545453,true,true
SFXN3,0.0163098126649856,-0.3617255478516918,false,true
SFXN4,0.1127690970897674,0.0377804973223252,true,true
SFXN5,0.075472276036938,0.1209567503102961,true,true
SGCA,0.0983730554580688,0.659194071235574,true,true
SGCB,-0.080774406902492,-0.1628945953220588,true,true
SGCD,-0.218995600938797,-5.095545026574032,true,true
SGCE,-0.0202857802311579,0.3351588316013258,false,true
SGCG,0.0912314280867576,1.06669341676157,true,true
SGIP1,0.2654068112373352,0.6559509886347334,true,true
SGK1,-0.2248145043849945,-0.5488775261199645,true,true
SGK2,0.285119742155075,0.1139453285914904,true,true
SGK3,0.0553426102602056,-0.184453868444927,false,true
SGMS1,0.0487716804657663,-0.3737323723638335,false,true
SGMS2,-0.2381181478500366,-0.7772124514307359,true,true
SGPL1,-0.0014869791145126,-0.354932708958604,true,true
SGPP1,-0.0003912937162177,-0.3309128164001347,true,true
SGPP2,-0.3191044628620147,-0.1500154433064193,true,true
SGSH,-0.0188531754538416,-0.0305992044430305,true,true
SGSM1,0.2824359107762575,0.70794950958162,true,true
SGSM2,0.140439061820507,0.1798756780619199,true,true
SGSM3,-0.010713274590671,-0.0768504144324109,true,true
SGTA,0.0109045677818357,0.1251347859247014,true,true
SGTB,0.0093936771154403,0.0513585345375795,true,true
SH2B1,0.0544130158765862,0.4901964771683498,true,true
SH2B2,-0.0199492588872089,-0.6500988151089082,true,true
SH2B3,0.1355821192264556,-0.387073449919558,false,true
SH2D3C,0.0997312515974044,0.0264090002318071,true,true
SH2D4A,-0.1259358171373605,-0.1186958807190321,true,true
SH3BGR,0.1678075343370437,0.4334799784693572,true,true
SH3BGRL,0.1896723232098988,0.0105819646979439,true,true
SH3BGRL2,-0.0387554876506328,0.7502886877293957,false,true
SH3BGRL3,-0.1910334378480911,-1.324165421426799,true,true
SH3BP1,0.1864009052515029,-0.7545522513847087,false,true
SH3BP2,0.0941400080919265,-0.9096485386296806,false,true
SH3BP4,-0.1019680052995681,-0.1201070226164775,true,true
SH3BP5,-0.0454331472516059,0.3483841929540578,false,true
SH3BP5L,0.0570647465065121,-0.2300073874183068,false,true
SH3D19,-0.1119735714580331,0.314914367610033,false,true
SH3D21,0.3522991488377253,0.3417237908072534,true,true
SH3GL1,-0.0417879123240709,-0.5947662789888568,true,true
SH3GL2,0.0906646847724914,0.1364481614773287,true,true
SH3GLB1,-0.0618310379130499,-0.7191352933854968,true,true
SH3GLB2,0.1055063982494175,0.2118798121365399,true,true
SH3KBP1,0.107911287673882,0.1898614674266605,true,true
SH3PXD2A,0.0000284953663746516,-0.0540960533871532,false,true
SH3PXD2B,-0.0281687155365943,-0.3716384618623151,true,true
SH3RF1,-0.0551632046699523,-0.5208735144142124,true,true
SH3RF2,-0.2217013388872146,0.5556868733740487,false,true
SH3RF3,0.009260583402855,-0.3605708521931902,false,true
SH3TC1,-0.0793812796473503,-0.0476570765391275,true,true
SH3TC2,0.5352780818939209,1.100146726993844,true,true
SH3YL1,0.1872161373496055,0.387442328656347,true,true
SHANK2,0.1596171492710709,0.0806718014927239,true,true
SHANK3,0.0114280330017209,0.1265315615027415,true,true
SHARPIN,0.0101535812020301,-0.2173706251620455,false,true
SHB,0.0771994069218635,-0.1613225988097437,false,true
SHBG,0.0023954301141202,0.0945627419398194,true,true
SHC1,-0.0606148280203342,-0.6116403523968134,true,true
SHC2,0.0582359079271554,0.1361657586933771,true,true
SHC3,0.0876890830695629,-0.128821172766576,false,true
SHC4,0.1855356022715568,0.5692562035215168,true,true
SHCBP1,-0.2654022872447967,-0.3025412310990172,true,true
SHE,-0.1571976542472839,-0.4705937751194673,true,true
SHF,0.1053115092217922,0.4183208208269177,true,true
SHISA3,-0.96430242061615,0.8353950160796046,false,true
SHISA4,-0.0600038319826126,-0.3435789474415065,true,true
SHISA5,-0.084220402687788,-0.3267391562706532,true,true
SHISA6,0.0966164693236351,0.214617906479634,true,true
SHISA8,-0.2563686966896057,-0.0593576814163032,true,true
SHISA9,0.0565997846424579,-0.004870118900715,false,true
SHKBP1,-0.0028571453876793,-0.7159850479169584,true,true
SHMT1,0.0020531590562313,-0.0952948851644757,false,true
SHMT2,-0.0720029883086681,-0.4714307626618206,true,true
SHOC2,-0.048564193238105,-0.0802080353972129,true,true
SHOX2,0.0638151913881301,0.0189183247281352,true,true
SHPRH,0.070013956565942,0.373738073643532,true,true
SHQ1,-0.0355245620012283,0.1150642290779826,false,true
SHROOM1,0.1877989098429679,0.1436067257358361,true,true
SHROOM2,0.0276086553931236,-0.0028814820082099,false,true
SHROOM3,0.1019798219203949,0.2855597283173212,true,true
SHROOM4,-0.0937220677733421,0.2676100684687354,false,true
SIAE,-0.0619971305131912,0.3242741313181678,false,true
SIAH1,-0.0785909052938222,0.0400701424332079,false,true
SIAH2,-0.0857243571430444,0.0448642718785299,false,true
SIDT1,-0.0147148305550217,0.1025590456925961,false,true
SIDT2,-0.0628886828199028,0.0925972086973265,false,true
SIGIRR,0.0431097825057804,-0.6205206225429678,false,true
SIGLEC1,0.2157795429229736,-0.459600284499422,false,true
SIGLEC11,0.1625232100486755,-0.3510456400999096,false,true
SIGLEC15,-0.1541690677404403,-0.0076888527277646,true,true
SIGLEC7,-0.3575531840324401,-0.5929512637437339,true,true
SIGLEC9,-0.4911155104637146,-1.200640694507651,true,true
SIGMAR1,-0.0051743518561124,-0.3861029441524759,true,true
SIK2,-0.1203105965895312,-0.2588802229821256,true,true
SIK3,-0.1552523475672517,0.1773090795921463,false,true
SIKE1,-0.0413880040869116,-0.1678041897188613,true,true
SIL1,0.0318323664001322,-0.0515616762523349,false,true
SIMC1,0.0804956331849098,0.0355282207839897,true,true
SIN3A,-0.0217045628066573,0.0046946712961659,false,true
SIN3B,0.064287001825869,0.0792979424939845,true,true
SIPA1,0.0781244356185197,-0.4791159161838018,false,true
SIPA1L1,-0.3596076369285583,0.1676365698594233,false,true
SIPA1L2,0.1057973075658083,-0.074686019570672,false,true
SIPA1L3,0.1219489792627947,0.3619341310190318,true,true
SIRPA,0.0466089285910129,-0.6168016643990972,false,true
SIRPB2,-0.466129720211029,-0.5700792586545481,true,true
SIRT1,0.0175614004644254,0.0480516300823508,true,true
SIRT2,0.0850635252892971,-0.108775460989289,false,true
SIRT3,0.0559109523892402,0.5025150751771785,true,true
SIRT4,0.04501349106431,0.0691995900459725,true,true
SIRT5,0.1391267478466033,0.8032974112207842,true,true
SIRT6,-0.0402702723629772,-0.2259761025492623,true,true
SIRT7,-0.0740945592522621,-0.1291507969878751,true,true
SIVA1,-0.01613340228796,-0.3014324754802757,true,true
SIX4,-0.0276335105299949,0.2057554257743179,false,true
SIX5,0.11576290987432,0.0349979173242025,true,true
SKA2,-0.0125977232819422,0.2837298771872425,false,true
SKAP1,0.1050110608339309,0.0887764929111006,true,true
SKAP2,-0.0609227828681468,-0.4986763716136746,true,true
SKI,0.0420958672018189,-0.0067954035625739,false,true
SKIDA1,0.0206387192010879,-0.0914648934934895,false,true
SKIL,-0.1265049337719877,-0.1700029779055154,true,true
SKIV2L,0.0216782537754625,-0.1371717542347563,false,true
SKP1,-0.1694199927151203,0.1224556426215901,false,true
SKP2,0.2073661927133798,0.080033051640644,true,true
SLA,-0.428876057267189,-0.4305093042190193,true,true
SLA2,-0.2145341634750366,0.0103330334262797,false,true
SLAIN1,0.1300412826240062,0.3933777487691125,true,true
SLAIN2,-0.0048154062990631,0.2175575465029355,false,true
SLAMF1,0.0754982754588127,-0.5013609421002349,false,true
SLAMF6,-0.242424264550209,0.1435442572486194,false,true
SLAMF8,-0.118606224656105,-0.5985506661500772,true,true
SLBP,-0.0309232379309833,-0.2840293188519531,true,true
SLC10A1,-0.1486094519495964,0.0055389168029176,false,true
SLC10A3,-0.0468396618962287,-0.6491262767500076,true,true
SLC10A6,0.1543286815285682,0.3772717424715431,true,true
SLC10A7,-0.0291059469704383,0.1508093893936823,false,true
SLC11A1,-1.220468163490295,-0.9395954322621286,true,true
SLC11A2,-0.1539843678474426,-0.3096048695994593,true,true
SLC12A2,0.0385380983352661,-0.0577945584263948,false,true
SLC12A3,-0.1002279818058014,0.0020200878589109,false,true
SLC12A4,0.0185623439028859,-0.0652849902026968,false,true
SLC12A6,0.1229821286106016,-0.0218785002182904,false,true
SLC12A7,0.059812719374895,0.0987976069333313,true,true
SLC12A8,0.1165351495146751,-0.0080538380861472,false,true
SLC12A9,0.0303598597645759,-0.6026886107922095,false,true
SLC13A3,-0.0282230492681264,-0.2738160771277064,true,true
SLC13A4,-0.1248321044258773,0.0706842949866881,false,true
SLC14A1,0.0567035758867859,0.8384973054910327,true,true
SLC14A2,-0.1671345382928848,-0.001444870650124,true,true
SLC15A2,0.1974585503339767,0.4988103767443082,true,true
SLC15A3,0.2333700507879257,-0.5545529100843245,false,true
SLC15A4,-0.0050043173134326,0.1845737444194894,false,true
SLC16A1,-0.1229940205812454,0.3454013017284838,false,true
SLC16A10,-0.6071115732192993,0.2738315069142647,false,true
SLC16A12,-0.3754456341266632,0.4149386215101855,false,true
SLC16A13,0.0307905729860067,-0.0103111592717936,false,true
SLC16A14,0.2173294723033905,0.0715358307079088,true,true
SLC16A2,0.157939912751317,-0.2344832840409401,false,true
SLC16A3,-0.2483517795801162,-1.375483563101876,true,true
SLC16A4,-0.2144772678613662,0.2757937415860356,false,true
SLC16A5,0.0588663568099339,0.5940711474054272,true,true
SLC16A7,0.0270234905183315,0.4368613279386819,true,true
SLC16A9,0.5955998599529266,1.116769041499059,true,true
SLC17A5,-0.0478392863490929,-0.2776835155171122,true,true
SLC17A9,-0.1318121999502182,-0.4874920827965596,true,true
SLC18A2,-0.078305184841156,-0.0661716119646164,true,true
SLC18B1,0.4959836304187774,0.1158486563955816,true,true
SLC19A1,-0.0971587096573784,-0.4235239806560091,true,true
SLC19A2,-0.8945503830909729,0.3776016327936377,false,true
SLC19A3,-0.6054887175559996,0.0588630620730425,false,true
SLC1A1,-0.4276476204395294,0.0354304250206469,false,true
SLC1A2,-0.0655534217754999,-0.1517009574469141,true,true
SLC1A3,-0.0117899654433131,-0.0770854162311298,true,true
SLC1A4,0.1180625427514314,-1.185916826914688,false,true
SLC1A5,-0.5467844605445861,-0.707586546059401,true,true
SLC1A7,0.5373842120170593,0.0688360557207735,true,true
SLC20A1,0.0014534866437315,-0.8626533696670808,false,true
SLC20A2,-0.1547414660453796,0.3617300797099289,false,true
SLC22A1,-0.1443913877010345,-0.1184861833877882,true,true
SLC22A14,0.0527346096932888,-0.0486845227895356,false,true
SLC22A15,-0.1030303235165774,0.0832672014861057,false,true
SLC22A17,0.2492376714944839,-0.236503692731472,false,true
SLC22A18,0.0371554506321748,0.1160805822340311,true,true
SLC22A23,0.0176189541816711,0.3103898566993954,true,true
SLC22A3,-0.0207369234412908,0.0867065132854276,false,true
SLC22A4,-0.417957067489624,-0.8603380403129193,true,true
SLC22A5,-0.347381591796875,-0.8584082624315239,true,true
SLC22A7,0.033368244767189,0.0552577965799591,true,true
SLC23A1,-0.0222451165318489,-0.0499342341957934,true,true
SLC23A2,0.1142915673553943,0.089835790149856,true,true
SLC23A3,0.0570227839052677,-0.0535093963250806,false,true
SLC24A1,-0.0939635816961526,0.2367803262014504,false,true
SLC24A2,0.576835036277771,-0.0856203157068055,false,true
SLC24A3,0.0956199556123465,0.1370712158047505,true,true
SLC24A4,0.2406444996595382,0.038324140627834,true,true
SLC25A1,-0.0179096848393479,-0.1216336300289784,true,true
SLC25A11,-0.0346885204315185,0.7189802099956015,false,true
SLC25A12,0.0915127769112586,0.2504948474953794,true,true
SLC25A13,-0.065883796329477,0.3722224264806133,false,true
SLC25A14,0.0484645441174507,-0.0696562747584614,false,true
SLC25A15,0.1351823210716247,-0.292767157551633,false,true
SLC25A16,-0.1149312077711026,0.7419094588860977,false,true
SLC25A17,-0.0179341800200442,-0.2148557575532985,true,true
SLC25A18,-0.6411596536636353,0.364251023760722,false,true
SLC25A19,-0.1355069018900394,-0.554364677876924,true,true
SLC25A20,-0.1634961813688278,0.4134804896245336,false,true
SLC25A21,-0.0859671235084533,0.0070139304161595,false,true
SLC25A23,0.2060445100069046,-0.1045062321435095,false,true
SLC25A24,-0.0202187472799171,-0.2464530989966959,true,true
SLC25A25,-0.1602180960277716,-0.8993566785871833,true,true
SLC25A26,-0.0240707014288221,0.3855308279689273,false,true
SLC25A27,0.1034633139148354,1.212299190348075,true,true
SLC25A28,0.0286122739315032,-0.2937247256059984,false,true
SLC25A29,-0.2900905907154083,0.4849067721526285,false,true
SLC25A3,-0.0343783944845199,0.2292988250636369,false,true
SLC25A30,0.0798195004463195,1.339882876794855,true,true
SLC25A32,0.0142086004838347,-0.3735980837831096,false,true
SLC25A33,-0.0492728062905371,0.0632145181493193,false,true
SLC25A34,-0.0027892794460058,0.0781771135735636,false,true
SLC25A35,0.0125478605429331,0.1192225606649753,true,true
SLC25A36,0.000312497257255,0.5516775503565929,true,true
SLC25A37,-0.0752714443951845,0.0603376044352916,false,true
SLC25A38,-0.1469271145761013,0.2490886239534191,false,true
SLC25A39,0.0143689225893467,-0.4015924529690586,false,true
SLC25A4,-0.1759057790040969,-9.31375534242196,true,true
SLC25A40,0.1116484040394425,0.256506019049953,true,true
SLC25A41,0.0503400191664695,0.0453555422397379,true,true
SLC25A42,0.0302476465702056,0.2993013446105452,true,true
SLC25A43,0.0366962779468546,-0.475071822641449,false,true
SLC25A44,-0.120182728767395,-0.3415047458443818,true,true
SLC25A45,0.3639110215008258,0.4878960531828258,true,true
SLC25A46,0.0098744041946095,-0.2131794608054802,false,true
SLC25A5,-0.1831907361745834,0.0586757617895248,false,true
SLC25A51,-0.1187200885266065,-0.1993486646116462,true,true
SLC25A53,0.1025598347187042,-0.1382191680121934,false,true
SLC26A10,0.1601750440895557,0.2994372616803503,true,true
SLC26A11,0.2084752947092055,0.0590041307902466,true,true
SLC26A2,-0.2075911715626716,-0.4144603268220046,true,true
SLC26A4,0.166144462612768,0.2417001816120397,true,true
SLC26A6,0.0608978876844048,-0.162408056268207,false,true
SLC26A7,-0.1114594526588916,0.1376448713504691,false,true
SLC26A8,-0.0881470516324043,-0.0230045402116921,true,true
SLC26A9,-0.1105518788099288,1.050616605578856,false,true
SLC27A1,0.1169070154428482,0.5858512152304324,true,true
SLC27A3,0.1772756030162175,-0.3294104806076392,false,true
SLC27A4,-0.034374826401472,-0.8054505594211147,true,true
SLC27A5,0.0498881538709004,-0.0907984782399815,false,true
SLC27A6,0.1737346053123474,0.7016277206859831,true,true
SLC28A1,0.2796790897846221,0.266841312241887,true,true
SLC28A3,0.1195608451962471,-0.0371603430629767,false,true
SLC29A1,0.0592784062027931,0.2803879090713081,true,true
SLC29A2,-0.1687043607234954,0.1168092309704831,false,true
SLC29A3,0.4923754334449768,-0.0908357763507881,false,true
SLC29A4,0.1156383007764816,0.0165776866058223,true,true
SLC2A1,-0.2981166243553161,-0.4855505115480851,true,true
SLC2A10,0.334885835647583,-0.1203252275152924,false,true
SLC2A11,-0.0107367979362607,0.8934861306481015,false,true
SLC2A12,0.1192188113927841,1.000710451420202,true,true
SLC2A13,-0.0285713709890842,-0.3250103277855007,true,true
SLC2A14,-0.0273969061672687,-0.0145359445781376,true,true
SLC2A3,-0.081244360965987,-1.362455342472188,true,true
SLC2A4,-0.1462292671203613,0.6148242015900935,false,true
SLC2A4RG,0.2241436764597892,0.1683113756152101,true,true
SLC2A5,0.0859618037939071,-0.6899369109533271,false,true
SLC2A6,-0.0358187356032431,-0.8509224910504285,true,true
SLC2A8,0.1024125628173351,-0.2794468421503473,false,true
SLC2A9,-0.0484868250787258,-0.1045878409277853,true,true
SLC30A1,-0.0066687911748886,-0.0796409044287074,true,true
SLC30A10,-0.5843313336372375,0.0503919804837971,false,true
SLC30A2,0.2741313874721527,0.757193379743174,true,true
SLC30A3,-0.0601339600980281,0.22372288595882,false,true
SLC30A4,0.0226790277287363,-0.1040939998534395,false,true
SLC30A5,-0.0918680702646573,-0.199627953067488,true,true
SLC30A6,-0.0664515160024166,-0.0757750511685983,true,true
SLC30A7,-0.0772927143677536,-0.3140347627738284,true,true
SLC30A9,-0.0026331694264497,0.2209995617330635,false,true
SLC31A1,-0.2411386892199516,-0.4232391847895073,true,true
SLC31A2,-0.4276651442050933,-0.1747296917247571,true,true
SLC33A1,-0.1325434309740861,-0.1103476867126187,true,true
SLC35A1,0.0509888492524623,0.130949948458868,true,true
SLC35A2,-0.0343224965035915,-0.2987510111602191,true,true
SLC35A3,-0.0149299920137439,0.0220219169245474,false,true
SLC35A4,0.0457065142691135,-0.059353027458135,false,true
SLC35A5,0.0311998418532311,-0.0403893636178289,false,true
SLC35B1,-0.0602012775838375,-0.4514117075301529,true,true
SLC35B2,-0.0300329132781674,-0.350853729949252,true,true
SLC35B3,-0.0249508403241634,-0.0049612900166784,true,true
SLC35B4,-0.0598979491740465,-0.3749686857342116,true,true
SLC35C2,0.0503427494317293,-0.2001353340679608,false,true
SLC35D1,0.0764484106163893,0.0095052504911401,true,true
SLC35D2,-0.0089849881827831,0.0020834440382557,false,true
SLC35E1,-0.0562107142060995,-0.2271644054922883,true,true
SLC35E2B,0.0958673849701881,0.0918354672382588,true,true
SLC35E3,0.0917346850037574,0.1016814222451012,true,true
SLC35E4,-0.1193527784198522,-0.2710711569158472,true,true
SLC35F1,-0.0447437848895788,0.705493912409234,false,true
SLC35F2,-0.0084536286691824,-0.2189154843451319,true,true
SLC35F5,0.0505907705851963,-0.2511117396351574,false,true
SLC35G1,0.3373486995697021,0.237145822349337,true,true
SLC35G2,-0.0527311787009239,0.019943939459686,false,true
SLC36A1,-0.4197472035884857,-0.5468858513709962,true,true
SLC36A2,0.0211332347244024,-0.0366384208612829,false,true
SLC36A4,-0.2584195435047149,-0.7829944644320678,true,true
SLC37A1,0.1632823452353477,-0.0579576363555809,false,true
SLC37A2,0.2142285108566283,-0.6047576554581152,false,true
SLC37A3,-0.0447588471967416,-0.146457681349331,true,true
SLC37A4,0.0544307234231382,-0.5293253818099773,false,true
SLC38A1,-0.1701875478029251,0.0942002991574018,false,true
SLC38A10,0.0469661944856246,-0.1380476908091652,false,true
SLC38A11,0.2897135317325592,0.4136383297829344,true,true
SLC38A2,-0.1740791781672409,-0.9709886974096156,true,true
SLC38A3,0.2164105325937271,1.179361144726901,true,true
SLC38A4,-0.3054680675268173,0.0107729339465006,false,true
SLC38A6,0.3217601180076599,0.3588220012968468,true,true
SLC38A7,0.0757438465952873,0.0850564321022155,true,true
SLC38A9,0.0090019469082887,-0.0443188571857691,false,true
SLC39A1,-0.1614341497421264,-0.8096478835398786,true,true
SLC39A10,0.1540560739425321,-0.3350818268714905,false,true
SLC39A11,-0.1295616443135908,-0.1885185194357328,true,true
SLC39A13,-0.0822326074703596,-0.0624774942728594,true,true
SLC39A14,-0.1303612291812896,-0.6828146192379174,true,true
SLC39A3,-0.1059293076395988,-0.4532193016286303,true,true
SLC39A6,0.0752874251144627,-0.4430542793984679,false,true
SLC39A7,-0.0370538473129272,-0.4766091170333677,true,true
SLC39A8,-0.7332896590232849,-1.163747544382872,true,true
SLC39A9,0.0401922290080359,-0.0676355058751791,false,true
SLC3A1,-0.1294047608971595,0.0619499820223437,false,true
SLC3A2,-0.1624318599700927,-0.5278886772705254,true,true
SLC40A1,0.7472147345542907,0.752292292036794,true,true
SLC41A1,-0.1112454533576965,0.2803439209628448,false,true
SLC41A2,0.0863823938028265,-0.1601001327108089,false,true
SLC41A3,-0.0117049980908632,-0.1093655906635113,true,true
SLC43A1,-0.055379403134187,0.1436840349168404,false,true
SLC43A2,-0.043589986860752,-0.2158408723840072,true,true
SLC43A3,-0.0359796477481722,-0.8424072183279007,true,true
SLC44A1,-0.0171653162688016,0.0161963653038803,false,true
SLC44A2,0.0383221951446362,0.1349395667862065,true,true
SLC44A3,0.1170128360390663,-0.3284393258849824,false,true
SLC44A5,0.2577970623970031,0.1933917980909278,true,true
SLC45A1,-0.2330228127539157,-0.0658151500907992,true,true
SLC45A2,0.0577925965189933,-0.0387620428649705,false,true
SLC45A3,0.0787058621644973,-0.041343942112234,false,true
SLC45A4,0.1909129992127418,-0.3673200928028688,false,true
SLC46A1,0.2953967452049255,-0.0492288067453652,false,true
SLC46A3,0.1608457285910844,0.0901175161970582,true,true
SLC47A1,0.2559409737586975,0.4017768544779027,true,true
SLC47A2,0.1334191337227821,0.0009586911066037,true,true
SLC48A1,-0.0811629742383956,0.1416656704313057,false,true
SLC4A1AP,0.0466714462992968,0.2198757463217129,true,true
SLC4A2,-0.045424429513514,-0.6945715149004612,true,true
SLC4A3,-0.2037367224693298,-0.0514900905724307,true,true
SLC4A4,0.0445091947913169,0.3593605660842236,true,true
SLC4A5,0.0197129544802009,0.1330867646206431,true,true
SLC4A7,-0.1105769877987248,0.3041532168475891,false,true
SLC4A8,0.0274240896105766,0.0976336812881019,true,true
SLC50A1,0.044651603559032,-0.8179967702733788,false,true
SLC51A,-0.2076236382126807,-0.0099226389339024,true,true
SLC51B,-0.2215835452079772,0.0026194286755473,false,true
SLC52A2,-0.1149167895317077,-0.9563386961903828,true,true
SLC52A3,-0.5534722208976744,-0.2424262089521183,true,true
SLC5A1,-0.1516431868076324,0.5855805471366091,false,true
SLC5A10,-0.0468807518482208,0.0502550798507022,false,true
SLC5A2,0.062787689268589,0.0058023981593078,true,true
SLC5A4,0.1295439451932907,0.1301253296082562,true,true
SLC5A6,-0.108432000502944,-0.621491186702815,true,true
SLC5A9,-0.6080495715141296,-0.0261280574223065,true,true
SLC6A1,0.5889592766761779,0.5124363864398209,true,true
SLC6A12,0.2100401073694229,-0.0259342970455613,false,true
SLC6A13,0.094011828303337,0.5972454322565656,true,true
SLC6A16,-0.0094027994200587,0.1370848760932331,false,true
SLC6A4,0.0496643595397472,0.1578164396660208,true,true
SLC6A6,-0.1138133145868778,-1.092887486651879,true,true
SLC6A8,-0.1427715867757797,0.0522816539182935,false,true
SLC7A1,-0.1731613799929618,-1.013110885308136,true,true
SLC7A11,-0.0573476403951644,-0.1005112765206733,true,true
SLC7A14,-0.0251248721033334,0.0085272969244778,false,true
SLC7A2,-0.3866106383502483,0.0943593548941441,false,true
SLC7A5,-0.2482174734274546,-1.18013993010885,true,true
SLC7A6,-0.0726346224546432,0.535071262458779,false,true
SLC7A6OS,-0.1295115854591131,0.3067268904225253,false,true
SLC7A7,-0.0213875509798526,-0.9538535223098265,true,true
SLC7A8,-0.1016528755426406,0.8824961809113778,false,true
SLC7A9,0.0092212203890085,0.0248963468705793,true,true
SLC8A3,-0.1963068097829818,0.0283148314020146,false,true
SLC8B1,0.0432577465350429,-0.3649786742360587,false,true
SLC9A1,0.0956787668168544,0.1885560708535081,true,true
SLC9A2,0.0960105508565902,0.0198360611408684,true,true
SLC9A3,0.1161154434084892,0.005966671838472,true,true
SLC9A3R2,-0.2493698149919509,0.0807818185311068,false,true
SLC9A5,0.1380113400518894,0.064184092711767,true,true
SLC9A6,0.0095578266307711,-0.333060215614036,false,true
SLC9A7,-0.4816692098975181,-0.167754127285887,true,true
SLC9A8,-0.0170984901487827,0.1102028503801486,false,true
SLC9A9,0.2096825093030929,-0.1038742438833142,false,true
SLC9B1,0.1986239054240286,0.3077204318298887,true,true
SLC9B2,-0.1319661835829416,-0.2803323848336711,true,true
SLC9C1,0.336720734834671,0.0421551907007791,true,true
SLCO1A2,0.0968078002333641,0.0107076765151627,true,true
SLCO1C1,0.1999322324991226,-0.2685642648176735,false,true
SLCO2A1,-0.467038482427597,-0.7075367404092134,true,true
SLCO2B1,-0.0002940070990007,-0.2817329574108198,true,true
SLCO3A1,0.1352808283908026,-0.3639989897359239,false,true
SLCO4A1,-1.133872270584106,-0.2901025057506099,true,true
SLFN11,0.0393691919744014,-0.5025805786534043,false,true
SLFN12,0.0640014062325159,0.0526292031735551,true,true
SLFN12L,0.0568987987935542,0.0702713964820977,true,true
SLFN5,0.0268401987850666,-0.149693853663734,false,true
SLFNL1,-0.2077878925483673,0.0383648250024494,false,true
SLIRP,-0.133205944938319,0.0349384811486457,false,true
SLIT1,0.1027180589735508,-0.0324905181515855,false,true
SLIT2,0.227442592382431,0.0538507195892807,true,true
SLIT3,0.1578010022640228,0.3361052171960863,true,true
SLK,-0.0064643318099634,0.1540040591116005,false,true
SLMAP,-0.0161719545722007,0.8142270929641535,false,true
SLTM,0.0033186041483921,-0.0356704691417712,false,true
SLU7,-0.0511403270065784,0.241903443831549,false,true
SLX4,0.1186873242259025,-0.1100843605964416,false,true
SLX4IP,0.1265530109405517,0.2310090721468809,true,true
SMAD1,0.1075148610398173,0.1756512644523873,true,true
SMAD2,0.011529801679509,-0.0101603966624974,false,true
SMAD3,-0.0183936490544251,-0.0767460222332392,true,true
SMAD4,-0.0154802463948726,0.1433738136373721,false,true
SMAD5,0.0203815205798794,-0.6693351839765919,false,true
SMAD6,-0.2866211831569671,-0.3051225126123449,true,true
SMAD7,-0.1834058463573456,-0.2744097782774828,true,true
SMAD9,-0.3386970162391662,0.3542928851693469,false,true
SMAGP,0.0141544295474886,-0.3336795714683922,false,true
SMAP1,-0.0433461018172757,-0.0375262047610638,true,true
SMAP2,-0.1608705967664718,0.1589203531865548,false,true
SMARCA1,-0.0037255682051181,-0.2757957027753503,true,true
SMARCA2,0.1285909315837281,0.4962864245998295,true,true
SMARCA4,0.0256799863917487,-0.4510883446521485,false,true
SMARCA5,0.0220712542920539,0.1886686659837448,true,true
SMARCAD1,0.0451728752149002,0.1303777745648959,true,true
SMARCAL1,0.21560889929533,0.1369923188141775,true,true
SMARCB1,-0.0064751418928305,-0.1644645795137318,true,true
SMARCC1,0.0564161488520247,-0.688090917373962,false,true
SMARCC2,0.0095029124058783,0.3666708964291651,true,true
SMARCD1,0.0258529359535714,-0.1882265665831894,false,true
SMARCD2,-0.101965838111937,0.0699620457532175,false,true
SMARCD3,-0.0526538016274571,0.3181887785444157,false,true
SMARCE1,-0.0172821667045354,0.1087764754807674,false,true
SMC1A,-0.133534912019968,-0.2269817898888137,true,true
SMC2,-0.0561210848391055,0.1146791425514552,false,true
SMC3,-0.0317208561658238,-0.0126263534097263,true,true
SMC4,-0.0471777202827589,-0.0941556026314072,true,true
SMC5,-0.0840697903186082,0.1637740338091098,false,true
SMC6,-0.0061768900070871,0.2706532979173967,false,true
SMCHD1,-0.028005835201059,0.451614618334037,false,true
SMCO1,0.1264137774705886,1.353697401528395,true,true
SMCO3,-0.1905524879693985,0.1329045597406254,false,true
SMCO4,-0.0246559251099824,-0.4506734871763793,true,true
SMCR8,-0.0605829740137172,0.0198835562300132,false,true
SMDT1,-0.2282045841217041,0.0842536094439827,false,true
SMG1,-0.0222584793477186,-0.06447731680041,true,true
SMG5,-0.0459234163165092,0.1096290386926508,false,true
SMG6,0.0366455460233347,0.0960556613101495,true,true
SMG7,0.0474595943731921,0.141086150373074,true,true
SMG8,0.0319466963410377,0.1359982063937401,true,true
SMG9,0.0552435620687901,-0.2775549043217231,false,true
SMIM10,0.0821111425757408,0.20228396089221,true,true
SMIM12,-0.0688020562132199,-0.692353844541981,true,true
SMIM13,-0.0391879450529813,-0.1479918311368191,true,true
SMIM14,0.0020339765166378,0.1038203738561884,true,true
SMIM15,-0.1247459053993225,-0.1288671520070345,true,true
SMIM19,0.0130401901900768,0.2934609319628762,true,true
SMIM20,-0.0226066198665648,0.2060760736020892,false,true
SMIM3,-0.29593226313591,-0.1051625596678741,true,true
SMIM4,-0.1573059819638729,0.4550600234685351,false,true
SMIM5,-0.1896197348833084,0.652269869993356,false,true
SMIM7,0.022276935832841,0.3862925224384081,true,true
SMIM8,0.1407202333211898,0.3434570369834428,true,true
SMN1,0.0064785797148942,-0.0438542246425903,false,true
SMN2,-0.064769284799695,0.2574430300575433,false,true
SMNDC1,-0.0981602482497691,0.1767387087330774,false,true
SMO,0.3061387464404106,0.3189394182229972,true,true
SMOC2,0.9734968543052672,1.387109273174748,true,true
SMOX,0.0310217281803488,0.0038262691684574,true,true
SMPD1,-0.0138818711663285,-0.2156585777810224,true,true
SMPD2,-0.0823238566517829,-0.4026824065218264,true,true
SMPD4,0.0163749950006604,-0.2250395257943096,false,true
SMPDL3A,-0.1341843145589033,-0.109528890327287,true,true
SMPX,0.0358510054647922,0.4436996154783132,true,true
SMS,0.1696688205003738,-0.1121787657439155,false,true
SMTN,0.0883194630344708,0.2440182041788894,true,true
SMTNL2,-0.308666318655014,-1.004602479918755,true,true
SMU1,-0.0086266280462344,0.035851615941246,false,true
SMUG1,0.0344271423993632,-0.140948518803865,false,true
SMURF1,-0.0275059885877583,-0.0681544886699323,true,true
SMURF2,0.0566706261597573,-0.1541601039965598,false,true
SMYD1,-0.1350570172071456,0.0435271715717773,false,true
SMYD2,0.080781377851963,0.5043547274545643,true,true
SMYD3,0.0271076522767543,-0.1123572917452864,false,true
SMYD4,-0.045397145487368,-0.2919062658376327,true,true
SMYD5,0.1481165811419487,-0.0960621659741596,false,true
SNAI2,-0.3895465731620788,0.3969279207375326,false,true
SNAI3,0.0531989882389704,0.1059293199371509,true,true
SNAP23,-0.0952471603328983,0.0335522993265904,false,true
SNAP25,0.0143861258402466,-0.0155342488149596,false,true
SNAP29,0.0140752270817756,0.0425930949501682,true,true
SNAP47,0.2401079833507537,0.9333009814786236,true,true
SNAP91,0.0131178805604577,0.2509952837123691,true,true
SNAPC1,-0.0175793018192052,0.1278008099314966,false,true
SNAPC2,0.0346330590546131,-0.358722943657598,false,true
SNAPC3,0.0573211457314235,0.4310909534056501,true,true
SNAPC4,0.0975326644256711,0.0253713884125068,true,true
SNAPC5,-0.0287778498604893,0.4248352207298742,false,true
SNAPIN,-0.0726982433348894,0.1274531286077147,false,true
SNCA,-0.047830332070589,0.9840614917748626,false,true
SNCAIP,0.3775412142276763,0.2833135189785351,true,true
SNCG,-0.2692852914333343,-0.0591504299151348,true,true
SND1,-0.151608580989497,-0.2706665428115968,true,true
SNED1,-0.2379028946161269,0.166204544065037,false,true
SNF8,-0.0764676984399557,-0.1972545093449111,true,true
SNHG17,-0.1281401508798202,0.1891309189131509,false,true
SNIP1,-0.1014497894793748,0.1047619774553525,false,true
SNN,-0.0053874487057328,-0.373245723870744,true,true
SNPH,0.0793733373284339,-0.0679701270539254,false,true
SNRK,0.0354033607457365,0.1337624087147908,true,true
SNRNP200,0.0362451675658424,0.0636961191982639,true,true
SNRNP25,-0.1188718155026436,-0.072360481279861,true,true
SNRNP27,-0.1037269160151481,-0.0374809093689512,true,true
SNRNP35,-0.0825627606362104,-0.2279371213148322,true,true
SNRNP40,-0.051684832945466,-0.1667774568719755,true,true
SNRNP48,0.0490196160972118,-0.1709297459056125,false,true
SNRNP70,0.0536212725564837,0.0940970221846217,true,true
SNRPA,-0.0995913752354681,-0.2854843366683632,true,true
SNRPA1,-0.0896757878363132,0.0410428808574113,false,true
SNRPB,-0.107633196376264,-0.9603929492355654,true,true
SNRPB2,-0.0851047351956367,-0.1967854495448841,true,true
SNRPC,-0.0922101385891437,0.1141531680660241,false,true
SNRPD1,-0.2009228199720382,-0.4733304859729243,true,true
SNRPD2,-0.1161777481436729,-0.1958946537937187,true,true
SNRPD3,-0.0283460903912782,0.1829339753386243,false,true
SNRPE,-0.1567033194005489,0.0790482305900901,false,true
SNRPF,-0.1024065025150776,-0.4393830832693539,true,true
SNRPG,-0.1973216623067856,-0.6481385923727103,true,true
SNRPN,0.2662001550197601,-7.466218244599925,false,true
SNTA1,-0.0683820992708206,0.4436906502278645,false,true
SNTB1,0.3093942563448633,0.1967646671795859,true,true
SNTB2,-0.0231519507776413,-0.1030643395057273,true,true
SNTG1,0.0290182065218686,-0.0006564237128565,false,true
SNTG2,-0.1994700324721634,0.1121390356485229,false,true
SNUPN,0.0989347420632839,0.1048262883042436,true,true
SNW1,-0.0513781969036374,0.0643810564630369,false,true
SNX1,0.0080866771084921,-0.0242416853672455,false,true
SNX10,0.0274082478135824,-0.6073103991383723,false,true
SNX11,-0.0621716743335127,-0.3318068402763483,true,true
SNX12,-0.0280036032199859,-0.097483920424819,true,true
SNX13,-0.0562549523643351,0.5085432917320487,false,true
SNX14,0.0719647902463163,-0.0817147636932209,false,true
SNX15,0.0917571162184079,-0.3096365941397647,false,true
SNX16,-0.0649500451982021,-0.0025784283553571,true,true
SNX17,-0.0476540483534335,-0.3068298189448261,true,true
SNX18,0.0903054315596818,-0.3177514551501681,false,true
SNX19,-0.0434696969265739,0.1902486875292428,false,true
SNX2,0.053447101265192,-0.1287133077481237,false,true
SNX20,0.037382073700428,-0.4647966598273607,false,true
SNX21,-0.0311524026619736,0.0787440657347822,false,true
SNX22,-0.2311142235994339,-0.267490555171217,true,true
SNX24,-0.0086739920079708,-0.0632128884293448,true,true
SNX25,-0.103599370590278,0.0380042104151709,false,true
SNX27,-0.0179427337522308,0.080994743908012,false,true
SNX29,0.2069355100393295,0.151530315899794,true,true
SNX3,-0.1027112944672505,0.0984483771716542,false,true
SNX30,0.1743042320013046,-0.0017036035003303,false,true
SNX31,-0.0250435192137956,-0.0063817430017492,true,true
SNX32,-0.1151921600103378,-0.0327045227642156,true,true
SNX33,-0.0218773487576982,0.167075943359912,false,true
SNX4,0.0265837437140622,-0.273152398661709,false,true
SNX5,-0.0095078205689787,-0.1688053895302115,true,true
SNX6,0.0263031778324927,-0.253477335754777,false,true
SNX7,-0.0939534053206443,-0.1046060330887432,true,true
SNX8,0.0003240524383727,-0.1003697942945143,false,true
SNX9,-0.0700818920241934,-0.2305307906138085,true,true
SOAT1,-0.0564387707660595,-0.5036978748751019,true,true
SOBP,0.1207212969660758,0.2004880156299759,true,true
SOCS2,0.0763778216205537,0.7441329847673906,true,true
SOCS3,-0.5402545928955078,-3.318854801781092,true,true
SOCS4,-0.1869904458522796,-0.0027668727800636,true,true
SOCS5,-0.1984472721815109,-0.238477980110034,true,true
SOCS6,-0.0325661422684788,-0.2162509815727315,true,true
SOCS7,0.1444312234719594,0.2782227434698558,true,true
SOD1,-0.0387006256729364,0.3109927260560212,false,true
SOD2,-0.2127386269470056,-0.1422536077805922,true,true
SOD3,0.0157563891261815,0.4684687219507317,true,true
SOGA1,0.0891160350292921,-0.3068542362258752,false,true
SOHLH2,0.1466319262981414,0.0587403145774655,true,true
SON,-0.0025654045332755,0.2453654055517882,false,true
SORBS1,-0.0733879283070564,-6.925857777397529,true,true
SORBS3,0.0631711197396119,0.1763768527086231,true,true
SORCS1,-0.4476343989372253,0.2010915179438016,false,true
SORCS2,0.1327323019504547,0.0219078846709126,true,true
SORCS3,-0.0614978335797786,-0.0188570119761196,true,true
SORD,0.0685865844910343,0.0171097945944436,true,true
SORL1,-0.0372876599431037,0.373176483366604,false,true
SORT1,-0.3066195547580719,-1.832248966699547,true,true
SOS1,0.0711508920150143,0.0356997837368071,true,true
SOS2,0.0212996961282832,0.3248540526010659,true,true
SOX10,-0.0336046516895294,-0.2502834515372794,true,true
SOX11,0.140504390001297,-0.3358548824668464,false,true
SOX12,0.1834015026688575,-0.2987833138138662,false,true
SOX13,0.0438592340797185,-0.0119811122457704,false,true
SOX17,-0.2383786290884017,-0.1107759574685887,true,true
SOX18,-0.3591999113559722,-0.7457110242588842,true,true
SOX4,0.2257050862535834,-0.269701413871197,false,true
SOX5,-0.1047505736351013,0.3201348511758148,false,true
SOX6,0.105762168765068,1.002237782657427,true,true
SOX8,0.4341645836830139,0.0385603793413566,true,true
SOX9,-0.0712862238287925,0.3408795344511066,false,true
SP1,-0.03340967077141,0.0334435499222771,false,true
SP100,0.0353661967175347,-0.1401495013925186,false,true
SP110,0.2241497160866856,-0.4783304275132263,false,true
SP140,0.0125155178830027,-0.09758881988052,false,true
SP140L,0.0538369839390118,-0.1934757569560841,false,true
SP2,0.03081407668069,0.2310756631180439,true,true
SP3,0.0152083310697759,-0.0640889611290207,false,true
SP4,0.086115940873112,0.2466846311866217,true,true
SPA17,-0.0855639539659023,-0.0874990706399432,true,true
SPAG1,-0.2622681945562362,0.1772513824462898,false,true
SPAG16,-0.0493554527250429,0.5875515877930825,false,true
SPAG7,-0.0637694656848907,0.3558571272163373,false,true
SPAG8,0.1424955278635025,0.54008030421153,true,true
SPAG9,-0.0415381821138518,-0.0131762305580229,true,true
SPARC,-0.0319224968552589,-0.2159351601353138,true,true
SPARCL1,-0.3826783065285001,0.400091836961467,false,true
SPAST,0.0647491269877978,-0.1382659171287046,false,true
SPATA13,-0.0178799089044332,-0.2443200338007809,true,true
SPATA17,-0.2476565837860107,0.0512693287211586,false,true
SPATA18,0.4430489540100097,0.2354791200083029,true,true
SPATA2,-0.1978089213371276,-0.1420289347728966,true,true
SPATA20,0.063245597993955,0.4845365900204576,true,true
SPATA21,-0.1739161945879459,-0.0009666635454006,true,true
SPATA22,0.0488105937838554,0.1610188365725973,true,true
SPATA24,-0.0848182365298271,0.4114956841495747,false,true
SPATA2L,-0.0406223634878794,-0.4959378642744513,true,true
SPATA33,0.0320411802579959,-0.1132406488888773,false,true
SPATA5,-0.0317560591335807,-0.0441092992561564,true,true
SPATA5L1,-0.0161591175943613,0.2763310720213669,false,true
SPATA6,-0.1060909479856491,0.4968771749663143,false,true
SPATA6L,-0.0329699758440256,0.2500536216911798,false,true
SPATA7,0.1312052816152572,0.3601334459736205,true,true
SPATA9,0.0573397353291511,0.0586913848021632,true,true
SPATC1,-0.2223025113344192,-0.0016333556015096,true,true
SPATC1L,-0.0393742993474006,-0.1803502566720118,true,true
SPATS2,-0.074254847325695,0.1242056100834947,false,true
SPATS2L,0.1815559466679891,0.3248469249767227,true,true
SPC24,-0.1454559564590454,-0.6923434381891665,true,true
SPC25,-0.4934537708759307,-0.2243362202526945,true,true
SPCS1,-0.1039543613791465,-0.0586770134598788,true,true
SPCS2,-0.1761881325926099,0.0241446725453676,false,true
SPCS3,-0.1453614801168441,-0.6415991045110995,true,true
SPDL1,0.000619777245447,-0.4004910200475029,false,true
SPDYE1,-0.14103764295578,-0.0011483472041235,true,true
SPDYE2,-0.0948665682226419,0.0003536654465933,false,true
SPECC1,0.1136579290032386,0.5410143129515554,true,true
SPECC1L,0.0460355550582919,0.3333796279260292,true,true
SPEF2,0.1261140154674649,0.604823796263471,true,true
SPEG,-0.0362531933933496,0.0906129337276908,false,true
SPEN,-0.03372451875891,0.1068402384684055,false,true
SPESP1,0.1908841401338577,-0.0036834623602117,false,true
SPG11,0.0293997798913291,0.1034873069551078,true,true
SPG21,-0.0163341562263667,-0.2309579296140711,true,true
SPG7,-0.0358380526304245,-0.0062072768576744,true,true
SPHK2,-0.0071690611541271,-0.0057900864193816,true,true
SPHKAP,0.1005454435944557,0.9267370804609766,true,true
SPI1,0.0635686814785003,-1.388517494173271,false,true
SPICE1,0.0716351550072431,0.1983642261624973,true,true
SPIDR,-0.0433708207814821,-0.0350779474391762,true,true
SPIN1,0.1402352166672547,0.2848509296977219,true,true
SPIN2A,-0.0498808957636356,-0.0133892545459609,true,true
SPIN2B,0.0302786982307831,0.2098727960207496,true,true
SPIN3,0.0290623415261507,0.3374147808046956,true,true
SPINK1,0.1130983605980873,-0.2530223285634047,false,true
SPINK5,-0.052755668759346,0.1476397459308705,false,true
SPINK9,0.1021286994218826,0.1547008234783197,true,true
SPINT2,-0.085860638320446,0.1124954631584058,false,true
SPIRE1,-0.0320197654267152,0.1018979586637502,false,true
SPIRE2,0.1070832200348377,-0.0475789647514115,false,true
SPNS1,0.0143603906035423,-0.5355471957952691,false,true
SPNS2,-0.3808757960796356,-1.180460740179967,true,true
SPNS3,0.1408468186855316,0.1376822728790566,true,true
SPOCK1,-1.065735816955566,0.2491048058617706,false,true
SPOCK2,-0.069767028093338,0.4406303304994629,false,true
SPOCK3,-0.0440133139491081,0.0666690714942451,false,true
SPON1,-0.2231400609016418,0.0282739340474735,false,true
SPON2,0.1764962375164032,0.1650210574591404,true,true
SPOP,-0.0125347984555576,0.0055199884062107,false,true
SPOPL,0.0776003639080694,0.0593752578755291,true,true
SPP1,-0.1211482882499694,-4.035176377978748,true,true
SPPL2A,-0.0494675311659063,-0.3964032907357442,true,true
SPPL2B,0.0314607007429003,0.1225373165830796,true,true
SPPL3,0.0725117022437708,0.2700388470258499,true,true
SPRED1,0.0893338757256666,-0.528446141825642,false,true
SPRED2,0.0613967018822828,0.4755959899479069,true,true
SPRED3,0.0637369900941848,-0.3692013663038132,false,true
SPRTN,-0.1284574776887893,-0.0708540130743524,true,true
SPRY1,0.0148643124848604,0.0378576292537995,true,true
SPRY2,-0.0126575840016206,0.4390480568032448,false,true
SPRY4,0.0063846195116639,0.2193165680560254,true,true
SPRYD3,-0.039503464475274,-0.1610578447196271,true,true
SPRYD4,0.0298714600503444,0.1821012011533111,true,true
SPRYD7,0.0117286067456007,0.1257887030205298,true,true
SPSB1,-0.4406239688396453,-0.0771915833774494,true,true
SPSB2,-0.1187531296163797,-0.1386385999743822,true,true
SPSB3,-0.0375626284346383,0.1087603410569166,false,true
SPSB4,0.6034058332443237,0.0818957265905841,true,true
SPTAN1,0.0515327038509505,0.5265404574186884,true,true
SPTB,0.084525279700756,-0.2423161976029879,false,true
SPTBN1,-0.0069547847046383,-7.663158854750447,true,true
SPTBN2,-0.059835635125637,-0.0483638112523156,true,true
SPTBN4,0.1245644390583038,0.2690144130418085,true,true
SPTBN5,0.0770471990108489,-0.157982463979536,false,true
SPTLC1,0.0167195416122142,-0.21754497395573,false,true
SPTLC2,-0.3351453840732574,-0.1115549729622316,true,true
SPTLC3,0.1131537780165672,0.0051016690345291,true,true
SPTY2D1,-0.076227755844593,-0.3150590374869355,true,true
SQLE,0.0519652580842375,-0.61569562079847,false,true
SQSTM1,-0.0675699642327215,0.2599060321014965,false,true
SRA1,-0.1301846798043698,0.2635969417972798,false,true
SRBD1,0.01096053195319,0.2966113686454736,true,true
SRC,-0.0679433941841125,-0.2858652024067709,true,true
SRCAP,-0.0633906299248337,-0.1661201015663067,true,true
SRCIN1,0.4404407739639282,0.180343368775042,true,true
SRD5A1,0.2220119416713714,-0.0989831137476751,false,true
SRD5A3,0.0719770792871713,-0.7250840599840775,false,true
SREBF1,-0.1437510088086128,-1.025956895700833,true,true
SREBF2,0.115370020237086,0.0888764353896096,true,true
SREK1,-0.0320399515330791,0.2730843950267298,false,true
SREK1IP1,-0.0399933552369475,0.0794783404713119,false,true
SRF,-0.192311555147171,-0.1425370264191476,true,true
SRFBP1,-0.0871893647126853,-0.1945419793702707,true,true
SRGAP1,-0.0364632358153661,-0.3024731770884019,true,true
SRGAP2,-0.1707086563110351,0.2230521833715633,false,true
SRGAP3,0.137242168188095,0.6678297059740586,true,true
SRGN,-0.1144868806004524,-0.8462810871711727,true,true
SRI,-0.0692463897168636,-0.1733811272218845,true,true
SRL,-0.1226121112704277,-0.0626925424164745,true,true
SRM,-0.1511971927247941,-0.3954254967085022,true,true
SRP14,-0.0984621133655309,0.094614373224541,false,true
SRP19,-0.1284258527060349,-0.5578032751079202,true,true
SRP54,-0.0141625880662884,-0.0711148778125911,true,true
SRP68,-0.0554222304373979,-0.0381783613962025,true,true
SRP72,-0.0316764150823776,-0.3193704105044945,true,true
SRP9,-0.1412957951426506,0.1079571625897495,false,true
SRPK1,-0.0491903616348281,-0.1215003780497134,true,true
SRPK2,-0.0095407245015459,-0.1895489613950402,true,true
SRPK3,0.1737202852964401,0.489203871012366,true,true
SRPRB,-0.088921420276165,-0.5088651182269932,true,true
SRPX,-0.6457513570785522,-0.215930366022718,true,true
SRPX2,-0.3189499676227569,-0.0326820060699613,true,true
SRR,-0.01366305523552,0.0761218967222485,false,true
SRRD,0.083953196182847,-0.0074705688049023,false,true
SRRM1,0.0255847471500081,0.2120190721938537,true,true
SRRM2,0.0252264204568096,0.2944986843568617,true,true
SRRM3,0.0197045961394906,-0.1229940452931499,false,true
SRRM4,0.2083092927932739,0.2163851998757492,true,true
SRRM5,-0.0588775873184204,0.0034665423762654,false,true
SRRT,-0.0168468885123729,-0.1635996869143316,true,true
SRSF1,-0.0038280034703867,0.0415924136066703,false,true
SRSF10,-0.0459169303067028,-0.1052567586006532,true,true
SRSF11,-0.0194231335605893,0.1003911541857638,false,true
SRSF12,-0.1015637153759598,-0.155723147292503,true,true
SRSF2,-0.1159844345280102,-0.4046881098268455,true,true
SRSF3,-0.1451619345073898,0.0282199935074034,false,true
SRSF4,-0.063033484720758,-0.1033739358803931,true,true
SRSF5,0.062424311547407,0.6054184195844101,true,true
SRSF6,0.0304135976359248,0.0535269545767276,true,true
SRSF7,-0.0360980023230825,-0.2118819798546542,true,true
SRSF9,-0.0764509599655866,-0.4420208589992413,true,true
SRXN1,0.2387693226337432,-0.8282553159423748,false,true
SS18,0.0043613164286528,0.1527920226852241,true,true
SS18L1,-0.0439633086323738,0.0822132471806829,false,true
SS18L2,-0.1563182920217514,-0.1837421773102936,true,true
SSB,-0.0332235133488817,-0.1230352598319175,true,true
SSBP1,-0.0361652392894029,-0.1741416711315206,true,true
SSBP2,-0.0767664963911686,-0.053998120457849,true,true
SSBP3,0.0918065426605088,-0.3439347908009988,false,true
SSBP4,0.014441455155611,-0.7046324598376295,false,true
SSC5D,0.7388906478881835,0.6410170642417403,true,true
SSH1,0.0853148717433214,-0.1546736102266432,false,true
SSH2,-0.0462832897901535,0.0843493166987854,false,true
SSH3,0.0593142751604318,0.1304222943383082,true,true
SSNA1,-0.1524810312315821,-0.2626811332595684,true,true
SSPN,0.2683498859405517,0.6929143403944779,true,true
SSR1,-0.0564114888198673,-0.6530800385954105,true,true
SSR2,-0.0944910679012536,-0.4492418289055875,true,true
SSR3,-0.1765618652105331,-0.4786688046150704,true,true
SSR4,0.0030153665691614,-0.1280587090328042,false,true
SSRP1,-0.0341251750942319,-0.3819736103038926,true,true
SSSCA1,-0.1445406079292297,-0.5101654106298383,true,true
SSTR2,-0.5941138863563536,-0.5080572666195333,true,true
SSU72,-0.113431167602539,-0.4502065183126582,true,true
SSUH2,0.0034823566675186,0.4466885293190391,true,true
SSX2IP,0.3647063970565795,0.0638334800696269,true,true
ST13,0.0576685052365064,0.2688314289573829,true,true
ST14,-0.2647704184055328,-0.8647584402642174,true,true
ST18,-0.2331796139478683,-0.0544422035636517,true,true
ST3GAL1,-0.2218504964063564,-0.0463938100193423,true,true
ST3GAL2,0.0952782308948891,-0.6334750530344543,false,true
ST3GAL3,0.0506538623677832,0.4378913543136353,true,true
ST3GAL4,0.0932445921003818,-0.2673253232254788,false,true
ST3GAL5,-0.1103550468881924,-0.2178179102582507,true,true
ST3GAL6,0.0898705124855041,-0.0174657325478362,false,true
ST5,0.2252881390353044,-0.062018700717259,false,true
ST6GAL1,0.3166111814124243,-0.0508914185096065,false,true
ST6GAL2,0.2804581522941589,-0.1320806098746307,false,true
ST6GALNAC1,-0.0857614651322364,0.2317442653686079,false,true
ST6GALNAC2,-0.0307654868811368,-0.095654470511689,true,true
ST6GALNAC3,-0.4150243997573852,-0.1588915091582272,true,true
ST6GALNAC4,0.0624574869871139,0.0999223992250599,true,true
ST6GALNAC6,0.0271071423776447,0.1322037870889118,true,true
ST7,-0.1109308004379272,0.012780020187384,false,true
ST7L,-0.0249511861475184,0.1237345092257968,false,true
ST8SIA1,0.1994700133800506,-0.1971172424632243,false,true
ST8SIA2,0.6059565544128418,0.7358058033359566,true,true
ST8SIA4,-0.0911886245012283,-0.6061579917795096,true,true
ST8SIA5,0.3794970512390136,0.4741394152537877,true,true
ST8SIA6,0.0009714703192003,0.1112516527058047,true,true
STAB1,-0.0417226403951644,-0.7623690815861534,true,true
STAC,0.5431066155433654,0.1065854921231608,true,true
STAC3,-0.0954800769686698,-0.2006180632592091,true,true
STAG1,-0.0680405274033546,-0.0460982153772295,true,true
STAG2,-0.0064554785245231,0.1340407421743261,false,true
STAG3,-0.0971863823942839,0.0479504609762109,false,true
STAM,-0.0535110185543695,0.1859669352891555,false,true
STAM2,0.0724160846854959,-0.1439163005066794,false,true
STAMBP,0.0366078686589996,0.0724362468434853,true,true
STAMBPL1,0.1544565308306898,0.0673160949895763,true,true
STAR,-0.0117855817079544,-0.1333858629785616,true,true
STARD13,-0.0353575501524444,0.3863213948143822,false,true
STARD3,0.0597438831813633,-0.4221907009877212,false,true
STARD3NL,-0.0227955559268593,-0.4208058317388947,true,true
STARD4,-0.0918392737706502,-0.2438415852484801,true,true
STARD5,0.1572853177785873,0.0961696808406034,true,true
STARD7,-0.4034501910209655,-0.4998865067540627,true,true
STARD8,-0.0102018155157566,0.4060607655357708,false,true
STARD9,0.134380078209298,0.4309310911318013,true,true
STAT1,0.1874688537791371,-0.4131550080782222,false,true
STAT2,0.1670950070023536,-0.1320014388287345,false,true
STAT3,-0.2429468078272683,-1.271722938265646,true,true
STAT4,-0.1275420486927032,0.9014199426838662,false,true
STAT5A,-0.0613952619023621,-0.2543990199341568,true,true
STAT5B,0.0390908651586089,0.0768458647914669,true,true
STAT6,-0.0379480892526251,-0.2621696915498601,true,true
STAU1,-0.0181536409072577,0.0372927958251816,false,true
STAU2,-0.0107783592705215,0.2859113424635673,false,true
STC1,-0.1275772899389267,-0.0108192323739442,true,true
STC2,-0.0525486506521701,-0.1914630475000551,true,true
STEAP1,0.1236676722764968,-0.6246140661848371,false,true
STEAP1B,-0.0182026550173759,-0.1649397541756485,true,true
STEAP2,0.113900251686573,0.372750137213881,true,true
STEAP3,-0.520591139793396,-1.115392363289095,true,true
STEAP4,-0.4040668606758117,-0.91343297420936,true,true
STIL,0.1158426366746425,-0.164785387875101,false,true
STIM1,-0.0050328918067472,-0.0969599915649088,true,true
STIM2,0.141737246265014,-0.1857757462760854,false,true
STIP1,-0.0171984560787677,-0.2333779089208398,true,true
STK10,0.1551088243722915,-0.4210830603122524,false,true
STK11,-0.0008231535553932,-0.2031656994663912,true,true
STK11IP,-0.0140331943208972,-0.1326500708695379,true,true
STK16,0.0559495277702808,-0.0606593596418592,false,true
STK17A,0.0222277641296386,-0.6645603406396705,false,true
STK17B,-0.1361285261809825,0.1883089076942101,false,true
STK19,-0.057821687683463,-0.3055674656272428,true,true
STK24,-0.0199577667683895,-0.1061971076652668,true,true
STK25,0.0079056907445192,-0.0624042395650246,false,true
STK3,-0.0815007366639162,-0.2797638942912645,true,true
STK31,0.0534545183181762,0.019128985591282,true,true
STK32A,0.3134307563304901,0.0279867765657506,true,true
STK32B,0.0277919468935578,-0.0830283323006822,false,true
STK32C,0.0256520519033074,-0.1747972736490561,false,true
STK33,0.0455133952200412,0.5239591747615262,true,true
STK35,-0.0385135443881153,-0.2091063766663072,true,true
STK36,0.1255608722567558,0.0719440207263011,true,true
STK38,-0.0469424990005791,-0.0327307229661251,true,true
STK38L,0.0191035034755865,0.4052399210683566,true,true
STK39,-0.2980633974075317,-0.0231927242694687,true,true
STK4,-0.2450575977563858,-0.0613476593600119,true,true
STK40,0.0103806120653947,-0.6343046163380203,false,true
STMN1,0.1218450963497162,0.1832028554960709,true,true
STMN3,0.0563014857470989,-0.3910459364176996,false,true
STOM,0.0017775445012375,-0.4173764233420191,false,true
STOML1,0.0920118317008018,-0.3100750816759823,false,true
STOML2,-0.0797182284295558,-0.1464951500603159,true,true
STON1-GTF2A1L,-0.183532697148621,-0.1417079445942185,true,true
STON2,0.2834586165845394,0.5710710000696406,true,true
STOX1,-0.5753379464149475,0.0883168866726547,false,true
STOX2,0.1317647993564605,0.6399950486928385,true,true
STPG1,0.0147915203124284,0.0584933284149913,true,true
STPG2,0.0748290717601776,0.0842782812972639,true,true
STRADA,-0.0051747786097361,-0.0337119613799239,true,true
STRADB,0.0237743407487869,-0.0182073612011635,false,true
STRAP,-0.1573612627883752,-0.3644211778864754,true,true
STRBP,-0.2044423073530197,0.0843100790521358,false,true
STRIP1,0.1223338648676872,0.0517526331427187,true,true
STRIP2,0.0220067519694566,-0.4788429321316702,false,true
STRN,0.039935003966093,-0.0110767923703862,false,true
STRN3,-0.1142623541610581,0.1196736767228943,false,true
STRN4,-0.0220107488334178,-0.2140231607873781,true,true
STS,-0.0827606981620192,-0.064505259900117,true,true
STT3A,-0.0224355835467576,-0.459086766260742,true,true
STT3B,-0.0148935900735003,-0.0534048319732356,true,true
STUB1,0.0192983709275722,-0.0508508661922464,false,true
STX10,0.0694052767008543,-0.2654440385915344,false,true
STX11,-0.1942329704761505,-0.5052269823012083,true,true
STX12,-0.0805686584540775,-0.4214324814033161,true,true
STX16,0.0831346948231969,0.4678191759676471,true,true
STX16-NPEPL1,-0.1181728020310402,0.275900031393317,false,true
STX17,0.0405880912606205,0.1454224790643463,true,true
STX18,-0.0146420838843498,-0.2703282174216696,true,true
STX19,-0.2336880738536516,0.1607801761264864,false,true
STX1A,0.0558364987373351,-0.1578130842379634,false,true
STX2,-0.0438412893563508,-0.3241522743618525,true,true
STX3,-0.0582630628719925,-0.0216984649486997,true,true
STX4,0.0513117999769747,-0.3889036932934857,false,true
STX5,-0.0656609383101264,-0.2876018335755148,true,true
STX6,0.0596783999353647,-0.052967814617181,false,true
STX7,0.1680051684379577,0.115496739104195,true,true
STX8,0.0528977241899286,0.0462575500316146,true,true
STXBP1,-0.0193549055606126,0.2042389059713936,false,true
STXBP2,-0.2454948127269744,-0.8987627489994798,true,true
STXBP3,-0.0333617161959409,-0.2490529388376328,true,true
STXBP4,-0.0756848026067018,0.1962644046771824,false,true
STXBP5,0.0740566949659426,0.0088880461605636,true,true
STXBP6,-0.094483345746994,-0.2652248261848448,true,true
STYX,-0.0007251576520502,0.0339030654221104,false,true
STYXL1,0.1510750129818916,0.1537026691518188,true,true
SUB1,-0.0211086639513572,0.0074069500676889,false,true
SUCLA2,-0.0730892033981425,0.4291903033793946,false,true
SUCLG1,-0.1098198890686035,0.3023602479515812,false,true
SUCLG2,-0.029022832800235,0.4934270638672835,false,true
SUCO,0.0725424555795533,-0.3852529989562625,false,true
SUDS3,-0.0072939962148666,0.0293310046890691,false,true
SUFU,0.1631089156227452,0.0230878435003627,true,true
SUGP1,0.0422001421451568,0.0794911785687579,true,true
SUGP2,-0.0619673022468175,0.0863718217908058,false,true
SUGT1,0.0569780148565769,0.1123686615381833,true,true
SULF1,0.469312846660614,0.4515302203931037,true,true
SULF2,-0.241493284702301,-0.1834357364459999,true,true
SULT1A1,0.1468586102128028,0.3898539529893643,true,true
SULT1A2,0.0024295859038829,0.0778156798655117,true,true
SULT1B1,-0.9789793491363524,-0.2511371784742766,true,true
SULT1C2,0.0570831596851348,0.1660060826033352,true,true
SULT1C4,0.3166601806879043,0.5703688704537848,true,true
SUMF1,-0.0536827505566179,0.4083859005034393,false,true
SUMF2,-0.1016918290406465,-0.1108818956426516,true,true
SUMO1,-0.0245544562737146,0.0459507957528932,false,true
SUMO2,-0.0459857489913702,-0.0629114852158698,true,true
SUMO3,-0.1418889512618382,-0.27511220773569,true,true
SUN1,0.0445917733013629,0.4833096378192651,true,true
SUN2,-0.2316155284643173,-0.3495764032273651,true,true
SUOX,0.052445862442255,0.5044930744752966,true,true
SUPT16H,-0.0582264307886362,0.0828898169942697,false,true
SUPT20H,0.0811811725475958,0.1287124878454739,true,true
SUPT3H,0.0629956211362566,0.2340449057554383,true,true
SUPT4H1,0.0051082894206046,0.1043429380604092,true,true
SUPT5H,-0.0346410349011421,-0.0432189793498816,true,true
SUPT6H,-0.058534979221544,0.1109951407658855,false,true
SUPT7L,-0.0331886462867259,0.2842821998069649,false,true
SUPV3L1,-0.0129097543656826,0.239608112368109,false,true
SURF1,-0.029651116579771,-0.0344225475947643,true,true
SURF2,0.0097753088921308,-0.3361575709717703,false,true
SURF4,-0.1714261710643768,-0.6157165298431106,true,true
SURF6,0.0405926234088838,0.0047137742495944,true,true
SUSD1,0.0226503254047461,-0.5573500943237967,false,true
SUSD2,-0.1290804594755172,-0.3589395318943035,true,true
SUSD4,-0.0974262580275535,0.0370887918525379,false,true
SUSD5,0.0628992989659309,0.4227607008057458,true,true
SUV39H1,-0.0343754068017005,-0.0076203812635815,true,true
SUV39H2,-0.0716992740829785,0.1790342855604489,false,true
SUZ12,0.0146545540275318,-0.0305636145666707,false,true
SV2B,0.3046351373195648,-0.4686922126398043,false,true
SV2C,0.1284540183842182,-0.0520484345424871,false,true
SVEP1,0.1022651344537735,1.105732666921117,true,true
SVIL,-0.0246807448565959,-6.336431409556656,true,true
SVIP,0.2082226338485876,0.3900623729691741,true,true
SVOP,0.2365918010473251,0.6371145082414819,true,true
SWAP70,0.0346871800720691,-0.1869364484450639,false,true
SWI5,0.081263567507267,0.3559645859423556,true,true
SWSAP1,-0.0285576458554714,0.0349422559947182,false,true
SWT1,0.1719220491747061,0.3887939180002475,true,true
SYAP1,-0.1385564662516117,-0.2828111150820515,true,true
SYBU,-0.2088257670402526,0.6643035520027514,false,true
SYCE1L,-0.1244813278317451,0.3067015520704862,false,true
SYCE2,-0.1837198957800865,-0.0359019306559633,true,true
SYCP1,-0.0096798846498131,-0.0003462738572958,true,true
SYCP2,0.0473158825188875,0.1334916373313408,true,true
SYCP2L,0.2704910337924957,0.051614866459865,true,true
SYCP3,-0.5265889763832092,-0.0054699101159916,true,true
SYDE1,0.0047682365402579,-0.1204987739131624,false,true
SYDE2,0.0889785960316658,0.3294063258950816,true,true
SYF2,-0.1309729874134063,0.3648681380280933,false,true
SYK,0.1208358779549598,-0.7709651307518803,false,true
SYMPK,-0.0538249930499919,0.1527093205602385,false,true
SYN1,-0.358258306980133,-0.1048893889964321,true,true
SYN2,-0.6747214794158936,0.6188054411575343,false,true
SYN3,-0.4966694625715414,-0.0064867321932786,true,true
SYNC,-0.147641491703689,-0.3906144023831217,true,true
SYNCRIP,-0.1020406559109687,-0.2559540547702217,true,true
SYNDIG1,-0.0890618786215782,0.3726397617840371,false,true
SYNE1,-0.5023797750473022,0.6126801005412705,false,true
SYNE2,-0.3921003341674804,0.7079676793098084,false,true
SYNE3,-0.1526043196208775,-0.0339520445071541,true,true
SYNE4,0.0046046026982367,0.0640949900867355,true,true
SYNGAP1,0.0818237429484725,-0.1810249313304147,false,true
SYNGR1,0.1310165897011756,0.0677730972825605,true,true
SYNGR2,-0.0259642576177914,-0.104508376048372,true,true
SYNJ1,0.0007068564383579,-0.0472536999155859,false,true
SYNJ2,0.2138739833608269,0.0103766051801716,true,true
SYNJ2BP-COX16,0.0056712139242639,-0.5112975889397275,false,true
SYNM,-0.3215524554252624,-3.239648812011888,true,true
SYNPO,0.0508897254864374,0.2304484185005115,true,true
SYNPO2,-0.0315096539755662,-3.021674667935803,true,true
SYNPO2L,0.2742891609668731,1.180196281533163,true,true
SYNPR,0.3997592628002166,0.0001593827268485,true,true
SYNRG,0.0979772087718759,0.318315890247721,true,true
SYP,0.0553906210698187,-0.1737774066140451,false,true
SYPL1,-0.1595994710922241,-0.0831472663251444,true,true
SYPL2,-0.0824331566691398,-0.3371121863116464,true,true
SYS1,-0.1684496849775314,-0.2008211245428572,true,true
SYS1-DBNDD2,-0.0789817832410335,-0.2564769572466839,true,true
SYT1,-0.0154334641993045,-0.050316605053979,true,true
SYT11,0.0448014615103602,0.3330116791439325,true,true
SYT12,0.020891323685646,0.0238001561618817,true,true
SYT14,0.0112155973911285,0.0070208323682638,true,true
SYT15,-0.0657710954546928,0.2277321070908621,false,true
SYT17,0.3751007262617349,0.196406369897334,true,true
SYT2,0.0134665621444582,-0.0049881303695634,false,true
SYT7,-0.1678287982940673,-0.1377676280666926,true,true
SYT9,-0.0895373746752738,0.2283628745306121,false,true
SYTL2,0.353833424548308,0.3758956032136526,true,true
SYTL3,-0.4979839622974395,0.1342114409719545,false,true
SYTL4,-0.4031157493591308,0.1395259070534515,false,true
SYTL5,0.3683747351169586,0.3401978668505276,true,true
SYVN1,0.0508428066968917,-0.4181432667896025,false,true
SZRD1,-0.126906993985176,-0.2973105847632782,true,true
SZT2,-0.0047164759598672,0.1084472696656928,false,true
TAB1,0.0868670904077589,0.029747157341152,true,true
TAB2,0.0069418765072311,-0.2465368248941448,false,true
TAB3,0.0703711904585361,0.0965581097145111,true,true
TAC4,-0.1734658060595393,0.1660173889202787,false,true
TACC1,-0.2627850472927093,0.714802119906329,false,true
TACC2,0.0429167225956916,0.7668073437988063,true,true
TACC3,-0.0006409928202629,-0.4386963269661321,true,true
TACO1,-0.0805407930165529,0.196546620451854,false,true
TACR1,-0.2185147274285554,0.0051071223149841,false,true
TACR2,-0.0475988313555717,0.0293473472106267,false,true
TADA1,-0.1125361017882824,0.2214308280747703,false,true
TADA2A,-0.0981280461031322,0.1483886880908924,false,true
TADA2B,-0.0383502111653797,0.0511464789063023,false,true
TADA3,0.0583011819748207,-0.2001199094006329,false,true
TAF1,0.046714677874531,0.3862109241386511,true,true
TAF10,-0.0694352588616311,-0.1013646374721619,true,true
TAF11,-0.0087250400334596,-0.0522142117695945,true,true
TAF12,-0.0879330612719058,-0.1399900052192433,true,true
TAF13,-0.149491723626852,-0.2633228566839687,true,true
TAF15,-0.0624581881399665,0.2560811116671692,false,true
TAF1A,0.102188367396593,-0.0802052487483997,false,true
TAF1B,0.0340650028748703,-0.4849577024227247,false,true
TAF1C,-0.0531957109458744,0.1596744255747348,false,true
TAF1D,-0.1271837465465068,-0.1980625111461455,true,true
TAF2,-0.0524109213479927,0.0659009221971906,false,true
TAF3,-0.0338593970185944,0.0858017166266618,false,true
TAF4,0.0598396627232432,-0.0536680883063833,false,true
TAF4B,-0.1739706756081432,-0.246886898461637,true,true
TAF5,-0.0224135731346905,-0.1557986243212263,true,true
TAF5L,-0.0031628146146734,0.0352850473782386,false,true
TAF6,0.0720166470855474,-0.2649980346924154,false,true
TAF6L,-0.0296888932585716,-0.5073943503943383,true,true
TAF7,-0.1687599346041679,0.2532900180479442,false,true
TAF8,-0.0459282217392077,0.1207218717480338,false,true
TAF9B,-0.1043883524835109,0.4286200965880779,false,true
TAGAP,0.0836677476763725,-0.1766802490134918,false,true
TAGLN,-0.3092040121555328,-0.1635244130420643,true,true
TAGLN2,-0.1557507175952196,-0.618670342548512,true,true
TAL1,-0.1316886395215988,0.6242706773024482,false,true
TALDO1,-0.2116706162691116,-0.1294764286641854,true,true
TAMM41,0.1045823282163057,0.3286831138128141,true,true
TANC1,-0.2048989087343215,0.4640244798843689,false,true
TANC2,0.3008260956654946,0.1331826555613395,true,true
TANGO2,-0.0138350717723369,0.788351960261438,false,true
TANGO6,-0.0785684363384332,-0.0048006510329354,true,true
TANK,-0.0771507599524089,-0.2884308899778647,true,true
TAOK1,-0.0067593167935098,0.1874932955996193,false,true
TAOK2,0.0474294424057006,-0.1023767880279513,false,true
TAOK3,0.0010551004005329,0.1718360739014341,true,true
TAP1,0.1072086294492085,-1.015050923260742,false,true
TAPBP,0.0917108543217182,-0.1832859237274053,false,true
TAPBPL,0.1029561227187514,0.0971718393855156,true,true
TAPT1,0.036418555304408,-0.0360790735348772,false,true
TARBP1,0.2347100928425788,0.2822479908004418,true,true
TARBP2,0.1176916547119617,-0.3340153236830343,false,true
TARDBP,-0.017638998106122,0.2309982199875033,false,true
TARS,-0.074263922125101,-0.0962474414461986,true,true
TARS2,0.0530243737623095,0.4647139923929568,true,true
TARSL2,0.0705032742449215,0.136814052356426,true,true
TASP1,-0.1022237805383546,-0.0156845750510008,true,true
TATDN1,-0.0135789534591215,-0.1548460596977308,true,true
TATDN2,-0.0161400264129042,-0.1382443025371853,true,true
TATDN3,0.0024166032671928,0.2606059395779922,true,true
TAX1BP1,-0.0065920116113764,0.2428647371599703,false,true
TAX1BP3,0.0760810077190399,0.0128880721711368,true,true
TAZ,0.0750635236501693,0.0872147424147771,true,true
TBC1D1,-0.0505079898451055,-0.4289415091890802,true,true
TBC1D10A,-0.0770518135279417,0.10333701224239,false,true
TBC1D10B,0.0389508654363453,-0.5614672663217402,false,true
TBC1D10C,0.0274149980396032,0.0027161580140118,true,true
TBC1D12,0.1022591699535647,0.0645892182316192,true,true
TBC1D13,0.0790181891992688,-0.1198417568205356,false,true
TBC1D14,-0.1675215661525726,0.0309671138630935,false,true
TBC1D15,-0.0377723890622811,0.1265240959869058,false,true
TBC1D16,-0.1668087661266327,0.0304209047071801,false,true
TBC1D17,0.1764620319008827,0.3334392525315315,true,true
TBC1D19,0.1227297218782561,0.0937521977031585,true,true
TBC1D2,-0.6206895112991333,-0.58519492764841,true,true
TBC1D20,-0.0127103302627801,-0.0465212435550528,true,true
TBC1D22A,0.0666256794439894,-0.0316384730934329,false,true
TBC1D22B,-0.0515322751986483,-0.0871050173363074,true,true
TBC1D23,-0.0267131900015686,-0.1232485054710146,true,true
TBC1D24,0.0483040772378444,-0.0960566108201428,false,true
TBC1D25,-0.0255745604634284,-0.1056126119498732,true,true
TBC1D2B,0.0611032524944416,0.0184770870782946,true,true
TBC1D30,-0.0888298228383064,-0.2274206086268419,true,true
TBC1D31,0.0980179139102498,0.4059511810754621,true,true
TBC1D32,0.1340116101006666,0.3342382734450561,true,true
TBC1D4,-0.0565787144005298,0.3321704731973289,false,true
TBC1D5,0.025416040526969,0.1755381673853291,true,true
TBC1D7,0.0908375345170498,0.0901820166439972,true,true
TBC1D8,-0.0949099496273057,0.6947663693346402,false,true
TBC1D8B,0.0738602727651596,-0.1626090108367327,false,true
TBC1D9,0.1943067833781242,-0.0656242346424336,false,true
TBC1D9B,0.1066159375011921,-0.1302680048371129,false,true
TBCA,-0.1019069935594286,0.0434427373067034,false,true
TBCB,-0.0114484399557113,-0.0813852631966032,true,true
TBCC,0.1948683112859726,-0.0538372529073676,false,true
TBCCD1,-0.0215722514316439,-0.0573741384231145,true,true
TBCD,0.1192536130547523,0.1743822249812812,true,true
TBCE,0.0282148361206054,0.1447773292647247,true,true
TBCEL,-0.0175868120665351,0.56597669319392,false,true
TBCK,0.1656528743250029,0.488298927181856,true,true
TBK1,-0.0590881167777947,-0.1491870810803819,true,true
TBKBP1,0.1052315831184387,-0.1201912036809891,false,true
TBL1X,0.1427957474121025,0.0476582676417436,true,true
TBL1XR1,0.0364487274616424,0.0386963145198446,true,true
TBL2,-0.085239540785551,-0.4755910907349378,true,true
TBL3,-0.057840023189783,-0.3916900005770662,true,true
TBP,-0.0211399030173197,0.1869967602895457,false,true
TBPL1,-0.0538984269835054,0.4237882808314972,false,true
TBRG1,-0.0596045322184051,-0.0364205648892648,true,true
TBRG4,-0.1667292485479265,-0.2966584373482303,true,true
TBX1,0.078547584824264,0.0484137370419416,true,true
TBX15,-0.2760266065597534,0.161009216766729,false,true
TBX18,-0.026393923908472,0.0836188961023727,false,true
TBX19,0.1238683462142944,0.0168162801019258,true,true
TBX2,0.1203982438892125,-0.4011693759022441,false,true
TBX20,-0.0044563100673258,-0.0017755274406043,true,true
TBX3,-0.3926859498023986,-0.413486939229779,true,true
TBX5,-0.0122149121016263,0.6516349709373817,false,true
TBX6,0.0891956165432929,0.0194451852359559,true,true
TBXA2R,0.0789942592382431,-0.2321339683068278,false,true
TBXAS1,-0.055677942931652,-0.3078791754206404,true,true
TC2N,-0.0334339253604412,0.045964345622653,false,true
TCAIM,0.1221203984958785,0.248969590328385,true,true
TCAP,0.1613577157258987,-10.44890264523935,false,true
TCEA1,-0.0324116790434345,-0.1314586178896481,true,true
TCEA2,0.0537770017981529,0.3171375856308187,true,true
TCEA3,0.1406794190406799,-0.0287661506005267,false,true
TCEAL1,-0.0125037226534914,-0.2828249355550993,true,true
TCEAL3,-0.22006167024374,0.1359071073833622,false,true
TCEAL4,0.0061853416264057,0.3453886052182078,true,true
TCEAL8,0.1576294228434562,0.1987611139455616,true,true
TCEANC,0.2575903832912445,0.3249199994336817,true,true
TCEANC2,0.112675804644823,0.1951321495901587,true,true
TCERG1,-0.042000964017851,-0.0874265444551354,true,true
TCF12,-0.0581543595264,0.0252086587958872,false,true
TCF15,-0.0973755270242691,-0.2932202320487808,true,true
TCF20,0.0910267116768019,0.0147113503058178,true,true
TCF21,-0.2480275779962539,0.1552928212566475,false,true
TCF24,-0.2482637166976928,0.263013585759086,false,true
TCF25,-0.0194697102664836,-0.028704345259638,true,true
TCF3,0.0898380979895591,-0.5276437925336372,false,true
TCF4,0.0923879433955464,0.2264977317203165,true,true
TCF7,0.1727488785982132,-0.2105576924160079,false,true
TCF7L1,0.1657155609379212,0.1523617562363156,true,true
TCF7L2,0.0672186615078576,0.2810294565893765,true,true
TCFL5,0.0648334298457484,0.2211585306934453,true,true
TCHP,-0.1095180282635348,0.1428674557131124,false,true
TCIRG1,-0.0485400310135446,-0.7419345781827297,true,true
TCN2,-0.2640096843242645,-0.1203905080574503,true,true
TCOF1,-0.0484991926699876,-0.2853214860018438,true,true
TCP1,-0.1115925185382366,-0.3611147392908105,true,true
TCP10L,0.0028702574782073,0.2327235899942864,true,true
TCP11L1,0.0170029658668984,0.0231230151549528,true,true
TCP11L2,-0.1029721796512603,0.7883530010752402,false,true
TCTA,0.0142192077822983,0.3298897450053552,true,true
TCTE3,-0.152721744030714,0.0320161375202768,false,true
TCTEX1D1,-0.1000837311148643,-0.756926015014135,true,true
TCTEX1D2,0.1359980059787631,0.1165704362994901,true,true
TCTN1,0.0822577277819315,0.4280600962819063,true,true
TCTN2,0.1202359050512313,-0.0508357713237463,false,true
TCTN3,-0.0217446725815534,-0.1537835075154512,true,true
TDG,-0.0735628878076871,-0.2055774420770633,true,true
TDP1,0.0397080117836594,-0.3466170354256246,false,true
TDP2,-0.0176863921806216,-0.0933427986056689,true,true
TDRD1,0.1117492392659187,0.4522095291918348,true,true
TDRD10,0.0753246322274208,0.1605231722089652,true,true
TDRD12,0.0034207373391836,-0.0177624442494162,false,true
TDRD3,0.0009070456560168,0.5135580576331539,true,true
TDRD6,0.0367095731198787,0.3055158596615366,true,true
TDRD7,0.0986294259084388,-0.2070466535207926,false,true
TDRD9,-0.2387079894542694,-0.1072443698524383,true,true
TDRKH,0.2402617186307907,0.0943285644935205,true,true
TDRP,0.037566103041172,0.0546840391016643,true,true
TEAD1,-0.0602577154391578,-0.2320571485383524,true,true
TEAD2,0.0301262401044368,-0.636554173399948,false,true
TEAD3,-0.0693571753799915,-0.1494858242422139,true,true
TEAD4,-0.1768440604209899,-1.383165296588173,true,true
TEC,-0.1547364443540573,-0.2065566472190791,true,true
TECPR1,0.0044962599873542,-0.1752766426200524,false,true
TECPR2,-0.0399204117711633,-0.1719405259110407,true,true
TECR,0.1718890121905133,0.0853358960233392,true,true
TECRL,0.1271949261426925,-8.633520489795266,false,true
TECTA,0.2109700068831444,0.2465555414948486,true,true
TEF,0.1597737818956375,0.5822754161106544,true,true
TEFM,-0.0331352241337299,0.0938176896513467,false,true
TEK,-0.1753325462341308,-0.1553644163279179,true,true
TEKT3,-0.0367216132581233,0.0578556046632928,false,true
TELO2,-0.0260494221001863,0.1008619614813783,false,true
TEN1,0.0294275064952671,-0.4062969556751063,false,true
TENM1,0.110393126308918,0.0693433811818996,true,true
TENM2,-0.2087028622627258,0.2974923177683397,false,true
TENM3,0.3124234676361084,0.6482452863181869,true,true
TENM4,0.8130328655242919,0.1744464400803441,true,true
TEP1,0.0245995350182056,-0.3380813531288176,false,true
TERF1,0.0473744734966506,0.3181502218250171,true,true
TERF2,-0.0147035792469978,0.1617455566868106,false,true
TERF2IP,-0.016443676315248,0.2609600632397421,false,true
TES,-0.1124312778313954,-0.9632599529636544,true,true
TESC,0.2467769086360931,-0.1306061960349849,false,true
TESK1,0.0356763191521167,-0.4230744094550975,false,true
TESK2,0.2152759426583846,-0.1358126643921492,false,true
TESPA1,0.173767864704132,0.2405186701521083,true,true
TET1,0.353162807226181,0.3994434390650835,true,true
TET2,0.0172958102110507,0.218190143850379,true,true
TET3,-0.0092451898381114,-0.3532675897631765,true,true
TEX10,-0.1114294353562096,-0.0895983457299571,true,true
TEX12,-0.0079031009227037,-0.0280472686154631,true,true
TEX14,-0.1595422020182013,0.0099356635435206,false,true
TEX2,-0.043488411354095,-0.2025393602080276,true,true
TEX22,0.1825151704251766,-0.0665007929392207,false,true
TEX261,-0.1122492770664394,-0.2855669005272938,true,true
TEX264,0.0399810085073113,-0.1539492942736209,false,true
TEX30,-0.0701587945222854,-0.3083858946330559,true,true
TEX9,0.2835715174674987,0.3762851993463723,true,true
TF,-0.0500203520059585,0.5629646894263662,false,true
TFAM,-0.0409411545842885,0.1815416860435941,false,true
TFAP2E,0.0593567667528986,0.0386863630691017,true,true
TFAP4,0.1330787986516952,-0.0644428310722797,false,true
TFB1M,0.0558665301650762,0.2702359094340627,true,true
TFB2M,-0.0717812933027744,0.107252531418216,false,true
TFCP2,0.1026758615459714,0.4054750528218882,true,true
TFCP2L1,-0.3570490479469299,-0.0034144060457574,true,true
TFDP1,0.0109629232436418,-0.2456726706838527,false,true
TFDP2,0.0865731851330825,0.4828371595142408,true,true
TFE3,-0.1238270122557878,-0.6801209801627704,true,true
TFEB,0.1785372704267501,0.0005343338561734,true,true
TFEC,-0.0045662545599043,-0.630570847520092,true,true
TFG,-0.0346293894773615,-0.0292262854047038,true,true
TFIP11,-0.0659007787704467,0.0966417262704162,false,true
TFPI,-0.2129843682050705,-0.4328172204926072,true,true
TFPT,-0.0741246466835339,-0.0498073875597495,true,true
TFRC,-0.2343213409185409,-1.007139681570902,true,true
TG,-0.5983696579933167,0.0241740548757828,false,true
TGDS,-0.0147033916320651,0.074184444275738,false,true
TGFA,0.3086473643779754,-0.3367630361629378,false,true
TGFB1,-0.0244382944490228,-0.7484015565280908,true,true
TGFB1I1,-0.0432221442461013,-0.5112328562341503,true,true
TGFB2,0.2531698342529125,0.1399901173559343,true,true
TGFB3,-0.4848404824733734,-0.3078414912407456,true,true
TGFBI,-0.336752563714981,-0.7403384586418217,true,true
TGFBR1,0.1207304149090002,-0.4933931012428529,false,true
TGFBR2,-0.0862252329077039,-0.3489029388234259,true,true
TGFBR3,-0.8196691870689392,0.150373582067357,false,true
TGFBRAP1,0.0740153711289167,-0.0907929541939047,false,true
TGIF1,-0.0945377234990398,-0.6959975680592887,true,true
TGIF2,0.1060373112559318,-0.1603307816373456,false,true
TGM2,-0.2636839509010314,-1.077007261929692,true,true
TGOLN2,0.0066133182651052,-0.0221962096306773,false,true
TGS1,-0.0763966888189315,0.0500813070772161,false,true
THADA,0.0458487749898007,0.1457283879554141,true,true
THAP1,-0.0237065386027097,-0.1180367534995703,true,true
THAP10,0.0155417565256357,0.5354328963595711,true,true
THAP11,0.0997509732842445,-0.1086605375212994,false,true
THAP2,0.1478178209314743,0.0370812669078031,true,true
THAP3,0.0320248669013381,0.2128708356277346,true,true
THAP4,0.0190073277801275,0.2060974777474289,true,true
THAP5,-0.0503723658621311,0.1325995206700527,false,true
THAP6,0.0358172561973333,0.5079142849023474,true,true
THAP7,-0.0395488887792453,-0.4881337703302217,true,true
THAP8,0.1836379393935203,-0.1025868055368005,false,true
THAP9,0.0196092762053012,0.4591414389999408,true,true
THBD,-0.4344938695430755,-0.9246598771143096,true,true
THBS1,-0.8792049288749694,-1.908152221078226,true,true
THBS2,0.0481419563293457,-0.5269993912693586,false,true
THBS3,0.0314034107141196,0.2451636187633394,true,true
THBS4,-0.2604785561561584,1.127398232768296,false,true
THEM4,-0.0055173888492087,0.0437643331539057,false,true
THEM6,-0.0618109256029129,-0.0749214957462731,true,true
THEMIS,0.0419072173535823,0.1312859846784973,true,true
THEMIS2,-0.1385340839624404,-0.7557425252423675,true,true
THG1L,-0.1811780966818332,-0.0984159354511744,true,true
THNSL1,0.3152073472738266,0.500940836464105,true,true
THNSL2,0.1449962630867958,0.4095843001017822,true,true
THOC1,0.0380600031099415,-0.1438123030640627,false,true
THOC2,0.0041570679417678,0.0175253837247932,true,true
THOC3,0.0767640545964241,-0.1950329674243778,false,true
THOC5,0.0324652053415775,-0.1858239592186299,false,true
THOC6,0.0408530813486625,-0.425195099773499,false,true
THOC7,-0.0195387873798608,0.0451020209500265,false,true
THOP1,0.0134936943650245,-0.5548485539714177,false,true
THRA,0.099411504343152,0.4029251763875807,true,true
THRAP3,-0.0958811448321544,0.2638281700836184,false,true
THRB,-0.0764592811465263,0.3920255188065633,false,true
THSD1,0.1660123616456985,-0.1629193657843659,false,true
THSD4,0.0574028939008712,-3.936772189901966,false,true
THSD7A,0.3348131775856018,-0.3145492262862881,false,true
THSD7B,0.0462190024554729,0.1289910841658633,true,true
THTPA,0.0394904079730622,0.0492574257624429,true,true
THUMPD1,-0.5106571316719055,0.0979407364908038,false,true
THUMPD2,-0.0049682622775435,0.2291652218468671,false,true
THUMPD3,-0.1016787327826023,0.1080719453947702,false,true
THYN1,0.1036354852840304,0.3970547259122909,true,true
TIA1,0.0804098665714263,0.2148695842192189,true,true
TIAL1,0.0486622114798852,-0.0183675609246662,false,true
TIAM1,0.0252396166324615,-0.007672467748111,false,true
TIAM2,-0.0354432414418884,0.6845282904122709,false,true
TICAM1,-0.1296955696307122,-0.4276836231298606,true,true
TICAM2,0.0865731357286373,-0.2465662645499557,false,true
TICRR,0.0445301420986652,-0.1442011312289552,false,true
TIE1,-0.0914552435278892,-0.1056784263681058,true,true
TIFA,-0.1221884563565254,-0.2851593791758668,true,true
TIGD1,-0.1723788231611251,0.2742382617178775,false,true
TIGD4,0.1247826665639877,0.0806919042159156,true,true
TIGD5,-0.0402335152029991,-0.1086690242045982,true,true
TIGD6,-0.0078801801428198,0.1388636785558932,false,true
TIGD7,-0.0539616951515199,0.335051485382593,false,true
TIMELESS,-0.0240420512855052,-0.5381604333370844,true,true
TIMM10,0.1127179265022277,-0.2527691761696688,false,true
TIMM13,-0.1141602411866188,-0.1732289510809401,true,true
TIMM17A,-0.2326664075255394,-0.3881577484337235,true,true
TIMM17B,-0.0299333818256855,-0.0200674223188324,true,true
TIMM21,-0.07341262511909,0.2602228073250918,false,true
TIMM22,0.032812203047797,0.1272529248791878,true,true
TIMM23,-0.0970208778977394,-0.1803858867523198,true,true
TIMM23B,-0.0069227103376761,-0.0160635215537196,true,true
TIMM44,-0.0199167052283883,-0.1604100278548523,true,true
TIMM50,-0.068573547899723,-0.2454532069221189,true,true
TIMM8A,0.0183136705309152,-0.056338968779392,false,true
TIMM8B,-0.0979716181755066,0.0768931556655187,false,true
TIMM9,-0.1501187704503536,-0.319643987434361,true,true
TIMMDC1,-0.0400547479900221,0.1309708651244143,false,true
TIMP1,-0.3830638229846954,-2.039958985912978,true,true
TIMP2,0.1139447084278799,0.4862619061173703,true,true
TIMP3,-0.3134999003793512,0.6814354486056641,false,true
TIMP4,-0.2752242386341095,0.6828800333925868,false,true
TINAG,-0.0049115316942334,0.1700436405841266,false,true
TINAGL1,-0.2561326911672949,-0.1312613409743459,true,true
TINCR,0.0187839809805154,0.0203851999519686,true,true
TINF2,-0.0692497223615646,-0.4901396369032471,true,true
TIPARP,-0.2283412013202905,0.5509610432150724,false,true
TIPIN,0.1624926067888736,-0.2276723448761719,false,true
TIPRL,0.0113483042456209,-0.0901994032696702,false,true
TIRAP,0.0170041393721476,0.0611295671689147,true,true
TJAP1,0.0428548034280538,0.2098901066756178,true,true
TJP1,0.0305390665141333,0.5550359338493455,true,true
TJP2,0.0828708857297897,0.249160397424033,true,true
TK2,0.1236133202910423,0.4526116485479523,true,true
TKT,-0.1224719936028122,-1.077767613303168,true,true
TKTL1,0.0515173189342021,-0.0177280054260509,false,true
TLCD2,-0.1593816975752512,-0.9249166635489188,true,true
TLDC2,-0.385873693972826,-0.0136752775348404,true,true
TLE1,-0.1261156052350997,0.4596549488516035,false,true
TLE2,-0.2100310498499311,-0.0120965513730735,true,true
TLE3,0.0597253730520605,-0.7979038972174823,false,true
TLE4,0.0127310188753264,0.0337734143844219,true,true
TLK1,0.0067309381972466,0.2305600807902341,true,true
TLK2,-0.028332584063589,-0.0455224922046792,true,true
TLL1,0.0871084257960319,-0.7048145081379413,false,true
TLL2,1.594365358352661,0.8978504217094629,true,true
TLN1,-0.0693790442310273,-0.2898406234418349,true,true
TLN2,0.0490237018093466,0.5697196361412322,true,true
TLR1,0.2303310334682464,-0.8800955796166531,false,true
TLR2,-0.4752677381038665,-0.9152690134399628,true,true
TLR4,-0.015994930639863,-0.5980920941344463,true,true
TLR5,0.3149614036083221,-0.0630226845647988,false,true
TLR7,0.6660314202308654,-0.4835605117484679,false,true
TM2D1,-0.1194941805941718,0.1502361210591312,false,true
TM2D2,-0.0391504559374879,-0.3033116812143323,true,true
TM2D3,-0.0750840298831462,-0.1967601321056688,true,true
TM4SF1,-0.2610053718090057,-0.753501122576079,true,true
TM4SF18,-0.2028806805610656,-0.7001758528903957,true,true
TM6SF1,0.1031707376241684,0.1265453624688475,true,true
TM6SF2,0.2334389090538024,0.0652634582088697,true,true
TM7SF2,0.4578756093978881,1.648498525885073,true,true
TM7SF3,0.1793907050575528,0.1809327872211787,true,true
TM9SF2,0.0129131223407707,-0.2222542812396177,false,true
TM9SF3,-0.0537703401808227,-0.2159584955301383,true,true
TM9SF4,-0.0502753517745683,0.0168871793778047,false,true
TMA16,-0.1113877549767494,-0.2797812518980462,true,true
TMA7,0.0041112758219241,0.055431492302489,true,true
TMBIM1,-0.1921126017346978,-0.3383887412626247,true,true
TMBIM6,-0.102320488010134,-0.2737349513065146,true,true
TMC1,0.2771553099155426,-0.0091605850166216,false,true
TMC2,-0.0393842831254005,0.0062171048821093,false,true
TMC4,0.2181838005781173,0.2486205580920047,true,true
TMC5,-0.0573022253811359,0.0034037960562597,false,true
TMC6,0.109330840408802,0.3524863165643972,true,true
TMC7,0.2370960861444473,-0.3560667554739548,false,true
TMC8,0.2018709927797317,-0.2053255628874323,false,true
TMCC1,0.0055182888338874,0.3377626313747961,true,true
TMCC2,0.0500860288739204,-0.0455675890747193,false,true
TMCC3,-0.0506783388555049,0.5578164278585369,false,true
TMCO1,-0.0576494820415973,-0.1470522569818104,true,true
TMCO3,0.057603678976496,0.1341308274299817,true,true
TMCO4,0.1115564977750182,0.1571496328148152,true,true
TMCO6,0.0015530474483966,0.1237055775291937,true,true
TMED1,-0.1343305259943008,-0.2925727608986696,true,true
TMED10,-0.216576474905014,-0.0600940917025312,true,true
TMED2,-0.1461125530302524,-0.4308149992060101,true,true
TMED3,-0.1184133868664503,-0.743156865953075,true,true
TMED4,-0.1097418589983135,0.5193037108925482,false,true
TMED5,-0.1887435668281146,-0.4579718283464275,true,true
TMED6,0.0509496629238128,0.0039936482014515,true,true
TMED7,-0.2717318087816238,-0.3040063053995405,true,true
TMED8,0.0344360023736953,-0.0481934030606332,false,true
TMED9,-0.1286432206630706,-0.5992672492113166,true,true
TMEFF2,-0.1699734777212142,0.0168387412042205,false,true
TMEM100,-0.2086553399761517,1.177311015845282,false,true
TMEM101,-0.0050188209861516,0.1288697211899778,false,true
TMEM104,-0.0518300622352398,-0.5488694097945463,true,true
TMEM106A,0.0423025116324424,-0.4640277050458665,false,true
TMEM106B,-0.0157258143648505,0.1763617767041365,false,true
TMEM106C,0.2944456674158573,-0.0372566895711212,false,true
TMEM107,0.2444233633577823,0.290473009165735,true,true
TMEM108,-0.1080613061785697,-0.1190038801985864,true,true
TMEM109,0.0011297268792986,-0.2808616534137016,false,true
TMEM11,-0.0649083099560812,-0.1043936348434277,true,true
TMEM115,-0.0244315322488546,-0.3315331713864848,true,true
TMEM116,-0.1880431473255157,0.6385823958130956,false,true
TMEM117,-0.0031930264085531,0.0918864098012974,false,true
TMEM120B,0.0751399122178554,-0.4160692340135128,false,true
TMEM123,-0.0657173412619158,0.0479592152571957,false,true
TMEM126A,-0.1995103172957897,-0.1328030251219898,true,true
TMEM126B,-0.0358219765126705,-0.0283936570881948,true,true
TMEM127,-0.1189406134188175,-0.0903957454680544,true,true
TMEM128,-0.0831018110737204,0.1886476079116832,false,true
TMEM129,-0.0020571464362243,0.1428299963207795,false,true
TMEM131,0.0343829087297698,-0.3853510885758666,false,true
TMEM132A,-0.0626595541834831,-0.5821440867369402,true,true
TMEM132B,-0.3677202761173247,-0.0178490428902466,true,true
TMEM132C,-0.5754815936088562,0.383205281665001,false,true
TMEM134,0.0741688396781683,0.1005402143262283,true,true
TMEM135,-0.0126286601381642,0.4613369230925821,false,true
TMEM136,-0.1070797010324895,0.244420616513246,false,true
TMEM138,-0.0519269693642854,-0.0027810894062598,true,true
TMEM139,0.0179367791861295,0.4396553319278689,true,true
TMEM140,0.0469223293475806,0.4216541151205817,true,true
TMEM141,0.1641870588064193,0.2302883715423238,true,true
TMEM143,0.1147822566330432,0.7230042502864142,true,true
TMEM144,0.2575438525527715,0.5722587268774401,true,true
TMEM147,-0.0496941916644573,-0.5404958276638618,true,true
TMEM14A,0.1612617522478103,-0.1007270368388484,false,true
TMEM14B,0.0981641700823924,0.0936636735690683,true,true
TMEM14C,-0.0092895314097404,0.1134097816696915,false,true
TMEM150A,-0.1297878747185071,-0.0416806428133877,true,true
TMEM150B,0.0273811668157577,-0.4147363605559477,false,true
TMEM150C,0.0300615709275007,0.0447126022734987,true,true
TMEM151B,-0.0454928874969482,0.0256092102398686,false,true
TMEM154,-0.1161632935206095,0.0316944708481178,false,true
TMEM156,-0.067832201719284,0.0395207100136554,false,true
TMEM159,-0.0010053857695311,0.2934971558233812,false,true
TMEM160,0.0165443662554025,-0.3840423895892646,false,true
TMEM161A,0.0119799893582239,0.1837837040266374,true,true
TMEM161B,-0.0193569138646125,0.0424782183183216,false,true
TMEM163,0.4185373485088348,0.0727823467653644,true,true
TMEM164,-0.0039648604579269,0.1139512885367866,false,true
TMEM165,-0.212341590651444,-1.112948791914385,true,true
TMEM167A,-0.1961261361837387,-0.1703976076600235,true,true
TMEM167B,-0.1221408203244209,0.2270400905152651,false,true
TMEM168,-0.0318051633491579,0.0236454609036793,false,true
TMEM17,0.0304358936846256,0.0896456565527857,true,true
TMEM170A,0.0581715608015656,-0.271917283272336,false,true
TMEM170B,-0.0770350694656372,-0.1212112126434121,true,true
TMEM173,0.1016490943729877,-0.5709575406336511,false,true
TMEM175,0.1106917195022106,0.1340156351441959,true,true
TMEM176A,-0.0209252747396628,-0.8550824823271709,true,true
TMEM176B,0.4128821194171905,-0.4009496435944113,false,true
TMEM177,0.1113670170307159,-0.0221936112479212,false,true
TMEM178A,0.1882898658514022,0.2632804238686443,true,true
TMEM178B,-0.4884833097457885,0.2674826875355562,false,true
TMEM179,-0.1861163824796676,0.0949855878468199,false,true
TMEM179B,-0.1036525920033454,-0.4747496479239887,true,true
TMEM18,-0.040039349719882,-0.0553097301922025,true,true
TMEM181,-0.1083510257303714,-0.1338958985100191,true,true
TMEM182,-0.0816538110375404,1.076422629218575,false,true
TMEM183A,-0.0648051718249917,-0.1972997260200226,true,true
TMEM184A,0.2096350938081741,0.0252449212704083,true,true
TMEM184B,-0.0333127793079862,-0.2980930859323849,true,true
TMEM184C,-0.054621148854494,-0.2862534682719721,true,true
TMEM185A,0.1749198873527348,0.2120248779698328,true,true
TMEM185B,0.0074326102621853,0.017974236950593,true,true
TMEM186,0.0514250639826059,0.173742428787091,true,true
TMEM187,0.0477814548648893,0.0670489434091643,true,true
TMEM189,-0.1027543932199478,-0.4912600381162861,true,true
TMEM19,0.0423069524889191,-0.2003148211883782,false,true
TMEM192,-0.1289603173732757,0.0793203785778135,false,true
TMEM198,-0.1383210569620132,-0.4158517829652771,true,true
TMEM199,-0.0443439729511737,-0.0833405241482987,true,true
TMEM201,-0.0098562752828001,0.034957401704923,false,true
TMEM203,0.1244470328092575,0.0098142814698407,true,true
TMEM204,-0.2222469747066497,0.6818742489853377,false,true
TMEM205,0.0098210200667381,-0.2228547993797915,false,true
TMEM206,-0.0100750131532549,-0.2956397214229806,true,true
TMEM208,-0.1556677840650081,-0.6333303446989084,true,true
TMEM209,-0.0407034315168857,0.1136318316107334,false,true
TMEM214,-0.0378034057095646,-0.5574165491695257,true,true
TMEM216,0.0010658288374543,-0.1050882999141487,false,true
TMEM217,-0.1705811917781829,-0.1398753357869723,true,true
TMEM218,0.0176192016806453,-0.0664324069505279,false,true
TMEM219,0.1129548411816358,0.0293122035441761,true,true
TMEM220,0.0259908981000383,-0.1633438228009229,false,true
TMEM222,0.0384840883314609,-0.0553639666197187,false,true
TMEM223,-0.0938235064968466,-0.0590251162916284,true,true
TMEM230,-0.0583552196621894,-0.0809005158435898,true,true
TMEM231,0.1742512956261634,0.1195740618320789,true,true
TMEM232,0.1193162901327014,0.3925320953559603,true,true
TMEM233,0.4369780719280242,0.2554472669302553,true,true
TMEM234,0.0428448190912604,-0.0623109378267847,false,true
TMEM237,0.1212726160883903,0.1846935120357327,true,true
TMEM240,-0.0147157590836286,0.3632521293558104,false,true
TMEM241,0.0836702857166528,-0.3046819800591249,false,true
TMEM242,-0.027127752934272,0.1675004680806386,false,true
TMEM243,-0.1181891620159149,-0.01915244317061,true,true
TMEM245,0.001485580046262,0.1759696719572403,true,true
TMEM246,0.0347128845751285,0.5479228405146106,true,true
TMEM248,-0.0804145087798436,-0.1705223413829175,true,true
TMEM25,0.1037948317825794,0.0759873225093228,true,true
TMEM251,-0.0275364629924297,-0.2968446703116738,true,true
TMEM252,-0.1277442723512649,0.0236361538207983,false,true
TMEM254,0.0667550791986286,0.2288012580820817,true,true
TMEM255B,0.1975455433130264,-0.3146729230666014,false,true
TMEM256-PLSCR3,0.0680386275053024,-0.2293568621586081,false,true
TMEM258,-0.000840239226818,-0.1757269046140592,true,true
TMEM259,-0.0522798551246523,-0.1072179983157921,true,true
TMEM260,0.0735889272764325,0.0930688453259722,true,true
TMEM30A,-0.0543322975747287,-0.2719973279425946,true,true
TMEM33,-0.1542243778705597,-0.1284918301212538,true,true
TMEM37,0.2710495591163635,-0.1405282071900517,false,true
TMEM38A,-0.1049747169017791,0.2898199265330045,false,true
TMEM38B,-0.1131537333130836,0.214081253343842,false,true
TMEM39A,-0.1629317596554756,-0.357857035210968,true,true
TMEM39B,0.1108041008934378,-0.1610598817775266,false,true
TMEM40,-0.0088674938306212,-0.1099773595438637,true,true
TMEM41A,-0.0041144669521599,-0.0613502759331789,true,true
TMEM41B,-0.0401266390191657,-0.1959960639220428,true,true
TMEM43,-0.1857969917356968,-0.4665793313826238,true,true
TMEM44,-0.1896864920854568,0.0200478095105771,false,true
TMEM45A,-0.5279251933097839,-0.5411949999072103,true,true
TMEM45B,0.0573522001504898,-0.0287257586840635,false,true
TMEM47,-0.0847773924469947,0.1335150811551484,false,true
TMEM50A,-0.0364836305379867,-0.273643308059543,true,true
TMEM50B,-0.0222540729834387,0.0554412849771228,false,true
TMEM51,0.3470759391784668,-0.3903936855621723,false,true
TMEM53,-0.1246428130194544,-0.4556073444290467,true,true
TMEM56,-0.0083198267966508,0.3631192678322174,false,true
TMEM59,-0.0800066686102322,-0.0811278557510544,true,true
TMEM59L,0.1787862479686737,0.3748560512240157,true,true
TMEM60,-0.0689995326101779,-0.0259287404803743,true,true
TMEM62,0.038411885233862,-0.4825505093085933,false,true
TMEM63A,0.0085331602354666,0.4233767508973942,true,true
TMEM63B,0.1063196897506713,-0.3052996072763072,false,true
TMEM63C,0.1084507554769516,0.0318030737713152,true,true
TMEM64,-0.0680215782485902,-0.1247099166681611,true,true
TMEM65,-0.2637716829776763,-0.1944979754249995,true,true
TMEM67,0.0861681327223777,0.2185495373598662,true,true
TMEM68,0.0809948399662971,0.0289901180593754,true,true
TMEM69,0.0117530170828104,-0.0228791299558301,false,true
TMEM70,-0.1697850339114666,-0.9453414168729508,true,true
TMEM71,0.2656647264957428,1.747618351801829,true,true
TMEM74,0.3405051529407501,0.5410604209438014,true,true
TMEM74B,0.3690625131130218,0.3743720168373048,true,true
TMEM79,0.0733963437378406,0.0661782794565403,true,true
TMEM86A,-0.0288288611918687,0.2390464362285393,false,true
TMEM87A,-0.0051184978302834,-0.2167444366304303,true,true
TMEM87B,0.0694404973848057,-0.6242262787995906,false,true
TMEM88,-0.2405011802911758,-0.0981448616816025,true,true
TMEM8A,0.012189096189104,-0.4409898097388897,false,true
TMEM8B,0.3033393969138463,0.7181811093369845,true,true
TMEM9,0.1294434033334255,0.0387986123221915,true,true
TMEM91,0.1139538273215293,0.4570080475497646,true,true
TMEM98,0.305141806602478,0.2175208086447897,true,true
TMEM99,0.127101682126522,0.1345121926251509,true,true
TMEM9B,-0.1445043504238128,-0.0562932622611729,true,true
TMF1,-0.0662009013550622,-0.0748964598746404,true,true
TMLHE,0.059584393831236,0.3533408059300491,true,true
TMOD1,-0.1783543825149536,0.2375138768300786,false,true
TMOD2,0.2456969797611236,-0.190938893017063,false,true
TMOD3,-0.0237878438617501,-0.2235010336920573,true,true
TMPO,-0.0106165235241254,-0.0016301289794249,true,true
TMPRSS11D,-0.0819693673402071,0.0004507849821303,false,true
TMPRSS5,-0.0381491426378488,-0.0140845625747383,true,true
TMPRSS9,-0.0577622517943382,-0.0041163337648048,true,true
TMSB10,-0.1293566972017288,-0.666730591838185,true,true
TMSB4X,-0.02998053530852,-0.2434117007659617,true,true
TMTC1,-0.4610163569450378,0.0008516411610228,false,true
TMTC2,-0.1669539809226989,0.0535509615817295,false,true
TMTC3,0.009414327951769,-0.2308016218522119,false,true
TMTC4,-0.0527107514441013,-0.3042439934278746,true,true
TMUB1,-0.2290839776396751,-0.6629138259861466,true,true
TMUB2,0.0644063240848481,-0.1107610737556141,false,true
TMX1,-0.0832375750876963,-0.7311484004229162,true,true
TMX2,-0.1559455782175064,-0.2552966076720855,true,true
TMX3,0.0241568411168243,0.0301631940652589,true,true
TMX4,-0.1170405304680268,-0.3889161883977436,true,true
TNC,0.2115850001573562,-2.094195356179345,false,true
TNFAIP1,-0.1232931464910507,-0.6527499795680356,true,true
TNFAIP2,0.4424209594726562,-0.7881706651084363,false,true
TNFAIP6,-0.1757930666208267,-1.383439062382241,true,true
TNFAIP8,0.155427798628807,-0.3223724456791501,false,true
TNFAIP8L1,0.1000871837139129,-0.2394810717045201,false,true
TNFRSF10A,-0.031440544873476,-0.2459251069295989,true,true
TNFRSF10B,-0.0976532474160194,-0.5344144154580825,true,true
TNFRSF10D,-0.0210222620517015,-0.5023557273183543,true,true
TNFRSF11A,-0.0404070354998111,-0.595150397813684,true,true
TNFRSF11B,0.1061753407120704,-1.137263623833634,false,true
TNFRSF12A,0.1713402718305587,0.4411982790450377,true,true
TNFRSF14,0.2184937611222267,-0.265816614779526,false,true
TNFRSF19,-0.1817062944173812,-0.0279509002247992,true,true
TNFRSF1A,-0.22140573648115,-1.277584672119628,true,true
TNFRSF1B,0.1313822716474533,-0.8288339278910803,false,true
TNFRSF21,-0.0778907034546136,0.5523267247211605,false,true
TNFRSF25,0.4632045725981394,0.1832528103055328,true,true
TNFRSF4,0.5043453574180603,-0.8549330258253329,false,true
TNFRSF8,0.1172306910157203,0.0085005932160336,true,true
TNFSF10,0.171534851193428,-0.6573955920462282,false,true
TNFSF12,0.237749382853508,-0.0556563172541033,false,true
TNFSF13,-0.1050389930605888,-0.4112066932482434,true,true
TNFSF13B,0.2104018077254295,-0.8231068740707688,false,true
TNFSF14,-0.167523130774498,-0.4255664274940788,true,true
TNFSF4,-0.1820908486843109,0.184390952813973,false,true
TNFSF8,-0.3126113712787628,-0.3332901017713559,true,true
TNIK,0.1888811290264129,0.2261781188568536,true,true
TNIP1,0.0675246723927557,0.0688859980592582,true,true
TNIP2,-0.1167302340269088,-0.912059843851483,true,true
TNK1,-0.0475337095558643,-0.0738342578330948,true,true
TNK2,0.3159678901235262,-0.1290083282739447,false,true
TNKS,0.0236206601506897,0.4330636427041447,true,true
TNKS1BP1,-0.1119999188929796,-0.0023758576265935,true,true
TNKS2,0.0276668715357248,-0.0614913231412757,false,true
TNNC1,-0.0432462048317704,-11.46010557825658,true,true
TNNC2,0.214982584118843,0.0659983052830783,true,true
TNNI1,0.0408960096538066,1.348017932107382,true,true
TNNI3,0.3250275254249572,-10.52715987878615,false,true
TNNI3K,-0.0024842279963195,0.95696045805375,false,true
TNNT1,0.513273537158966,1.687933976310747,true,true
TNNT3,0.2655341029167175,0.91904348880911,true,true
TNPO1,0.0155877244791814,-0.2472218346943657,false,true
TNPO2,0.0104440535651519,0.0709410343362963,true,true
TNPO3,-0.0159277886881942,-0.0288978648332349,true,true
TNR,0.0910774320363998,0.0180647763480244,true,true
TNRC18,0.1464042003665651,-0.0057266018996924,false,true
TNRC6A,0.0151060429800833,0.6335569443192992,true,true
TNRC6B,0.0295663171314767,0.4063349155506346,true,true
TNRC6C,0.0022963804907963,0.5512548609857344,true,true
TNS1,-0.0351289747548954,-6.944424640900439,true,true
TNS3,0.0951025411486625,0.2056059173258297,true,true
TNXB,0.0751839876174926,0.7322446297985543,true,true
TOB1,-0.1350874044001102,0.4918844772603812,false,true
TOB2,-0.321006953716278,0.4432501361815788,false,true
TOE1,0.011887508444488,-0.0210085921281359,false,true
TOLLIP,0.0955705538392066,-0.151675601194082,false,true
TOM1,-0.1022425398230552,-0.0819264878431802,true,true
TOM1L1,-0.0765093018611272,0.2753608521670583,false,true
TOM1L2,0.1498437225818634,0.6047164951097077,true,true
TOMM20,-0.1078110501170158,0.2735788872556366,false,true
TOMM22,-0.1086295079439878,-0.0173171919566135,true,true
TOMM34,-0.0086902495240792,-0.0078548892380747,true,true
TOMM40,-0.1717057585716247,-0.3811827915093246,true,true
TOMM40L,0.0142366746440529,0.1504261536340556,true,true
TOMM5,-0.034455768764019,-0.2339026532707224,true,true
TOMM7,-0.0396861092187464,0.2848995541424717,false,true
TONSL,0.1379549652338028,-0.0849044374678122,false,true
TOP1,-0.0406645462582153,0.0481922366903893,false,true
TOP1MT,0.1073119305074214,-0.2820716931213835,false,true
TOP2B,0.0380369962326117,0.2595411381277656,true,true
TOP3A,-0.090443542972207,-0.2659720876990188,true,true
TOP3B,0.0270374793559312,0.0387211186297098,true,true
TOPBP1,-0.0107698009038964,-0.2372857621699546,true,true
TOPORS,-0.0827463075518608,-0.0573310639337352,true,true
TOR1A,-0.0828042378028233,-0.2044911657329868,true,true
TOR1AIP1,0.0667734254772464,0.489950317899706,true,true
TOR1AIP2,-0.1104748174548149,-0.1355867381768192,true,true
TOR1B,-0.0075184073299169,-0.4428401350551065,true,true
TOR2A,0.0081784557551145,-0.3159124103571139,false,true
TOR3A,-0.024277799660922,-0.3376008992170831,true,true
TOR4A,-0.1144075021147728,-0.2900356428783705,true,true
TOX,0.0801056921482086,-0.1277214129444776,false,true
TOX2,-0.0818407610058784,0.034986446471045,false,true
TOX4,-0.0623940303921699,-0.0477322914830846,true,true
TP53,0.0016739859245717,-0.6000649604515446,false,true
TP53BP1,0.1840116512030363,-0.0689267626971918,false,true
TP53BP2,0.0012537432679285,-0.2291517234194655,false,true
TP53I11,-0.177018329501152,-0.8788704124967359,true,true
TP53I3,0.037221809849143,0.392029386553335,true,true
TP53INP1,0.1208438098430633,0.3002346669144606,true,true
TP53INP2,-0.2354930192232132,0.655055232889893,false,true
TP53RK,-0.1133700739592313,-0.3516669709056727,true,true
TP53TG1,0.2112092897295952,0.0990889582918055,true,true
TP63,0.2716664532199502,0.155515178313297,true,true
TP73-AS1,0.1450007352977991,0.1579391126786742,true,true
TPBG,-0.1408672481775283,-0.3952149025705411,true,true
TPCN1,0.2261206371088822,1.170336090323026,true,true
TPCN2,0.0154733223840594,-0.0543393881823712,false,true
TPD52,-0.0394620448350906,0.0240025707990807,false,true
TPD52L1,0.3794233202934265,0.7416067021911105,true,true
TPD52L2,-0.0528021596372127,-0.2841889244142645,true,true
TPGS1,-0.0624495729804038,-0.3926974571230872,true,true
TPGS2,-0.0334574952721595,-3.177779428249043,true,true
TPH1,0.0440215729176998,0.0666943686729559,true,true
TPI1,-0.1958059981465339,0.0389801937693166,false,true
TPK1,0.0310115289951985,0.0830797762828665,true,true
TPM2,-0.0610435120761394,-0.3343208014539715,true,true
TPM3,-0.0583752839426909,0.1707977259648112,false,true
TPM4,-0.0507290115846054,-1.018448762280846,true,true
TPMT,-0.0028183916583657,-0.1288410570990361,true,true
TPO,-0.5839481949806213,0.7229611970776512,false,true
TPP1,-0.0648718848824501,-0.2000573679191841,true,true
TPP2,0.0436708716941731,0.0631226132362803,true,true
TPPP,-0.1588133722543716,0.2367221954128968,false,true
TPPP3,-0.0284101832658052,0.075414468568792,false,true
TPR,0.0198302299582532,0.4551024271339203,true,true
TPRA1,-0.0329703168477862,-0.1609918556996174,true,true
TPRG1,-0.1925339487248233,-0.1857127976399205,true,true
TPRG1L,0.1334725767374038,0.1993071022319292,true,true
TPRKB,0.0279918895103037,-0.3498846252734173,false,true
TPRN,0.0643494076794013,0.1409416603971482,true,true
TPSAB1,-0.175346627831459,0.0433551903696278,false,true
TPSB2,-0.1830870807170867,-0.1228186265525202,true,true
TPST1,0.0153353015581766,-0.1681346212148588,false,true
TPST2,-0.0230823206948116,-0.2985828990573518,true,true
TPT1,-0.0014359266164579,0.0800713903798051,false,true
TPTEP1,0.0086955117682615,-0.0160713127425184,false,true
TRA2A,0.0439492719514029,-0.0044593803278232,false,true
TRA2B,-0.030232367105782,-0.4496980627781801,true,true
TRABD,-0.0958571564406156,-0.5614445999938158,true,true
TRABD2B,0.0629240747541189,0.0175667402738531,true,true
TRAC,0.0225831326097249,-0.0218154303108115,false,true
TRADD,0.0619840382132679,-0.4043177110765523,false,true
TRAF1,0.1422773450613022,0.0300237866195918,true,true
TRAF2,0.1076943472027778,-0.4967276989227276,false,true
TRAF3,0.2144678716680833,-0.3724685518351429,false,true
TRAF3IP1,0.0810168296253929,0.274686191493628,true,true
TRAF3IP2,-0.1630958955114086,-0.230210356829021,true,true
TRAF3IP3,0.2727608978748321,0.0182660656090662,true,true
TRAF5,0.1551636058304991,0.0646014337318727,true,true
TRAF6,0.0351700732484459,0.0966864607237716,true,true
TRAF7,-0.0338206216692924,-0.5852709812241312,true,true
TRAFD1,0.0276767900213599,-0.5213089662707104,false,true
TRAIP,0.0959968864917755,-0.0912511421029716,false,true
TRAK1,0.0799590027225869,0.6690348429801447,true,true
TRAK2,0.1247241348028183,0.6504461758744498,true,true
TRAM1,-0.0728360958397388,-0.525150268537323,true,true
TRAM2,-0.009675083681941,-0.3638516930994621,true,true
TRANK1,0.2832761456569035,0.2165802613793088,true,true
TRAP1,0.0171325681963935,0.2502795164046407,true,true
TRAPPC1,-0.0884593740105628,-0.1543653427762654,true,true
TRAPPC10,-0.0205816965816276,-0.1109363585048122,true,true
TRAPPC11,0.0209009476405169,0.2685636477257631,true,true
TRAPPC12,0.1125057579151221,0.0516271036369726,true,true
TRAPPC13,0.0128175436208645,0.2512766634402514,true,true
TRAPPC2,-0.0374504886567592,0.3808484518988937,false,true
TRAPPC2L,0.0233120474343498,0.3703581117081378,true,true
TRAPPC3,0.0109912288025952,-0.347668095055714,false,true
TRAPPC4,-0.1074334934353828,-0.2337041650212241,true,true
TRAPPC6A,0.1979077408711115,0.4778424363009081,true,true
TRAPPC6B,-0.0026620992769797,0.0439034552031727,false,true
TRAPPC8,-0.0152856418530323,0.0013559819150579,false,true
TRAPPC9,0.0016548300960234,0.0141372323377066,true,true
TRAT1,-0.1779087781906127,0.0861527192625188,false,true
TRDMT1,-0.0212317065646251,0.0582734859133655,false,true
TRDN,-0.0408517010509967,-6.76687659258197,true,true
TREH,-0.1763766407966613,-0.0034847218307502,true,true
TRERF1,0.1514077638941151,0.098687606006935,true,true
TRHDE,-0.5078907012939453,0.1696650373926263,false,true
TRIAP1,-0.0010032474528998,-0.2860546299292323,true,true
TRIB1,0.0631891712546348,-0.6145261903246899,false,true
TRIB2,-0.0362842073664069,-0.3047688613409484,true,true
TRIL,0.7140516638755798,0.2612582831136682,true,true
TRIM11,-0.0001736532431095,-0.0467235211806558,true,true
TRIM13,-0.0811010327722345,-0.2045833911852859,true,true
TRIM14,-0.076704554259777,-0.2445772476961123,true,true
TRIM16,0.0597841667477041,-0.1094930703009757,false,true
TRIM16L,-0.042267981916666,0.0865578092345713,false,true
TRIM17,0.033139866311103,0.0302255260746575,true,true
TRIM2,0.1371772304177284,0.3743787314974702,true,true
TRIM21,0.1024401374161243,-0.4310371936777448,false,true
TRIM22,0.1488017517452438,0.2683556003944946,true,true
TRIM23,0.0602922970429062,0.3349128478527783,true,true
TRIM24,0.0745360880557979,-0.0048448880135101,false,true
TRIM25,0.0494727200828492,-0.4909659421598644,false,true
TRIM26,0.0071869038045406,-0.1627381400552665,false,true
TRIM27,0.0851527734659612,-0.1711156079531206,false,true
TRIM28,0.0548702739179134,-0.2218993175027996,false,true
TRIM29,-0.2255693525075912,0.0005106302326608,false,true
TRIM3,0.0284475822001695,-0.2843904587532482,false,true
TRIM32,-0.0758171491324901,0.2539696043080259,false,true
TRIM33,0.0064670804089733,0.3311685877996559,true,true
TRIM34,0.2800602714220683,-0.0646929395789284,false,true
TRIM35,0.05492556716005,-0.0321963321504519,false,true
TRIM36,0.1700250804424285,-0.0597334988163358,false,true
TRIM37,-0.0455339925080936,-0.2024183429208759,true,true
TRIM38,0.0846198765294892,-0.1624074936222035,false,true
TRIM39,-0.0132509756833314,0.1972905716769304,false,true
TRIM4,0.0184481503175837,0.1598026639694154,true,true
TRIM41,0.043558457121253,0.2429459471260324,true,true
TRIM44,0.0308941154341612,-0.0258316063669448,false,true
TRIM45,0.3731611669063568,1.010330615481577,true,true
TRIM46,-0.2485069632530212,0.0201587847569898,false,true
TRIM47,-0.0733177990186959,-1.357646117679358,true,true
TRIM5,-0.1450777115921179,-0.3989098404934829,true,true
TRIM52,0.0685459226369857,0.3415921048652981,true,true
TRIM54,0.0567165277898311,0.4915973648395182,true,true
TRIM55,0.0058883363381028,-0.3534537206324843,false,true
TRIM56,-0.0573649602010846,-0.010384484166618,true,true
TRIM6,0.0746878525242209,-0.1992162302049087,false,true
TRIM61,-0.0710998103022575,0.0829995218909648,false,true
TRIM62,0.0652628858573734,0.056894312823972,true,true
TRIM63,-0.1126196533441543,0.3006046120699252,false,true
TRIM65,0.0797175459563732,-0.2144230144016328,false,true
TRIM66,0.0422051032849897,0.3758734432366089,true,true
TRIM68,0.0599962584674358,0.1112985004413347,true,true
TRIM69,0.206505924463272,0.0703751201688902,true,true
TRIM7,0.1927990466356277,0.3627685063570786,true,true
TRIM73,0.0946204498410224,0.0095933879498863,true,true
TRIM8,0.0895721722394227,-0.8392423617868436,false,true
TRIM9,-0.0250308625400066,0.1574439898497679,false,true
TRIO,0.0394575205032846,0.8541778813472134,true,true
TRIOBP,0.0142857957897441,-0.3584990721217309,false,true
TRIP10,-0.038070079870522,-0.2666289377123636,true,true
TRIP11,0.0283582386411061,0.2812808514283196,true,true
TRIP12,-0.0561533463852746,-0.8010231461647352,true,true
TRIP4,0.0182550139725208,0.0055506426954985,true,true
TRIP6,-0.0048809483647346,-0.0215638242025413,true,true
TRIQK,-0.1148178651928901,0.1263031282759232,false,true
TRIT1,-0.0876815588679164,0.002272474015911,false,true
TRMT1,0.0147366746328771,-0.3492880068687251,false,true
TRMT10A,0.0097946301102638,-0.3572757571530782,false,true
TRMT10B,0.00319995971707,0.2004202690691807,true,true
TRMT10C,-0.2011741578578948,-0.1725832875584179,true,true
TRMT11,-0.0225436418383781,0.2937949323588084,false,true
TRMT112,-0.0872937053442001,-0.3753809812970345,true,true
TRMT12,-0.1341539546847343,0.0200012294712621,false,true
TRMT13,0.0818887740373611,0.0083352778755507,true,true
TRMT1L,0.1645190685987472,0.2878016550949817,true,true
TRMT2A,0.0347015142906457,-0.0143346021788817,false,true
TRMT2B,0.0254826534539461,-0.1373730688952039,false,true
TRMT44,0.0250904730753973,0.0743131290519016,true,true
TRMT5,-0.0507992096245288,0.1161655072884566,false,true
TRMT6,-0.0741903269663453,-0.5055407840066505,true,true
TRMT61A,-0.0560369044542312,-0.4413792558261981,true,true
TRMT61B,0.0626143790781497,-0.3683498221173948,false,true
TRMU,-0.0370997381396591,-0.2022839115339727,true,true
TRNAU1AP,-0.0024837974148492,-0.1912590055796668,true,true
TRNP1,-0.4370282590389252,0.3592615991532452,false,true
TRNT1,-0.1311390990657465,-0.1197340818705492,true,true
TRO,0.4984736740589141,0.1320631442121511,true,true
TRPA1,-0.361499547958374,-0.0506752039227691,true,true
TRPC1,0.0269865385295512,0.552197565219819,true,true
TRPC3,-0.0108214244246482,-0.0334447848124973,true,true
TRPC4,0.0761815756559371,-0.0350393581581068,false,true
TRPC4AP,0.0198325969810996,-1.280937962924425,false,true
TRPC5,-0.0886488846736028,0.0006023643978277,false,true
TRPC6,0.6669824123382568,-0.0100603298451683,false,true
TRPM1,-0.0387974828481674,-0.0004043478379093,true,true
TRPM2,0.2450296431779861,-0.4139890816041853,false,true
TRPM3,-0.2944780349731445,0.0115073424435789,false,true
TRPM4,0.0448729284107685,0.1972772571287526,true,true
TRPM6,-0.100688636302948,-0.0363408511184109,true,true
TRPM7,-0.280481070280075,0.1664768692500766,false,true
TRPS1,-0.09788179397583,-0.2110544785228505,true,true
TRPT1,-0.040038998840464,0.1143281627655889,false,true
TRPV1,0.1620204284787178,0.3349116878850076,true,true
TRPV2,0.0342850405722856,-0.615237436463051,false,true
TRPV3,0.1150811836123466,0.2624878058826042,true,true
TRPV4,0.0305161755532026,-0.2585463365853462,false,true
TRRAP,0.0234652681808386,0.2480921413983363,true,true
TRUB1,0.3020499050617218,0.9650503479602084,true,true
TRUB2,-0.0248985193757107,0.1305087754616147,false,true
TSACC,-0.2821660687526066,0.0983046559702072,false,true
TSC1,0.0711892796680331,0.4111152423548083,true,true
TSC2,0.1087686925347952,0.065786817587758,true,true
TSC22D1,0.0275635526382497,-0.114555711724301,false,true
TSC22D2,-0.0419392479317528,0.0807710239483596,false,true
TSC22D3,-0.1414141270021597,1.959144389329801,false,true
TSC22D4,0.1039000478573143,0.2300688699188215,true,true
TSEN15,-0.0672716420143842,-0.0234031391653206,true,true
TSEN2,-0.033862577440838,0.3458925435100708,false,true
TSEN34,0.1564417034387588,-0.0353973036665191,false,true
TSEN54,0.0976590886712074,-0.3462213484325076,false,true
TSFM,-0.0933296293020248,0.1229449084704867,false,true
TSG101,0.0058515718306547,-0.0760425517859566,false,true
TSGA10,0.0808082055300474,0.1615192374202675,true,true
TSHR,0.0415852670557796,0.0209257527136906,true,true
TSHZ1,0.1584685892642786,0.1016585647887411,true,true
TSHZ2,0.045686986297369,0.276139342191843,true,true
TSHZ3,0.0568870361894369,-0.371727886326947,false,true
TSKS,0.2291703820228576,0.0354230940630124,true,true
TSKU,-0.4841128289699554,-0.0095252085409796,true,true
TSLP,-0.0654527321457862,0.0663378036294184,false,true
TSN,-0.0416928876191377,0.0477294174658444,false,true
TSNARE1,0.1677460581064224,0.3799600803492035,true,true
TSNAX,0.014549340121448,-0.0296645394965189,false,true
TSNAXIP1,-0.0025439111050218,0.0701844946621149,false,true
TSPAN10,0.1214343309402465,-0.014620949700295,false,true
TSPAN11,0.3938460052013397,-0.2664638631266786,false,true
TSPAN12,0.1348564624786377,0.4724671254267294,true,true
TSPAN13,-0.1828487962484359,-0.4090119478570124,true,true
TSPAN14,-0.0927959338628819,-0.1856636969117175,true,true
TSPAN15,0.1127553363330662,-0.1146899258564282,false,true
TSPAN17,0.0613825567997991,-0.5170866051739109,false,true
TSPAN18,0.2479912638664245,-0.0387420887322029,false,true
TSPAN2,-0.0775840990245342,0.0512943419001843,false,true
TSPAN3,0.0566369730513542,-0.2810595191329383,false,true
TSPAN31,-0.0869205564260482,-0.0961452944481764,true,true
TSPAN32,0.3208692967891693,1.229121762298454,true,true
TSPAN33,0.3308226466178894,0.0500143250651694,true,true
TSPAN4,0.093198717496125,0.0308306998525651,true,true
TSPAN5,-0.2259530425071716,0.0743650503180686,false,true
TSPAN6,0.0110107949003577,0.1944357696496632,true,true
TSPAN7,-0.1650788486003875,0.6051656484772718,false,true
TSPAN8,-0.0096402736380696,0.2762727060564091,false,true
TSPAN9,0.0873045160302094,0.7332996698593961,true,true
TSPEAR,0.3807937800884246,-0.1081060433511289,false,true
TSPO,-0.1292445067316293,-0.554315722084012,true,true
TSPYL1,-0.0517241805791854,0.3950843680498756,false,true
TSPYL2,-0.0885711506009101,0.0461876408963219,false,true
TSPYL4,-0.0184677019715309,-0.0254486172387804,true,true
TSPYL5,-0.0482833851128816,-0.0626853784315848,true,true
TSPYL6,-0.0351137407124042,-0.0092764996880744,true,true
TSR1,-0.1151753762736916,-0.0794370665073222,true,true
TSR2,-0.0948739411930243,0.2259169657036999,false,true
TSR3,0.1084470823407173,-0.2663668567985357,false,true
TSSC4,-0.0164979298909505,-0.4272947917537703,true,true
TSSK3,-0.0192725285887718,0.1015180065928331,false,true
TST,-0.0562539184466004,-0.2701284993699122,true,true
TSTA3,-0.0227863118052482,-0.1563983511758939,true,true
TSTD2,-0.1600958711157242,0.1551526957252731,false,true
TSTD3,-0.0741827289263407,0.2650287582550854,false,true
TTBK2,0.0284886289654033,0.1449004449587425,true,true
TTC1,-0.0581665065172793,0.0459388542453194,false,true
TTC12,0.1859023705124855,0.6234209425878334,true,true
TTC13,0.1462858865658442,-0.0523143753272616,false,true
TTC14,0.1046821283442633,0.5195643652216452,true,true
TTC17,0.0328780352803213,0.0723208874591914,true,true
TTC19,-0.0965175929346254,-0.1562206500805958,true,true
TTC21A,0.0741768777370452,0.0147704411909959,true,true
TTC21B,0.0514882153698376,0.4244168921010214,true,true
TTC23,-0.0228081536479294,0.3399121611331246,false,true
TTC23L,0.1762434914708137,-0.0148584591378659,false,true
TTC25,0.0489101889543235,0.2577191484843924,true,true
TTC26,0.0756259453482925,-0.0406663077524471,false,true
TTC27,0.0565984910354018,0.1438086081480802,true,true
TTC28,0.0435131107723074,0.4606011663428306,true,true
TTC3,0.175801610308034,0.1806867917291432,true,true
TTC30A,-0.0973032265901565,0.2883217473787955,false,true
TTC31,-0.0142571753822267,0.0319107431945837,false,true
TTC32,-0.0572328977286815,0.2106604976692869,false,true
TTC33,-0.0557375689968466,0.1452117904833421,false,true
TTC34,0.1482500582933425,0.0159145162759031,true,true
TTC37,0.0684124663738267,0.245552334767745,true,true
TTC38,-0.0411401446908712,-0.1166316427991116,true,true
TTC39A,0.0218623597174882,0.4960139727606165,true,true
TTC39B,0.1252893097698688,0.0250379541500369,true,true
TTC39C,0.0679937228560447,-0.0013127840694913,false,true
TTC4,-0.0273535806685686,-0.1370707825312407,true,true
TTC5,0.1370969891548156,0.3978826436888036,true,true
TTC7A,-0.0424244882805006,0.0277676343293313,false,true
TTC7B,0.1823031383876999,0.0280119336160078,true,true
TTC8,0.2943232297897339,0.1051271299438023,true,true
TTC9C,0.0541681542992591,-0.081989992438785,false,true
TTF1,0.0016575751826167,0.3190837017472616,true,true
TTF2,0.016828478872776,0.1153939404726809,true,true
TTI1,-0.0136587124317884,0.0936446689615029,false,true
TTI2,-0.1531096324324607,-0.1422128754019529,true,true
TTL,0.0442982073873281,-0.1806820472440677,false,true
TTLL1,0.1788075305521488,0.325344193233982,true,true
TTLL11,0.0074457578981916,-0.0617201085786639,false,true
TTLL12,-0.074433758854866,-0.5301019667069679,true,true
TTLL3,0.1760672604044278,0.6246655571049704,true,true
TTLL4,0.0104389490559697,-0.1120105696596933,false,true
TTLL5,-0.0100384332638766,0.0558666650040882,false,true
TTLL7,0.1460444331169128,0.7907562947194137,true,true
TTLL9,0.0964937731623649,0.0232514014268584,true,true
TTPAL,-0.2439097672700882,-0.3154951310892748,true,true
TTTY14,0.0777307078242301,1.823676176547014,true,true
TTYH1,-0.2510896623134613,-0.1259797554254086,true,true
TTYH2,0.1532025374472141,0.1113797274440275,true,true
TTYH3,0.0367827229201793,-1.04705473526957,false,true
TUB,-0.1995871812105178,0.7455239750491689,false,true
TUBA1A,0.0951796308159828,-0.010588216858542,false,true
TUBA1B,-0.2140476927161216,-0.9423100891598928,true,true
TUBA1C,0.0293967876117676,-1.602044742286109,false,true
TUBA3D,-0.5154452323913574,-0.7475594179340698,true,true
TUBA8,0.0238792672753334,0.9899424244113976,true,true
TUBB,-0.1175528466701507,-0.9430002420928778,true,true
TUBB1,-0.1155715137720108,-0.0730020088291878,true,true
TUBB4B,-0.2781793598085641,-0.2810149701230928,true,true
TUBB6,-0.2268547266721725,-2.25487297721685,true,true
TUBD1,0.0435876812785863,0.0096116083251138,true,true
TUBE1,-0.0122233591973781,0.8034144952783441,false,true
TUBG1,-0.0477804243564605,-0.3633859883638073,true,true
TUBG2,0.1607218876481056,0.496043265777031,true,true
TUBGCP2,-0.0519365491345524,-0.2268476359198321,true,true
TUBGCP3,0.0256824277540934,0.0198334057055569,true,true
TUBGCP4,-0.0343187268823385,-0.0462641330701194,true,true
TUBGCP5,0.0545988742262124,0.2811676556720499,true,true
TUBGCP6,0.0531467966735362,0.1676960541577008,true,true
TUFM,-0.0850393760949373,0.090116716748759,false,true
TUFT1,0.2401951402425766,0.5072504334139691,true,true
TUG1,0.0755612777013863,0.3733562509116739,true,true
TULP2,0.0986608937382698,-0.0049657909128131,false,true
TULP3,0.0434077273433407,0.0289389986391366,true,true
TULP4,-0.0145256549918225,0.4842902809557898,false,true
TUSC1,0.0465664900839328,-0.440437750784022,false,true
TUSC2,0.0313624031841754,-0.1254516568301364,false,true
TUSC3,0.0389589802362024,0.0681862610308039,true,true
TUT1,-0.0070785336196422,0.1310923521760387,false,true
TVP23A,0.4807439744472504,0.0512452575252672,true,true
TVP23B,-0.1083449825644493,-0.3155203350744693,true,true
TVP23C,0.2167989569050925,0.0006481586947677,true,true
TWF1,-0.1311454728245735,-0.5047959373478456,true,true
TWF2,-0.0262458113332589,0.4596398853097243,false,true
TWIST1,-0.2298111170530319,-0.2771479313653705,true,true
TWIST2,-0.5263232588768005,-0.1838911806721335,true,true
TWISTNB,-0.1480723866261541,-0.1723407212734771,true,true
TWSG1,0.0630940064787864,0.1989429006710756,true,true
TXK,-0.1415871530771255,0.0773367495763769,false,true
TXLNA,-0.0662489265203475,-0.4044378861472832,true,true
TXLNB,0.0952057838439941,1.426098013546932,true,true
TXLNG,-0.0948161795735359,0.0831520778377314,false,true
TXN,-0.1312572564929723,-0.3981903424402761,true,true
TXN2,-0.067058984003961,0.2917233059520203,false,true
TXNDC11,-0.0685749208288533,-0.2251791230546098,true,true
TXNDC12,-0.0467489559669047,-0.4206206959195721,true,true
TXNDC15,-0.0371267909184098,-0.2134053141439764,true,true
TXNDC16,0.1918156546540558,0.4744175587487511,true,true
TXNDC17,-0.0991927112142245,-0.4850825498722475,true,true
TXNDC5,-0.1355459485203027,-0.8129029268307475,true,true
TXNDC9,-0.1304709747433662,-0.2934468397033591,true,true
TXNIP,-0.2787982459579195,0.8605438271191427,false,true
TXNL1,-0.0086095581452051,0.6367552554012005,false,true
TXNL4A,0.0447616781457327,-0.4615110721130593,false,true
TXNL4B,-0.038085439428687,0.34395534097556,false,true
TXNRD1,-0.2663067259958812,-0.3994391471009235,true,true
TXNRD2,0.0209348291158676,0.0845307975266269,true,true
TXNRD3,0.1394566086431344,0.148492857424469,true,true
TYK2,0.0751201976090669,-0.111701309927664,false,true
TYMP,-0.1759558022022247,-1.437500051252347,true,true
TYMS,-0.3199350535869598,-0.3687473491152117,true,true
TYRO3,0.2338087260723114,-0.1626241925159761,false,true
TYROBP,0.1051895543932914,-1.159324774391329,false,true
TYRP1,0.2088616341352462,0.8854991302674193,true,true
TYSND1,0.1911387294530868,0.0208632300949388,true,true
TYW1,-0.0168838349636644,0.117706942591738,false,true
TYW1B,0.0372016293695196,0.0897575906281085,true,true
TYW3,0.0182280663400888,-0.0092279072721384,false,true
TYW5,0.0026080005802214,0.1207266778337949,true,true
U2AF1,-0.0260877020191401,-0.1844323395543026,true,true
U2AF1L4,-0.0163207333534955,0.7368391528018158,false,true
U2AF2,0.0382730975747108,-0.1466771130977022,false,true
U2SURP,0.0529726240783929,0.1545501378813698,true,true
UACA,0.0861439175371612,0.5787060085795112,true,true
UAP1,-0.7151530385017395,-0.4310356641337058,true,true
UAP1L1,-0.0040000607259571,-0.1398153088064946,true,true
UBA1,-0.0258871309459209,-0.0253259153193274,true,true
UBA2,-0.0007839543478829,0.0973656398209401,false,true
UBA3,-0.0089109034410544,0.1798713111825192,false,true
UBA5,-0.0125522840147217,-0.2042594838517382,true,true
UBA52,-0.0657797949388623,-0.1088798202595864,true,true
UBA6,0.0622394595827375,-0.2631443205533061,false,true
UBA7,0.3882471304386854,0.2018584662950173,true,true
UBAC1,-0.1088479310274124,0.1040639582045992,false,true
UBAC2,-0.0374597098146166,0.2127420577719232,false,true
UBALD1,-0.127549668153127,-0.0959083774051587,true,true
UBALD2,-0.1105801239609718,0.0706562613892174,false,true
UBAP1,-0.1394594867846795,-0.2881516382166799,true,true
UBAP1L,0.1134845396270975,0.0646490312252177,true,true
UBAP2,-0.0130397692389254,0.2374040742018275,false,true
UBAP2L,-0.0376491965726017,0.0696521862961416,false,true
UBASH3A,0.114755742251873,-0.0147219925700264,false,true
UBASH3B,-0.261930227279663,-1.340134521310317,true,true
UBB,-0.0589252568781375,0.6553739361045565,false,true
UBC,-0.078690726842199,-8.026634533628632,true,true
UBE2A,-0.0349280219525098,0.1680363714200634,false,true
UBE2B,-0.0591201882011124,0.1762799431313579,false,true
UBE2D1,0.0671137273311614,0.1851603875379379,true,true
UBE2D2,-0.0962758692247527,-0.2260327494344069,true,true
UBE2D3,-0.0777625816741159,-0.3849983708040927,true,true
UBE2D4,0.0340650049329269,0.0434191517846231,true,true
UBE2E1,-0.0032530421657221,-0.2045627947548567,true,true
UBE2E2,-0.0446826106417574,0.1525500260068848,false,true
UBE2E3,0.0059668904702578,-0.2336161170294168,false,true
UBE2F,-0.0944259700675805,-0.396565610074365,true,true
UBE2F-SCLY,0.0022105223033577,0.0285442932945451,true,true
UBE2G1,-0.087466755083629,-0.1009272055533383,true,true
UBE2G2,0.0220204428769648,-0.1861236221957591,false,true
UBE2H,-0.0175648611038923,0.5514154243806972,false,true
UBE2I,0.01724204281345,-0.0231717454612239,false,true
UBE2J1,-0.088284279530247,-0.7493610897120568,true,true
UBE2J2,0.0050180213525891,-0.4476204942326522,false,true
UBE2K,-0.0619112511298486,-0.062821523443703,true,true
UBE2L3,-0.0321663171052932,-0.2542741804337054,true,true
UBE2L6,0.2243322506546974,-0.1905490565294436,false,true
UBE2M,0.0040238946676254,-0.3018570256637627,false,true
UBE2N,-0.0937506813289863,-0.1965289815252742,true,true
UBE2O,0.0120562364657719,0.2481416756274463,true,true
UBE2Q1,0.1368632838129997,-0.3631600156449637,false,true
UBE2Q2,0.0481663132086396,0.1514462675900158,true,true
UBE2QL1,-0.1438021659851074,0.3058683976950069,false,true
UBE2R2,-0.0653964786657265,0.0907178488198288,false,true
UBE2S,-0.0443647289648652,-0.4861400781569569,true,true
UBE2T,0.0666381269693374,-0.3384083563595883,false,true
UBE2V1,-0.0548957152558224,-0.2452077255148323,true,true
UBE2V2,-0.1002119531234105,-0.2486329382502439,true,true
UBE2W,-0.0946873091161251,0.146081678775173,false,true
UBE2Z,0.0164785972447134,-0.2810059173478447,false,true
UBE3A,-0.0222743253689259,-5.18800898837944,true,true
UBE3B,0.0704676732420921,0.0058949155269463,true,true
UBE3C,-0.0292109235722039,0.6575077233835511,false,true
UBE3D,0.0810473752873284,0.0988013761889769,true,true
UBE4A,-0.0036128286405333,0.2273803134554901,false,true
UBE4B,0.0163238808745518,0.425100230229571,true,true
UBFD1,-0.0250997431576251,0.0491334033324735,false,true
UBIAD1,-0.0680227793753147,-0.0241865361008817,true,true
UBL3,0.0339270915969141,0.0753239758394546,true,true
UBL4A,0.1849383860826492,-0.1133766029683887,false,true
UBL5,-0.1019968062639236,0.0949940774478728,false,true
UBL7,0.0121594984084367,0.2693645677936844,true,true
UBLCP1,-0.0463442530483007,-0.0834036447995152,true,true
UBN1,-0.0846111535405119,-0.0530198416847915,true,true
UBN2,0.1140126777546746,0.4400673718728822,true,true
UBOX5,-0.0406622700393199,0.1497939412919442,false,true
UBP1,0.0371687946774597,-0.1109369223722254,false,true
UBQLN1,-0.037301861547998,0.1089322278218558,false,true
UBQLN2,-0.1366561874747276,0.1368599033049924,false,true
UBQLN4,-0.0025263920426368,-0.2518193906514412,true,true
UBR1,-0.0191660128267748,0.581603163151485,false,true
UBR2,0.0359574283938854,0.2802205518694349,true,true
UBR3,-0.0328892769425042,0.2723947044125534,false,true
UBR4,-0.055984011718205,0.0804077893030585,false,true
UBR5,-0.0578136462718248,0.147088525335854,false,true
UBR7,-0.022607622295618,-0.1473183828779891,true,true
UBTD1,0.0269068554043769,-0.4059347718058807,false,true
UBTD2,0.0228672408265993,-0.2105457999679751,false,true
UBTF,0.0795032385736703,0.0814305202294924,true,true
UBXN1,-0.0728521667420864,-0.074781196394257,true,true
UBXN11,-0.2357094436883926,0.0174132717744088,false,true
UBXN2A,0.1050883177667856,0.0557390976595817,true,true
UBXN2B,-0.1405727907549589,-0.1471544054447555,true,true
UBXN4,-0.0282809755631855,0.0038425497724698,false,true
UBXN6,-0.0447182087227702,-0.1423959529670142,true,true
UBXN7,-0.0098996850262795,0.4769403099655344,false,true
UBXN8,-0.1965405568480491,-0.0883660440971703,true,true
UCHL3,0.0867357242852449,-0.7095896774969143,false,true
UCHL5,-0.0884672418236732,0.0992545419712391,false,true
UCK1,0.0238489909097552,0.0777612184089639,true,true
UCK2,-0.0856422167271375,-0.4808343323100006,true,true
UCKL1,0.0611916467547416,0.1410037681532827,true,true
UCN,0.0502883642911911,0.0595448405227341,true,true
UCP1,0.1174396425485611,-0.0103617823799058,false,true
UCP2,0.1679567247629165,-0.8106775875625513,false,true
UCP3,-0.0348657071590423,-0.543239410354474,true,true
UEVLD,-0.0261316117636548,-0.3140286054161611,true,true
UFC1,-0.1069232434034347,-0.0773720293988366,true,true
UFL1,0.0505064684298953,0.3322392681519552,true,true
UFM1,-0.1246444270014762,-0.1820294454648916,true,true
UFSP2,-0.0228948133066296,0.2967952387486425,false,true
UGCG,0.0157080069184303,-1.573684501929127,false,true
UGDH,-0.3151833415031433,-0.6231747776537019,true,true
UGGT1,-0.0354634157514997,-0.2175836254031029,true,true
UGGT2,-0.1815775388053485,0.0924984585086785,false,true
UGP2,-0.1726882287434169,-0.5881846661328253,true,true
UGT2B4,0.0737271681427955,0.0376168277571959,true,true
UHMK1,-0.0818263467401266,-0.3100711184054207,true,true
UHRF1,-0.2538645565509796,-0.4509997129613153,true,true
UHRF1BP1,-0.0628990173960725,-0.198570776516485,true,true
UHRF1BP1L,-0.048840527383921,-0.1377656005905572,true,true
UHRF2,-0.009360220549362,0.251044468403518,false,true
UIMC1,-0.0561492102486746,0.0211009421255532,false,true
ULK1,0.0867900562783082,0.4084288962175404,true,true
ULK2,0.2162884697318077,0.3053630054518019,true,true
ULK3,0.0076650254428386,-0.1511910833571175,false,true
ULK4,-0.0254354474933019,0.3715964055586773,false,true
UMPS,-0.0514906737953424,-0.2021772829317973,true,true
UNC119B,-0.1516329571604728,-0.0872008307073341,true,true
UNC13A,-0.0144108356907963,0.0011149221734367,false,true
UNC13B,-0.08829050330678,-0.0474102595030561,true,true
UNC13C,0.1614529639482498,0.0657627971783694,true,true
UNC45A,-0.028669068031013,0.1266060394387111,false,true
UNC45B,0.0956177935004234,0.4859968248018207,true,true
UNC50,-0.0381816517561674,0.0920381600057842,false,true
UNC5B,0.2911972105503082,-0.5103528873870075,false,true
UNC5C,0.0705555357038974,0.1953819526996947,true,true
UNC5CL,0.0537086948752403,-0.0445744946991877,false,true
UNC79,0.1293448358774185,0.0981030739082547,true,true
UNC80,0.5970743298530578,0.1831806384577783,true,true
UNC93B1,0.1370388865470886,-0.5088655492595359,false,true
UNG,0.0534739401191473,0.0840623883598685,true,true
UNK,0.0599488147667476,-0.1828305351872838,false,true
UNKL,0.1274240121322994,0.0699641897776817,true,true
UPB1,0.1768050044775009,0.3962117889373588,true,true
UPF1,-0.0128565191291272,0.1114043122156127,false,true
UPF2,0.0150575724276547,0.0130814394397815,true,true
UPF3A,0.0343531625611441,0.2584955569317193,true,true
UPF3B,-0.0537396972067654,0.101827520687423,false,true
UPK1B,0.0014214381808415,0.0214775960395905,true,true
UPP1,-0.2757207490503788,-0.2241992082673998,true,true
UPRT,0.0499635212123394,0.1965055590259843,true,true
UQCC1,-0.0458308792263518,0.4918122273992162,false,true
UQCC2,-0.0699882619082927,0.498094858298951,false,true
UQCR10,-0.0635309860110282,0.387808978211761,false,true
UQCRB,-0.1675824783742427,0.3840216108967062,false,true
UQCRC1,-0.0547446049749851,0.2553371677955151,false,true
UQCRC2,0.0268431526686375,0.5107700004413224,true,true
UQCRFS1,-0.1745574623346328,0.1882595249487524,false,true
UQCRH,-0.1029464453458786,0.4808762835002831,false,true
UQCRQ,-0.0376378908753395,0.3966621520203172,false,true
URB1,-0.0754091881215572,0.0583970842338721,false,true
URB2,-0.2159474775195121,-0.2093805989201091,true,true
URGCP,0.0617301097760597,0.1481705480531863,true,true
URI1,0.0331304765173367,0.0233966484576138,true,true
URM1,-0.1496022850275039,0.1059997606515832,false,true
UROD,-0.0199649478308856,0.1840818116590714,false,true
UROS,0.0602621834725141,0.0638825609848341,true,true
USB1,-0.1103825591504574,-0.3804033657091192,true,true
USE1,0.0782550252974033,-0.2282741318170806,false,true
USF1,-0.0134214600548148,-0.1779165094847194,true,true
USF2,0.1733477652072906,0.1605099489820869,true,true
USH2A,-0.0978684872388839,0.1691242560839969,false,true
USHBP1,0.0475098006427287,0.199184251506252,true,true
USO1,-0.0563255026936531,0.2397240997176215,false,true
USP1,-0.0737474863417446,-0.1309159610696109,true,true
USP10,-0.07415493364845,-0.158253766858349,true,true
USP11,0.0549466840922832,0.6291964011841311,true,true
USP12,-0.0167339042361293,-0.329217593455708,true,true
USP13,-0.0649072602391242,0.5840434619648933,false,true
USP14,-0.0523018640233203,-0.1722171019977163,true,true
USP15,-0.0812863586470484,0.1167282383194381,false,true
USP16,0.0043764380472046,-0.1457466770180166,false,true
USP18,0.1996307224035263,-0.1203908101774606,false,true
USP19,0.0591988017782568,0.2780145463963132,true,true
USP2,-0.1981514990329742,0.1583795391441329,false,true
USP20,0.0695028317471345,0.228109805254355,true,true
USP21,0.1097093857824802,0.2944577756357902,true,true
USP22,0.0306436026779313,0.2534537543217414,true,true
USP24,0.0752791492933673,-0.001164078098415,false,true
USP25,-0.0143119681493512,0.1879916242642192,false,true
USP28,0.1027451753616333,0.3792558954604627,true,true
USP3,-0.0662934693973511,-0.0244495996925571,true,true
USP30,0.1084774374961853,0.2350158764236502,true,true
USP31,-0.0618219698468844,-0.0525156317778541,true,true
USP32,-0.0114048667351848,-0.3454279642129605,true,true
USP33,0.0120856280305555,0.077453830432991,true,true
USP34,-0.0344097191201789,0.0134558672699967,false,true
USP35,0.0841460898518562,-0.1331344151036446,false,true
USP36,-0.0401746545519147,0.1670201587172006,false,true
USP37,-0.0289169855948005,0.009964738900305,false,true
USP38,-0.0318314604461193,-0.3082814069192347,true,true
USP39,-0.0060366534494927,-0.0748198850551751,true,true
USP4,0.0501767780099596,0.3116672482261897,true,true
USP40,0.1437313448016842,0.3198715251873962,true,true
USP42,0.0076958409377506,-0.0287926255442179,false,true
USP44,-0.2140723727643489,0.1083606328640491,false,true
USP45,-0.1266871597617864,0.2128180319216008,false,true
USP46,-0.0143202962353825,0.3048512017881206,false,true
USP47,-0.0110877129648412,0.3036769577391207,false,true
USP48,0.0507378490375621,0.2932550864781897,true,true
USP49,-0.0046643856912851,0.1426224820627447,false,true
USP5,0.0130254104733467,0.0922124402690194,true,true
USP51,0.2317538149654865,0.3951920326168878,true,true
USP53,-0.2561603114008903,-1.794307605770822,true,true
USP54,-0.2630358263850212,0.4938401663804667,false,true
USP6,0.0275305230170488,-0.188691574767126,false,true
USP6NL,0.0264923857524991,0.0454514163818946,true,true
USP7,-0.0160754220560192,-0.0356603726009394,true,true
USP8,-0.030169926849859,0.0690998341645898,false,true
USP9X,-0.0528453674549902,0.0162481922708197,false,true
USP9Y,0.113571283008371,1.483493385208187,true,true
USPL1,-0.0829245791371379,-0.0385515643837668,true,true
UST,-0.2108746021986007,-0.0795709023964286,true,true
UTP14A,-0.1182375621050596,-0.1576715896673048,true,true
UTP14C,0.0512781217694282,0.0430546086449078,true,true
UTP15,-0.1259067030623555,-0.2440131316360361,true,true
UTP18,-0.0472599865868687,-0.4490076161319782,true,true
UTP20,-0.0515563998371362,-0.2731204255177353,true,true
UTP23,-0.0506249658763408,-0.062235292122037,true,true
UTP3,-0.0633030772830049,-0.0903141924167152,true,true
UTP6,-0.00874774903059,-0.172565011173833,true,true
UTRN,0.0680815447121858,0.0290339823187908,true,true
UTS2B,0.0549470074474811,0.1188339835419202,true,true
UTY,0.1039600899176938,2.027471430658677,true,true
UVRAG,0.038424937254084,0.1102511155195355,true,true
UVSSA,0.0045210517942905,-0.0419900295107935,false,true
UXS1,0.1479776917646328,0.0322047153754709,true,true
UXT,-0.0694303072988986,-0.1943663279812026,true,true
VAC14,0.0504072315990924,-0.1270705450485194,false,true
VAMP1,0.0834826864302158,0.0815907157446662,true,true
VAMP2,-0.0272508971393108,0.357675645010155,false,true
VAMP3,0.0382783459499478,-0.109854088449973,false,true
VAMP4,-0.0078307611867785,-0.1675226224426422,true,true
VAMP5,-0.0329400040209293,-0.4020623260824987,true,true
VAMP8,-0.1279331147670745,-1.068699032568723,true,true
VANGL1,0.1307398471981287,-0.1309995936663561,false,true
VANGL2,-0.1068117916584014,-0.164842538213177,true,true
VAPA,-0.0879421415073531,-0.2276747700539782,true,true
VAPB,-0.0589863733787621,0.2402646633562728,false,true
VARS,-0.1122115047182887,-0.739233299166659,true,true
VARS2,0.1830088309943676,0.1323915291429838,true,true
VASH1,0.1750876761041581,-0.0607681270018525,false,true
VASH2,-0.5856131911277771,-0.0407902914321964,true,true
VASN,-0.3530545830726623,-0.7498267590024718,true,true
VASP,0.0015174132228518,-1.094286356594332,false,true
VAT1,-0.2384484112262725,-0.2357661830912247,true,true
VAT1L,0.3928983509540557,0.6784790574937487,true,true
VAV1,0.1881569176912307,-0.9430196590443004,false,true
VAV2,0.1526769412060578,0.0658147296648443,true,true
VAV3,-0.2143303602933883,-0.0857956939553627,true,true
VAX2,0.1107423231005668,-0.018434451667007,false,true
VBP1,-0.1546841979026794,0.1009477254172805,false,true
VCAM1,0.0594767928123474,-1.191444866540735,false,true
VCAN,0.0445614345371723,-0.8959938125621214,false,true
VCL,-0.0943267941474914,0.3640768992432326,false,true
VCP,-0.1547083474163498,0.0947077993660698,false,true
VCPIP1,-0.1139457777142524,0.0597488443143472,false,true
VCPKMT,0.0278500678017735,0.085321132324122,true,true
VDAC1,-0.19347103536129,0.1317755146719292,false,true
VDAC2,-0.0798879563808441,0.1041380609831446,false,true
VDAC3,0.0140776440501213,0.4979630507834871,true,true
VDR,-0.5006998181343078,-0.5966980172405526,true,true
VEGFA,0.1350729018449783,0.3317807559582712,true,true
VEGFB,0.0427260285243391,0.2431950072813462,true,true
VEGFC,0.3964793384075164,-0.5472592513510259,false,true
VENTX,0.1396997720003128,-0.2249773788301056,false,true
VEPH1,-0.3970414102077484,-0.108047475592845,true,true
VEZF1,-0.0544308775104582,0.107699500421714,false,true
VEZT,-0.0420715516167027,0.1277267343323051,false,true
VGLL3,-0.3317081928253173,-0.1454380189721624,true,true
VGLL4,0.0631232125950711,0.2273050716578755,true,true
VHL,-0.0342451566830277,-0.2460423784388243,true,true
VIL1,-0.0194496996700763,0.003998593528716,false,true
VILL,0.1285613887012004,0.2252395248219033,true,true
VIM,-0.1390328837026442,-0.4317141890369908,true,true
VIP,0.1989646703004837,0.1291312759028207,true,true
VIPAS39,0.0618363462388515,0.4067380684543073,true,true
VIPR1,-0.1110095977783203,0.3889455640919211,false,true
VIPR2,-0.1397136002779007,-0.5832416549311241,true,true
VIT,-0.664151906967163,1.147028295232396,false,true
VKORC1,-0.0949282608926296,-0.3756805110568128,true,true
VKORC1L1,-0.0067865464038082,-0.0893004968558859,true,true
VLDLR,-0.0399988740682601,-0.0355262674704874,true,true
VMA21,-0.0731125194579362,-0.1647752048684334,true,true
VMAC,-0.010768232634291,0.3832086748942427,false,true
VMP1,-0.211360081498112,0.1225324219422168,false,true
VN1R1,-0.0224079582840204,0.3877011065391653,false,true
VNN1,0.285008430480957,-0.125560619069982,false,true
VNN2,-0.0298820715397596,-0.5018710216053726,true,true
VOPP1,0.1321116715137447,-0.3812095826397139,false,true
VPS11,-0.0403098665643483,0.1507526422840905,false,true
VPS13A,0.0002765107367719,0.3611333331756174,true,true
VPS13B,-0.0076896252742569,0.3577841632012512,false,true
VPS13C,0.071944058407098,0.1425819141811022,true,true
VPS13D,-0.0459003067974533,-0.0959457212810299,true,true
VPS16,-0.0544471286237239,-0.1629650645627482,true,true
VPS18,-0.0549163408577442,0.053459494819664,false,true
VPS25,-0.0064499856283267,-0.0049739455564532,true,true
VPS26A,-0.1002254198704447,-0.0856083381140404,true,true
VPS26B,0.1990344285964965,-0.0334755152001262,false,true
VPS28,0.1011144392192363,-0.0204366027044775,false,true
VPS29,-0.0310613083919244,-0.428325138200627,true,true
VPS33A,0.0376134004443883,0.003506373166338,true,true
VPS33B,-0.0045909970998764,-0.2899648908248611,true,true
VPS35,0.054879670869559,0.0932551507646692,true,true
VPS36,0.0198998117453551,0.2481022130387637,true,true
VPS37A,-0.0850537661463022,-0.1352600772478362,true,true
VPS37B,-0.059228140993842,-0.0414865730092932,true,true
VPS37C,0.0211129069328308,-0.3670019741613432,false,true
VPS39,0.0207940975337156,0.3607266399764861,true,true
VPS41,0.0731895065733364,0.2993634207492643,true,true
VPS45,0.1063532267830201,0.3999434161793358,true,true
VPS4A,-0.0499120077118277,-0.2339097079227121,true,true
VPS4B,-0.0005633160471916,-0.0601419232604394,true,true
VPS51,-0.0123553551758439,0.1845275561078683,false,true
VPS52,0.0274534426862373,0.3527509573310538,true,true
VPS53,0.0389391268337411,0.0076128619270736,true,true
VPS54,0.0379200059521411,-0.075398793069656,false,true
VPS72,-0.0419880816712975,-0.0634068578956155,true,true
VPS8,0.0897979148264442,0.6918818619857374,true,true
VPS9D1,-0.0200596433132886,-0.1548456754334182,true,true
VRK1,0.0057820320129394,0.1291088789756131,true,true
VRK2,-0.0643686228764376,-0.2712439402267397,true,true
VRK3,0.0193106354447081,0.0383587151800122,true,true
VRTN,-0.0237995795905589,-0.0018954347602633,true,true
VSIG10,0.1199463350698351,0.0965590288576623,true,true
VSIG2,0.0078052170574665,0.0266178873053196,true,true
VSIG4,-0.5833379626274108,-1.665953658097755,true,true
VSNL1,0.3430079221725463,0.5300891230773134,true,true
VSTM2L,-0.2411694824695587,-1.112818766688727,true,true
VSTM4,0.1106136739253997,0.2516950593098799,true,true
VTA1,0.0312667944069419,-0.0514894668502412,false,true
VTCN1,0.3313817679882049,0.0096664482906256,true,true
VTI1A,-0.0826498039906644,0.2052326412677647,false,true
VTI1B,0.0251874902285635,-0.0501085086403154,false,true
VTN,0.1319150328636169,0.2865036905958628,true,true
VWA1,-0.1835512965917587,-0.955070334727306,true,true
VWA3A,0.0705639943480491,0.1176896752487591,true,true
VWA3B,0.0388805195689201,0.069153305858756,true,true
VWA5A,0.0105850659310817,-0.3558230012174226,false,true
VWA7,0.0619744881987571,0.5673089605577674,true,true
VWA8,-0.0308087840676307,0.8137894082839309,false,true
VWC2,0.0407033674418926,0.6077614942503766,true,true
VWCE,0.0735031440854072,0.0940591424839415,true,true
VWF,-0.3612308204174041,0.28329386729924,false,true
WAC,-0.0032172615506819,0.0912645007913335,false,true
WARS,-0.1777126640081405,-0.7691633452300621,true,true
WARS2,0.0074314555774132,0.2903802034611167,true,true
WAS,-0.0306983310729265,-0.6264010220049069,true,true
WASF1,-0.3073464930057525,-0.2612630541812832,true,true
WASF2,-0.0340413895568677,0.1476233514774514,false,true
WASF3,-0.5703016519546508,0.3900528063378156,false,true
WASL,0.0068066976964473,-0.1251889554825016,false,true
WBP1,0.1888932585716247,0.8285281504444066,true,true
WBP11,-0.1163569338619709,0.0265262687135496,false,true
WBP1L,-0.0458321720361709,-0.237032958516206,true,true
WBP2,0.0149611645902041,-0.2033839881167001,false,true
WBP2NL,0.0473378734663128,0.0359061885046878,true,true
WBP4,-0.0665014387729267,0.1577884775054774,false,true
WDFY1,0.0565343053479279,-0.0664023512567002,false,true
WDFY2,-0.0132022924455148,0.1112693024139765,false,true
WDFY3,-0.0030269443855753,0.1820713215491864,false,true
WDFY4,0.1290341019630432,-0.3524394800755261,false,true
WDHD1,-0.0219921238021925,-0.0749755983273973,true,true
WDPCP,0.1551743149757385,-2.92278797350646,false,true
WDR1,-0.0628707160552342,-0.5768078864196448,true,true
WDR11,0.0177094058266707,-0.0070567590124093,false,true
WDR12,-0.1274795070290565,-0.0980547474455781,true,true
WDR13,-0.0752905903384089,-0.1166656329140414,true,true
WDR17,0.1715325608849525,0.1877762925481673,true,true
WDR18,0.0631519264231125,-0.3333355811151466,false,true
WDR19,-0.0761178720742464,0.1771579886326444,false,true
WDR20,-0.0618156368977257,0.0229175181984873,false,true
WDR24,-0.0674408227205276,-0.0647153520893566,true,true
WDR25,-0.0384650595486164,-0.1314524765738847,true,true
WDR26,-0.0301566568336316,0.1172293947562392,false,true
WDR27,0.1691001222601958,0.1208442737902037,true,true
WDR3,-0.0724727421998977,-0.0057914202560036,true,true
WDR31,0.0778616620227694,0.5020349043301997,true,true
WDR33,-0.0186693183620393,0.0768590242836859,false,true
WDR34,0.0696117952466011,-0.1104827297968324,false,true
WDR35,-0.0130345046830674,0.1441042158758234,false,true
WDR36,-0.0057296574115753,-0.0441634172196851,true,true
WDR37,0.0122740194201469,0.3872353459098767,true,true
WDR4,-0.0729583539068698,-0.5028397775434312,true,true
WDR41,0.0764361390223105,-0.0335563464198473,false,true
WDR43,-0.1653795234326805,-0.2392103910710017,true,true
WDR44,0.0157350080886057,0.0368868038484793,true,true
WDR45,-0.0755938859656453,-0.0668866459962433,true,true
WDR45B,-0.0026704299574096,-0.1021540288947662,true,true
WDR46,-0.0127623700536787,-0.6148033298593764,true,true
WDR47,0.0180646503344178,0.1440804595211888,true,true
WDR48,0.0797292749796594,0.5146927130146954,true,true
WDR49,0.5792221426963806,0.1797742891170788,true,true
WDR5,-0.0626235593110322,-0.2544579070724184,true,true
WDR53,-0.0181583547964692,0.0585264025874492,false,true
WDR55,-0.1075627192854881,-0.2792072033822949,true,true
WDR59,0.1252138529505048,0.2415060563259348,true,true
WDR5B,-0.073268452193588,0.1721390484759872,false,true
WDR6,0.0654001730494201,0.2122095931755527,true,true
WDR60,0.0003311530287776,0.4441228111126767,true,true
WDR61,0.0003322411328554,-0.2368758402072499,false,true
WDR62,0.0169623438268899,0.2542681375740987,true,true
WDR66,0.1818682001903653,0.4277931578067109,true,true
WDR7,0.0007980683419321,0.660464108409732,true,true
WDR70,0.0202560929631415,0.1978598585275421,true,true
WDR73,-0.0370438462123274,-0.1096871901406042,true,true
WDR74,-0.0140966739466724,-3.759151837924308,true,true
WDR75,-0.0536469973623752,0.0112457726238681,false,true
WDR76,-0.1456870324909687,-0.475780210147404,true,true
WDR77,-0.1579394517466425,-0.2538142369471194,true,true
WDR78,0.128223381191492,0.7091403548741941,true,true
WDR81,-0.0636133059859275,-0.1370844219104601,true,true
WDR82,-0.011464991806341,0.0744861077969751,false,true
WDR83,-0.0644824180752038,0.0201831745403964,false,true
WDR83OS,0.1360390540212392,-0.0686140911171833,false,true
WDR88,0.0142669547349214,-0.0584733294939955,false,true
WDR89,-0.0038193196058273,-0.1577469993252891,true,true
WDR90,0.0740421912632882,0.1038652633484276,true,true
WDR91,0.2871277332305908,0.1402443208092563,true,true
WDR92,0.0595011366531252,0.2777707236663815,true,true
WDR93,-0.0629269778728485,0.0342405895293532,false,true
WDSUB1,0.0628071284542481,0.4526371736238763,true,true
WDTC1,0.0620866231620311,0.1687217941337948,true,true
WDYHV1,-0.0125695209950208,0.2963715652492329,false,true
WEE1,0.2246282845735549,0.3881817413310768,true,true
WFDC1,-0.2125335335731506,-0.0962503179159295,true,true
WFDC3,0.1602232009172439,0.0279711105984713,true,true
WFS1,0.0978662682076295,0.2312323983323061,true,true
WHAMM,-0.0141440245322883,-0.2360150246683585,true,true
WIPF1,0.0733287362381815,-0.2998678290964558,false,true
WIPF2,0.0445170157722064,-0.1741931400735135,false,true
WIPF3,-0.2594015896320343,0.4090391548757978,false,true
WIPI1,0.1264456808567047,-2.183765783435445,false,true
WIPI2,0.0344725947361439,-0.0633295713192865,false,true
WIZ,-0.0509827705100178,-0.2785854919611781,true,true
WLS,0.1822893513987461,0.1986188543557725,true,true
WNK1,-0.1313455368259123,-0.1164849810769599,true,true
WNK2,0.00009839585982263088,0.5129173887062439,true,true
WNK3,-0.6651212722063063,0.0126188348140441,false,true
WNK4,-0.0147792818024754,0.0128333636682904,false,true
WNT11,0.0454437956213951,0.1396422364245446,true,true
WNT2B,-0.2925014495849609,0.4571588181692336,false,true
WNT3,0.052474170923233,-0.1459931133643543,false,true
WNT4,0.0898021757602691,-0.000334752742046,false,true
WNT5A,-0.0220536794513463,0.2538171939774726,false,true
WNT5B,-0.1389686360955238,0.160140229591854,false,true
WNT6,-0.184590995311737,-0.0683030670923165,true,true
WNT9A,0.2766087055206298,1.959899062891966,true,true
WNT9B,-0.1902864128351211,0.069458699277344,false,true
WRAP53,0.0423151925206184,-0.2284917277277154,false,true
WRAP73,0.0049842363223433,-0.0893166361352402,false,true
WRB,0.08625891469419,0.0246336659792065,true,true
WRN,-0.0190050499513745,0.0922611122233223,false,true
WRNIP1,-0.0198562905813256,0.2351817272101919,false,true
WSB1,0.0400266330855499,0.0943637566586463,true,true
WSB2,0.013219907041639,-0.2116617801911582,false,true
WSCD1,0.1816232800483703,-0.3446452932196542,false,true
WT1,0.3111781179904937,0.1701083771714542,true,true
WT1-AS,0.1618706881999969,0.3008252021372686,true,true
WTAP,-0.1031206840915339,-0.3086022999772071,true,true
WTIP,0.3052527010440826,0.6921436219480079,true,true
WWC1,-0.0137063274160027,-1.189592162325272,true,true
WWC2,-0.0079574728650706,0.1242083598039105,false,true
WWC3,-0.03556213217477,0.0487595961121418,false,true
WWOX,0.0285396265265132,0.1239967407511213,true,true
WWP1,0.0242500198738915,0.0528938967278271,true,true
WWP2,0.0785841971103634,-0.058470468386754,false,true
WWTR1,-0.1522360891103744,-0.1454721860009504,true,true
XAB2,0.0833059782162308,0.1271458381012684,true,true
XAF1,0.5329146385192871,0.4735691953476113,true,true
XBP1,-0.2861282289028167,-0.8708996326789364,true,true
XG,0.6812629103660583,0.4813507776442116,true,true
XIAP,-0.0388824921101331,-0.0760123756279584,true,true
XIRP1,-0.0860818400979042,-4.502881298305555,true,true
XK,-0.0229801051318645,0.380307932104599,false,true
XKR4,0.0563747435808181,0.1837359580478035,true,true
XKR6,0.1027543024725413,0.0288585888900382,true,true
XKR9,0.1117951534688472,-0.0014569818395493,false,true
XPA,-0.0451364610344171,0.3580136504090196,false,true
XPC,0.0196523168124258,0.5053825934770634,true,true
XPNPEP1,-0.0099078722298145,0.0021937582297359,false,true
XPNPEP3,0.0238769282586872,0.6306668844279995,true,true
XPO1,0.1209663498614515,0.2672848818269848,true,true
XPO4,-0.0295403988233634,0.6364235473762507,false,true
XPO5,-0.0411428116261959,-0.1446555094795591,true,true
XPO6,-0.01589135672631,-0.2729375317848941,true,true
XPO7,0.0834398682096174,0.2488632923896139,true,true
XPOT,-0.0640878900885581,-0.5057074141437549,true,true
XPR1,0.1718839704990387,-2.27749742493631,false,true
XRCC1,0.1219295788556337,-0.0990953908006044,false,true
XRCC2,0.1090374886989593,-0.0698258757056863,false,true
XRCC3,-0.0975660420954227,-0.0519268490350974,true,true
XRCC4,-0.1012984860156263,-0.9978764241577556,true,true
XRCC5,-0.0531609018383148,-0.0859618320565482,true,true
XRCC6,-0.0717978756874799,-0.2438426193431588,true,true
XRN1,0.0177049125943865,0.1587460346648934,true,true
XRN2,-0.0955024680921009,-0.288770580812387,true,true
XRRA1,0.0554393313858391,0.106501962840432,true,true
XXYLT1,0.0800358682870864,-0.2921782178397189,false,true
XYLB,0.1792275562882423,-0.0085527186129452,false,true
XYLT1,-0.1574534409679472,-0.5045936188682582,true,true
XYLT2,0.0778024591505527,0.1570595065125184,true,true
YAF2,-0.1727745133851255,0.5026309362067236,false,true
YAP1,0.1261355394497513,-0.5558446303737073,false,true
YARS,-0.1845956412809235,-0.6369187287880534,true,true
YARS2,-0.0158543454483151,-0.0241957435086592,true,true
YBEY,0.0872010756283998,-0.0206812369340831,false,true
YBX1,-0.1223562285304069,-0.0561097402758443,true,true
YBX2,-0.1422509253025054,0.1207903541117036,false,true
YBX3,-0.2527871215716004,-0.5716668502689055,true,true
YDJC,-0.0369318276643752,-0.3067736696091969,true,true
YEATS2,0.0378167224116623,0.0410455233483957,true,true
YEATS4,-0.0186438146047294,-0.0354838792861245,true,true
YES1,0.1000644639134407,-0.2855288455689977,false,true
YIF1A,-0.0543279159814119,-0.5161514328893703,true,true
YIF1B,0.1111694611608981,-0.6780689788162357,false,true
YIPF1,0.0214824559167027,-0.523757163747748,false,true
YIPF2,-0.0264434310956858,-0.3033547471921767,true,true
YIPF3,-0.0167798376642167,-0.0602364622973432,true,true
YIPF4,-0.0200957666550363,0.3714971534478124,false,true
YIPF5,-0.0562295045703649,-0.1195806025837744,true,true
YIPF6,-0.1030286140739917,-0.1172712912121602,true,true
YIPF7,-0.0600129514932632,0.3712074730694389,false,true
YJEFN3,0.1389606446027755,0.0635998062519207,true,true
YKT6,-0.053110399399884,-0.5356680640401387,true,true
YLPM1,0.0818545786397797,0.4389893317011011,true,true
YME1L1,-0.0270729779398867,-0.0835961332521737,true,true
YOD1,-0.1629484272561967,-0.2836041894275842,true,true
YPEL1,-0.2330732643604278,0.9596882253477068,false,true
YPEL2,0.0043559645613034,0.6557323197499642,true,true
YPEL3,0.2164856657385826,0.1341025538147584,true,true
YPEL5,0.0222485184669494,0.1583079534154476,true,true
YRDC,-0.1599075899769862,-0.4775135933774183,true,true
YTHDC1,0.0340822596834706,0.2900395222109479,true,true
YTHDC2,-0.0131140177005103,-0.0663608898427106,true,true
YTHDF1,-0.0397697934880852,-0.1409229409044146,true,true
YTHDF2,-0.072633269863824,-0.1218239575091977,true,true
YTHDF3,-0.128963816012921,0.4022844149600248,false,true
YWHAB,0.0092674378926555,-0.169472279162032,false,true
YWHAE,-0.0380688863141196,0.018995362820859,false,true
YWHAG,-0.1687012258917093,0.0560897009700873,false,true
YWHAH,-0.0743884220719337,-0.8889405175505924,true,true
YWHAQ,-0.0585875356835978,0.0937729609275743,false,true
YWHAZ,-0.0698371217918715,-0.5407984845354327,true,true
YY1,0.0114260309242776,-0.3029680873648379,false,true
YY1AP1,-0.0228840268350073,-0.0609406380266088,true,true
ZADH2,0.1288189866114407,0.1061970330738324,true,true
ZAP70,0.2859162986278533,0.1069099193208693,true,true
ZBED3,0.0134254342410713,0.1659980061325736,true,true
ZBED4,-0.1402356500426928,-0.3660015485203314,true,true
ZBED5,-0.0359936859458684,0.1825733369694999,false,true
ZBTB1,0.0515172860718199,0.2232839678302744,true,true
ZBTB10,0.0396524804333845,0.3022757440639267,true,true
ZBTB11,0.0024296019226312,-0.0275664994101076,false,true
ZBTB14,0.2497103586792945,-0.0448876566924667,false,true
ZBTB16,-0.4771529052938733,-3.847503788789035,true,true
ZBTB17,-0.0739172868430614,-0.1934566916338544,true,true
ZBTB18,0.0548217613250017,-0.2190553405834738,false,true
ZBTB2,-0.0912139900028705,-0.2666476502519508,true,true
ZBTB20,-0.0046669109225539,-4.810609562101954,true,true
ZBTB21,-0.0800151934847235,-0.0811046265737687,true,true
ZBTB22,0.1303326189517974,0.0124978084040523,true,true
ZBTB24,-0.104310418665409,-0.0991952828388764,true,true
ZBTB25,-0.0237834217647711,0.4736169074824379,false,true
ZBTB26,0.0213517912197858,0.4197526178310404,true,true
ZBTB3,0.0663241371512413,0.1778474589756653,true,true
ZBTB32,0.1432509310543537,0.0017191679025875,true,true
ZBTB34,-0.0527980336919426,-0.0407310330283876,true,true
ZBTB37,0.0943293038755655,0.4228287888902659,true,true
ZBTB38,-0.1116711731467928,-0.1751825138332678,true,true
ZBTB39,-0.0132049359381198,0.0018563900757795,false,true
ZBTB4,0.1429083819190661,0.3335186307020325,true,true
ZBTB40,0.0502533935276525,0.0774112332750864,true,true
ZBTB41,-0.0190421089529991,0.0221785952409585,false,true
ZBTB43,-0.1629785597324371,-0.1192644972563803,true,true
ZBTB44,0.0645686974083738,0.2348870135872145,true,true
ZBTB45,-0.1095828339457512,-0.1459013892846923,true,true
ZBTB46,0.2355170225103696,-0.087492531280898,false,true
ZBTB47,0.1612361520528793,-0.0385387979607187,false,true
ZBTB48,-0.0519147679209709,0.2808606257966013,false,true
ZBTB49,0.0561251626349985,0.3424249438050486,true,true
ZBTB5,-0.177763032913208,-0.0513965894031356,true,true
ZBTB6,-0.1798709481954574,0.1124868826830396,false,true
ZBTB7A,0.0188953364267945,-0.237970785687414,false,true
ZBTB7B,-0.2553161978721618,-0.6730462736865968,true,true
ZBTB7C,0.1118319779634475,-0.1211834333232086,false,true
ZBTB8A,-0.0939597762189805,0.4132633137437298,false,true
ZBTB8OS,-0.001597810536623,-0.1916946919023709,true,true
ZC2HC1A,0.2024509099622567,0.4378294570155001,true,true
ZC2HC1C,-0.1081318408250808,0.0405261888234691,false,true
ZC3H11A,-0.0746165746822953,-0.0590679816370673,true,true
ZC3H12A,-0.3395879864692688,-0.5952101588310378,true,true
ZC3H12B,0.2053072713315486,0.1327366991438532,true,true
ZC3H12C,-0.0662750085815787,0.0103706078120473,false,true
ZC3H12D,0.0110723711550235,0.1686796563595978,true,true
ZC3H13,0.0339394183829426,0.4117486645895169,true,true
ZC3H14,0.0440442064510924,0.0690708091677434,true,true
ZC3H15,-0.0085463418799918,-0.1059305753162052,true,true
ZC3H18,-0.043754082173109,-0.0352687264439421,true,true
ZC3H3,-0.0275803888216614,-0.1096348672645701,true,true
ZC3H4,0.0374232484027743,0.0472335017065619,true,true
ZC3H6,0.0872105002802397,0.6099828053885358,true,true
ZC3H7A,-0.0530377433502248,0.0570972815275641,false,true
ZC3H7B,-0.0142829017713665,-0.0983330638592532,true,true
ZC3H8,-0.0448986150634785,0.3580417896572973,false,true
ZC3HAV1,-0.1077299192547798,-0.249458925233263,true,true
ZC3HAV1L,-0.00149417668581,0.0117794599465199,false,true
ZC3HC1,-0.0012535391375422,0.0033967581044889,false,true
ZC4H2,0.156029843725264,-0.1863207481828184,false,true
ZCCHC10,-0.0459329749767979,-0.0281532800160668,true,true
ZCCHC14,0.1507124751806259,0.0755619081309992,true,true
ZCCHC17,-0.0878902402085562,-0.2089850205699876,true,true
ZCCHC18,-0.0897451564669609,-0.0009225123531956,true,true
ZCCHC2,-0.0786571590495961,-0.5163725928878473,true,true
ZCCHC24,0.0441595949232578,-0.5325577665490941,false,true
ZCCHC3,0.0945247262716293,0.1163056909008377,true,true
ZCCHC4,-0.0212863467633724,0.2809686453353359,false,true
ZCCHC7,-0.0426998503639229,0.392666126389304,false,true
ZCCHC8,-0.0236026360320725,0.2132665782739251,false,true
ZCCHC9,0.0507963372394442,-0.0328112043691435,false,true
ZCRB1,-0.0547306194901466,0.0392496792380958,false,true
ZCWPW1,0.1496818214654922,0.2357302454192237,true,true
ZCWPW2,0.058419692950944,0.3694076360073548,true,true
ZDBF2,-0.0083822782617062,0.2308579647880142,false,true
ZDHHC1,0.0907678946387022,0.0040135892987183,true,true
ZDHHC11,-0.2196693271398544,0.3407703914293267,false,true
ZDHHC11B,-0.2761062383651733,0.0943632239493878,false,true
ZDHHC13,-0.0379177294671535,-0.2030182666294346,true,true
ZDHHC14,0.2000649433050836,0.2228698069851664,true,true
ZDHHC15,0.1088878018781542,0.5243064668932795,true,true
ZDHHC16,-0.1223831698298454,-0.4736316847122377,true,true
ZDHHC17,0.0417516255485159,0.0372879746032213,true,true
ZDHHC18,0.0192880444228649,-0.3491374845856802,false,true
ZDHHC2,0.0643208475473026,-0.1472743894629617,false,true
ZDHHC20,-0.0266962230671197,-0.4762073551312182,true,true
ZDHHC21,0.0766126977146736,0.1569539949932248,true,true
ZDHHC23,-0.0410028174519538,-0.1127546650923176,true,true
ZDHHC24,0.0351680287159979,-0.2754353038675714,false,true
ZDHHC3,0.0059800945222377,-0.1027504539178902,false,true
ZDHHC4,-0.014934638980776,-0.2004486016823388,true,true
ZDHHC5,-0.0916510879993438,-0.0714506208953258,true,true
ZDHHC6,-0.0223345900129061,-0.0854305248769602,true,true
ZDHHC7,0.0061186786741018,-0.0171741511521261,false,true
ZDHHC8,-0.0150024060159921,-0.0950646231641418,true,true
ZDHHC9,-0.2156811455885569,-0.6906840587571765,true,true
ZEB1,0.0671376220083662,0.6292761518150245,true,true
ZEB2,-0.0664359480142593,-0.0271907945857314,true,true
ZER1,0.0577597793723855,0.0828814044541101,true,true
ZFAND1,-0.1090932376682758,0.0137446230341566,false,true
ZFAND2A,-0.0250200706068426,-0.0354422800739171,true,true
ZFAND2B,0.0163011111319065,-0.5237882442553201,false,true
ZFAND3,-0.0739593181226934,0.0182210266754703,false,true
ZFAND4,-0.030717157991603,0.5621267640314422,false,true
ZFAND5,-0.2136127362027764,0.4906235338302904,false,true
ZFAND6,-0.1010657809674739,0.1303552329397641,false,true
ZFAT,-0.0375934833660721,-0.2154828476092591,true,true
ZFC3H1,-0.0225402587093412,0.2516202432583476,false,true
ZFHX2,0.1641185015905648,0.089308039928944,true,true
ZFHX3,-0.0293029136955738,0.1865823536395887,false,true
ZFHX4,0.3539969027042388,0.107279803454644,true,true
ZFP1,-0.0366692875977605,0.0321617670853764,false,true
ZFP14,0.2026505880057811,0.4052887252940546,true,true
ZFP2,0.1647048704326152,0.2346416770768031,true,true
ZFP28,0.1010241152253002,-0.1235672175382762,false,true
ZFP3,-0.1033988054841756,0.4525220014550348,false,true
ZFP30,0.0525573722552508,0.2318616263802373,true,true
ZFP36,-0.2299133390188217,-0.3288520099115954,true,true
ZFP36L1,0.1059841588139534,-0.8690139297102867,false,true
ZFP36L2,-0.1189041749263803,-0.1382272078857425,true,true
ZFP37,-0.0238517206162214,0.3618966815643477,false,true
ZFP62,0.0729765363503247,0.3903469792374401,true,true
ZFP64,0.1899823054671287,0.0283300050885517,true,true
ZFP69,0.0493523431941866,-0.1288761932591474,false,true
ZFP82,0.1947815358638763,0.0501932141074228,true,true
ZFP90,0.1270259022712707,0.4300041993081253,true,true
ZFP91,-0.0482363759850462,-0.0930220484240935,true,true
ZFPL1,0.0517001781845465,-0.1666575861731156,false,true
ZFPM1,0.0206823241896927,-0.005880879757886,false,true
ZFPM2,0.038663343592946,0.6773190932655506,true,true
ZFR,-0.043575803350125,0.1439689005070024,false,true
ZFR2,0.0902779549360275,0.0313458382768848,true,true
ZFX,-0.0566067211329936,-0.2117557945473431,true,true
ZFY,0.1406262934207916,1.30722407381029,true,true
ZFYVE1,0.0269421707838773,0.2261009841863885,true,true
ZFYVE16,0.07986278246556,0.4207766259926852,true,true
ZFYVE19,0.1601945708195368,0.045903730778118,true,true
ZFYVE21,0.151766674593091,0.0151321846781611,true,true
ZFYVE26,-0.0005416808649897,-0.0112589708454402,true,true
ZFYVE27,-0.0072866860777139,0.1519422965091852,false,true
ZFYVE28,-0.0005975017944971,-0.2278114631249819,true,true
ZFYVE9,0.0536984212696552,0.0500044677942184,true,true
ZGPAT,-0.0732483735308051,-0.508391493475635,true,true
ZHX1,-0.0369268374517559,0.1102762471406943,false,true
ZHX2,-0.0508640467056206,0.8295576065846405,false,true
ZHX3,-0.181160273651282,0.1123503105952146,false,true
ZIK1,-0.0189020708203315,0.0750293787382738,false,true
ZKSCAN1,0.0177675767668655,0.4262139901079153,true,true
ZKSCAN2,-0.0049039423465728,0.2487798119527437,false,true
ZKSCAN3,0.0243019610643386,0.3284819077465537,true,true
ZKSCAN4,0.0237194262444972,0.1224587382029627,true,true
ZKSCAN5,0.0456075634807348,0.0470783048014946,true,true
ZKSCAN7,0.0206043124198913,0.197508008804806,true,true
ZKSCAN8,-0.0103455459699034,0.4576993442864298,false,true
ZMAT1,0.3507290638983249,0.8420047169531781,true,true
ZMAT2,0.1212083945671717,0.0623943362314349,true,true
ZMAT3,0.0884939298654596,0.1122910332806705,true,true
ZMAT4,-0.0227439366281032,0.200361946433923,false,true
ZMAT5,0.0831541791558265,-0.1141156864375845,false,true
ZMIZ1,-0.0742973151167721,0.3230596020483083,false,true
ZMIZ2,0.0490325609222054,-0.1443710380896541,false,true
ZMPSTE24,-0.0071268611936829,-0.5920301022797405,true,true
ZMYM1,0.0549078932031989,0.1275638502734604,true,true
ZMYM2,0.0117026721127331,0.2743144750732238,true,true
ZMYM3,0.217726652820905,0.1560498941203345,true,true
ZMYM4,0.0744995804769652,0.1886634495095544,true,true
ZMYM5,0.0182031910267791,0.1146783845588568,true,true
ZMYND11,0.0252791099649454,0.1375452781677797,true,true
ZMYND12,0.1272620558738708,0.6831571330926304,true,true
ZMYND15,0.2967466711997985,0.0290288650088169,true,true
ZMYND19,0.0618258938193321,-0.4497071035949478,false,true
ZMYND8,-0.0690535289634551,0.2385333855118383,false,true
ZNF10,-0.0193189370135466,0.3376873933110857,false,true
ZNF100,-0.0593427427113056,0.2371138798464884,false,true
ZNF101,-0.057217564433813,-0.0875598181100591,true,true
ZNF106,0.1426238268613815,-8.001893198652278,false,true
ZNF107,-0.0154892389352122,0.1717875570585591,false,true
ZNF112,0.0195388141437433,0.282486821357752,true,true
ZNF114,-0.0385279208421707,-0.0404172482704318,true,true
ZNF117,0.403633713722229,0.2855464357347938,true,true
ZNF12,0.0148356860503554,0.3095753184067557,true,true
ZNF121,-0.1239145301282405,-0.0555156166663426,true,true
ZNF124,-0.0774952010251581,0.2363841862789093,false,true
ZNF131,0.0169346193350585,0.075163863842961,true,true
ZNF132,-0.0421806992962956,0.2182485640604878,false,true
ZNF133,0.1053951971232891,0.1363609137331574,true,true
ZNF134,-0.0288881772430613,0.0987238672062491,false,true
ZNF135,0.1805116087198257,0.468646700927497,true,true
ZNF136,0.0002114289207383,0.3761186856882687,true,true
ZNF138,0.0474010561592876,0.185577374280379,true,true
ZNF14,0.1144836232066154,0.5871473390834123,true,true
ZNF140,0.0183648465201258,-0.008340232528984,false,true
ZNF141,-0.1119865060650876,0.2132933229494717,false,true
ZNF142,0.0152455192059278,0.210325763265116,true,true
ZNF143,-0.0956298961304127,-0.1631811590221028,true,true
ZNF146,-0.1255371471246083,-0.172044560238791,true,true
ZNF148,0.0277901999985,0.2186102477703615,true,true
ZNF154,-0.0078679416328668,0.2042418194958211,false,true
ZNF155,0.0430731309577822,0.2245721038541628,true,true
ZNF16,-0.0291997063905,0.2736411547433939,false,true
ZNF160,0.1019165755382606,0.6140928177073603,true,true
ZNF165,-0.0413564592599868,-0.045328210488236,true,true
ZNF169,-0.0265280303079634,0.3617883450913856,false,true
ZNF17,-0.0398301472887396,0.3275371793732193,false,true
ZNF175,0.0143822379410266,0.0276792675892294,true,true
ZNF18,0.0120186706384023,0.2013327904001394,true,true
ZNF180,0.0471097150817513,0.17415012777824,true,true
ZNF181,0.0489405326545238,0.2679739069492854,true,true
ZNF182,0.0666653364896774,0.1966485362272116,true,true
ZNF184,0.0970320869237184,0.1629944231346023,true,true
ZNF185,0.2587686777114868,-0.0959597440602398,false,true
ZNF189,-0.0527773432433605,0.9950130448062984,false,true
ZNF19,-0.01098183724874,-0.006514866627618,true,true
ZNF195,-0.0626765584573149,0.132057122791811,false,true
ZNF197,-0.0013453107094392,0.1382120482766096,false,true
ZNF2,0.0599406324326991,0.259579542571896,true,true
ZNF20,-0.0783954765647649,0.0729836802419946,false,true
ZNF200,0.0448084436357021,0.0741391862829214,true,true
ZNF202,0.0982307383790612,-0.1014132550141415,false,true
ZNF205,0.0697470794742306,-0.2043151839891499,false,true
ZNF207,0.0074921099336019,-0.0419737782818891,false,true
ZNF208,0.1481529027223587,1.263728583757486,true,true
ZNF211,0.1014317329972982,0.4697478404490671,true,true
ZNF212,0.0718724915175698,0.1854071383096189,true,true
ZNF213,-0.0814594231545925,-0.1774636665924509,true,true
ZNF214,0.0991000328212976,0.2763606900244687,true,true
ZNF215,-0.1274780184030532,-0.027932769259796,true,true
ZNF217,-0.084482926564912,-0.028200923020802,true,true
ZNF219,0.0108592168738444,-0.3929680529940848,false,true
ZNF22,-0.2068652212619781,-0.0477555031862899,true,true
ZNF221,0.0073666907846927,0.3406939733193374,true,true
ZNF222,-0.0381471253931522,-0.0480770564947703,true,true
ZNF224,0.0043198319151997,0.4313913324166547,true,true
ZNF225,0.0126314759254455,0.1985499836332445,true,true
ZNF226,0.0795252330601215,0.4415468164624951,true,true
ZNF227,0.0425032688304781,0.2147145764274074,true,true
ZNF229,0.1269783698953687,0.2198582807935882,true,true
ZNF23,0.0036417592316865,0.0859326733836076,true,true
ZNF230,-0.130232498049736,0.1023788272134855,false,true
ZNF232,0.0976456794887781,-0.2785023874644483,false,true
ZNF233,0.0151434248934189,0.586106983992396,true,true
ZNF234,0.0821654386818408,0.3107497480781558,true,true
ZNF235,0.089484647781189,0.3151461129618646,true,true
ZNF236,0.0765289705512779,0.3355588489885059,true,true
ZNF239,-0.032724842429161,-0.0343419536620479,true,true
ZNF24,-0.0322288259863853,-0.118386645695625,true,true
ZNF248,0.0864513417085011,0.5396579202572922,true,true
ZNF25,0.0788119383156299,0.262139000172278,true,true
ZNF250,0.0614545293152332,0.2079604965942891,true,true
ZNF251,0.1349163422627108,0.3169689030812672,true,true
ZNF253,-0.0398771669715642,0.4831371036448599,false,true
ZNF254,-0.016961434656488,0.6071715702887208,false,true
ZNF256,-0.1174555718898773,0.4333737934823256,false,true
ZNF257,-0.0188871863065287,0.0570911182844466,false,true
ZNF26,-0.0444763692461752,0.1353389806738356,false,true
ZNF260,-0.0276182691566646,0.186626749100589,false,true
ZNF263,0.0569258261239156,-0.1619591433400753,false,true
ZNF264,0.0040375549346208,0.1895091600370411,true,true
ZNF266,0.000531756831333,0.2499703604357752,true,true
ZNF267,-0.092551545612514,-0.3767765540057066,true,true
ZNF268,0.0006313323974609,0.331458923616283,true,true
ZNF273,0.1028425637632608,0.3259605892053859,true,true
ZNF274,0.0182679117424413,0.0012923505615574,true,true
ZNF275,-0.082726277410984,0.0625497995895329,false,true
ZNF276,0.0207028255487481,0.1438883939698185,true,true
ZNF277,-0.0419039346089188,0.4529225859002634,false,true
ZNF28,-0.0083648292347788,0.1190545480823392,false,true
ZNF280B,0.1346986591815948,0.1082992144034846,true,true
ZNF280C,-0.0089244566392153,0.1235405198196368,false,true
ZNF280D,0.1217340885528496,0.5166427608075139,true,true
ZNF281,-0.11302071204409,-0.0745427188019571,true,true
ZNF282,0.0164776124991476,-0.1146167033943856,false,true
ZNF283,0.0901872619986534,0.4853270047183428,true,true
ZNF284,-0.0146968569606542,0.0583602801398681,false,true
ZNF285,0.0694081112742424,0.2965530326221914,true,true
ZNF286B,-0.0647011622786521,0.0347816610739934,false,true
ZNF287,0.052908440430959,0.4928355157154475,true,true
ZNF292,0.0441271167780671,0.2347454746114769,true,true
ZNF3,-0.0245917496271431,0.2927795719371899,false,true
ZNF30,0.2564339439074198,0.2174939653048546,true,true
ZNF300,-0.1763185858726501,-0.0015270621333274,true,true
ZNF302,0.0349813400368605,0.3753020698019256,true,true
ZNF304,-0.1661368037263552,0.0396379190645506,false,true
ZNF317,-0.1006987620145082,-0.0355839442160221,true,true
ZNF318,0.2483496353030204,0.0843086166257571,true,true
ZNF32,0.0603127432987093,-0.0600311597094531,false,true
ZNF320,0.0351215337092677,0.3071646704103225,true,true
ZNF322,-0.0239896805956959,0.2166659579699656,false,true
ZNF324,0.0224801232106983,0.0598791078781157,true,true
ZNF324B,-0.0632916372269392,-0.0760441275984049,true,true
ZNF326,-0.0081503176285574,0.2616889280152707,false,true
ZNF329,0.044309128075838,-0.0809053127649916,false,true
ZNF330,-0.101344920694828,-0.1987588042905779,true,true
ZNF331,-0.0249647106975317,-0.0558621753276074,true,true
ZNF333,0.0590532408561557,0.1741287361633792,true,true
ZNF334,0.1522121429443359,0.2951024640164454,true,true
ZNF335,-0.0351343097165226,-0.2618019638621946,true,true
ZNF337,0.0855532651767134,0.4191762666287774,true,true
ZNF33A,0.0233274523967078,0.382271184230031,true,true
ZNF34,-0.0514596698340028,0.2678788390666309,false,true
ZNF341,0.0423029877711087,0.0219795672343899,true,true
ZNF343,-0.0879696793388575,0.2182298729175564,false,true
ZNF345,0.1282663283248742,0.2863693115851098,true,true
ZNF346,0.0298175339897473,-0.0278197282223948,false,true
ZNF347,0.0627697397023439,0.2809466508068263,true,true
ZNF35,-0.0624566744081676,-0.2010630650749623,true,true
ZNF350,0.0211311037652194,0.2215968438927604,true,true
ZNF354A,-0.0140533319350652,-0.079564643982807,true,true
ZNF354B,0.0445102039258927,0.2282208607263096,true,true
ZNF354C,0.0189051751978695,0.1912388312678232,true,true
ZNF358,0.0257087767124176,0.2090851271087048,true,true
ZNF362,0.2061414917310079,0.2394896308108958,true,true
ZNF365,0.9698913097381592,0.2124509388423267,true,true
ZNF366,-0.272145926952362,0.1055932992460739,false,true
ZNF367,0.0022810511291027,-0.0797315154424278,false,true
ZNF37A,0.0229435712099075,0.1243598882841157,true,true
ZNF382,0.033300906419754,0.1488556947968291,true,true
ZNF383,0.0038761960342526,0.2629573761480719,true,true
ZNF384,0.0372007101774215,-0.0868273195489002,false,true
ZNF385A,-0.1547698825597763,-0.3258737667404385,true,true
ZNF385B,0.0296538453549146,0.4522472573835654,true,true
ZNF385C,0.0717968642711639,0.0647361697963778,true,true
ZNF385D,0.1386607797550303,-0.3067623549923592,false,true
ZNF391,0.1255273520946502,0.1677096995814454,true,true
ZNF394,-0.0587685909122228,0.1933829670404407,false,true
ZNF395,0.0565224504098296,-0.396562753957911,false,true
ZNF396,0.1192251145839691,0.0981994316282628,true,true
ZNF397,0.0663517302115603,0.1778698410295951,true,true
ZNF398,-0.0185251433867961,0.0037633780857335,false,true
ZNF404,0.1603646129369735,0.4724656768082009,true,true
ZNF407,-0.0866503840578453,0.2102092541872533,false,true
ZNF408,0.0915449857711791,0.0969155724334331,true,true
ZNF41,-0.0285116363316774,0.3039701752857277,false,true
ZNF410,-0.0623409398415658,-0.1207524121556162,true,true
ZNF414,0.0029974486678838,-0.091518182280821,false,true
ZNF415,0.1764914294083913,0.6184643286905737,true,true
ZNF416,-0.0177264288067817,0.095643680436771,false,true
ZNF417,0.039509096276015,0.3839205399898366,true,true
ZNF418,0.1416395020981629,0.5500311978559926,true,true
ZNF419,0.022253886796534,0.2450664912034781,true,true
ZNF420,0.1208067337671915,0.078728477007238,true,true
ZNF423,0.1824079241603612,0.1731028070005808,true,true
ZNF425,-0.0043927268125116,0.1385643922805914,false,true
ZNF426,-0.0098645629361271,0.2368063731148373,false,true
ZNF428,-0.0383916249265894,0.2456047532097165,false,true
ZNF429,0.1322120440502961,0.300799520924635,true,true
ZNF43,0.0072860788287861,0.3398421205836053,true,true
ZNF430,-0.0452217076284189,0.2058261487335744,false,true
ZNF431,-0.0049777440726756,0.312557983097145,false,true
ZNF432,-0.0024127283482812,0.1518210163825104,false,true
ZNF433,-0.1609201252460479,0.2930738540396797,false,true
ZNF436,0.0226500524828831,-0.4157824247390626,false,true
ZNF438,0.0413884609671575,0.2943225735278489,true,true
ZNF439,0.0363652318716049,0.0286464156893897,true,true
ZNF44,0.0390893082533563,0.5323458525509434,true,true
ZNF440,-0.0632303684949874,0.0179017106466508,false,true
ZNF441,0.0750955820083618,0.6807027855437104,true,true
ZNF442,0.0742196242014567,0.3792174563294241,true,true
ZNF443,0.0687104500830173,0.4101057455552383,true,true
ZNF444,0.0703627914190292,0.0272524631364217,true,true
ZNF445,-0.0456713511763761,0.3348253456385359,false,true
ZNF446,-0.0121345466468483,0.1673704241051245,false,true
ZNF449,0.0017163664102554,0.157499169025709,true,true
ZNF45,0.0437627609819173,0.0093382396532031,true,true
ZNF451,-0.0250091965509844,0.0924447233546983,false,true
ZNF454,0.0395603732516368,0.1325705479399674,true,true
ZNF460,-0.0688059967011213,0.1525480848604354,false,true
ZNF461,0.0692112800199538,0.2322947673873716,true,true
ZNF462,0.2198021471500396,0.1886972986901405,true,true
ZNF467,0.3736003935337066,-0.2266304751248193,false,true
ZNF469,0.2814269065856933,-0.056753203795087,false,true
ZNF470,0.1414544234673182,0.226156088936416,true,true
ZNF471,0.2064176827669143,0.5103512404210386,true,true
ZNF473,-0.022902256809175,-0.114123228942276,true,true
ZNF48,0.2120556086301803,-0.4060791439392801,false,true
ZNF480,-0.0716704927384853,0.0631377550526122,false,true
ZNF483,0.0327044380828738,1.15041347493875,true,true
ZNF484,-0.0418422754853963,0.1689549895733644,false,true
ZNF485,0.0818554833531379,-0.1184103111824098,false,true
ZNF486,-0.0441006235778331,0.0663098687089545,false,true
ZNF487,-0.0477388177067041,0.3870458192864042,false,true
ZNF490,-0.0615202275415261,0.5139255301978128,false,true
ZNF491,-0.0364594906568527,0.2990481583774633,false,true
ZNF493,0.0313218572797874,0.785253579312238,true,true
ZNF496,0.1475994050502777,0.1196965790303092,true,true
ZNF497,0.018717810511589,0.0073337142492342,true,true
ZNF500,0.0499477390199899,0.1853878952149286,true,true
ZNF501,0.0591782610863447,0.4041944774300648,true,true
ZNF502,0.0629347537954648,0.1911236196176648,true,true
ZNF506,-0.0378474159432308,0.301793950954281,false,true
ZNF507,-0.0168188534909859,0.2866335365015917,false,true
ZNF510,-0.001983255892992,0.3412151868024961,false,true
ZNF511,0.0173882575084765,-0.1108972879880632,false,true
ZNF512,-0.003166902677289,0.3140220264459481,false,true
ZNF512B,0.0545649155974388,0.1160252836441921,true,true
ZNF513,-0.0503874626010656,-0.3718097857013089,true,true
ZNF514,0.0748049058020114,-0.1821902474672478,false,true
ZNF516,0.1270658306777477,0.2034248145180437,true,true
ZNF517,0.1233642697334289,0.3262959743612018,true,true
ZNF518A,0.1489816733769008,0.4932143193173783,true,true
ZNF518B,-0.0023037856444716,-0.1363936451528577,true,true
ZNF519,0.1926818896085024,0.3159704394938994,true,true
ZNF521,0.0209312973810093,0.3721584532189017,true,true
ZNF524,0.0541210621595382,-0.3425336374571155,false,true
ZNF525,-0.0309406654909253,0.1687566594602627,false,true
ZNF526,-0.0505611536403497,-0.0458149223211485,true,true
ZNF527,0.1176643054932356,0.3141430259154063,true,true
ZNF528,0.168557396531105,0.7112257412667846,true,true
ZNF529,-0.0321643824378649,0.1582942211519387,false,true
ZNF530,0.064566284418106,-0.107394484253023,false,true
ZNF532,0.1538823510830601,0.0404695230055525,true,true
ZNF534,0.082467995584011,0.0879407557932916,true,true
ZNF536,0.2649066448211669,0.6560514719831319,true,true
ZNF540,0.0442388728260993,0.8152402723400387,true,true
ZNF543,-0.0308347875252366,0.1757985528015155,false,true
ZNF544,0.107933834195137,0.5111903408024671,true,true
ZNF546,0.0720413698814809,0.6685879594779018,true,true
ZNF547,-0.018760148435831,0.046572378921083,false,true
ZNF548,-0.0438852262217551,0.1742285472976354,false,true
ZNF549,0.0618885969743132,0.1053167768428275,true,true
ZNF550,-0.0783570816274732,0.382472210964261,false,true
ZNF551,-0.075636002390335,-0.1077671659181636,true,true
ZNF552,-0.0963243119418621,0.0811205087049562,false,true
ZNF554,-0.0016791594680398,0.3247667009185195,false,true
ZNF555,0.0157153024338185,0.2534606983058296,true,true
ZNF557,0.0084831349551677,0.1189397048246185,true,true
ZNF558,-0.0134866578737273,0.0766941282185165,false,true
ZNF559,0.2153690823664268,0.4763519516932626,true,true
ZNF561,0.0530263731256127,0.1260587828554262,true,true
ZNF562,-0.0620160183558861,0.2019112677133061,false,true
ZNF563,0.0417426551381746,0.3514232159656534,true,true
ZNF564,0.0138490183278918,0.7904650186095556,true,true
ZNF565,-0.2047846019268035,0.0439373964599549,false,true
ZNF566,-0.0265723443590104,0.0839679343104466,false,true
ZNF567,-0.0564149789512157,0.1609070355138744,false,true
ZNF568,0.074476857855916,0.210227529226036,true,true
ZNF569,0.0817740574479103,0.1279009017058108,true,true
ZNF57,-0.1883218139410018,0.43991002223005,false,true
ZNF570,0.020759392529726,0.3114777300536584,true,true
ZNF571,0.0423560398630797,0.2084351812442017,true,true
ZNF572,0.0434164069592952,0.338526023796519,true,true
ZNF573,0.1110034151934087,0.3605410270448326,true,true
ZNF574,-0.0799857005476951,-0.0114546561001782,true,true
ZNF575,0.062099665403366,0.0180719671449373,true,true
ZNF577,0.164083670079708,0.4277354297757609,true,true
ZNF578,0.0675246901810169,0.437578746770638,true,true
ZNF579,-0.0205328166484832,-0.3740062313784209,true,true
ZNF580,-0.0801087003201246,0.0885009409814636,false,true
ZNF582,0.0001669290165106,-0.0676815039080205,false,true
ZNF583,0.0954983694478869,0.0362634070188092,true,true
ZNF584,-0.0481891650706529,-0.246715830870714,true,true
ZNF585A,0.0506124127656221,-0.0636193586903823,false,true
ZNF585B,0.0268197368963488,0.2929364809202081,true,true
ZNF586,0.0231078344929431,0.2215549717690321,true,true
ZNF587,0.0435103073716163,0.2887461963598843,true,true
ZNF587B,-0.0563064578454941,0.2032715734918375,false,true
ZNF589,-0.0142339129000902,0.2822551537503146,false,true
ZNF592,-0.000252278347034,-0.104902684937191,true,true
ZNF593,-0.1731733325868845,-0.2846578354867008,true,true
ZNF594,0.0322987474268302,0.4510436914066904,true,true
ZNF595,-0.1158054232597351,-0.3378015212332494,true,true
ZNF596,0.0287339331582188,0.3308860355824034,true,true
ZNF597,-0.0725144185125827,0.2574431412344107,false,true
ZNF598,-0.0363770704716444,-0.584336932395485,true,true
ZNF599,0.0811432767659425,0.4948190482243743,true,true
ZNF600,-0.0759031304041855,-0.0620732279093476,true,true
ZNF606,0.0468080291524529,0.4927891423074433,true,true
ZNF607,0.0799793750047683,0.2007118661392444,true,true
ZNF608,0.1633355543017387,0.6133584163374328,true,true
ZNF609,-0.0579681888754878,0.1230814587341684,false,true
ZNF610,0.1915765653053919,0.6497418155678583,true,true
ZNF611,0.0216115408443978,0.054876179721564,true,true
ZNF613,-0.0392260644584894,-0.0997222370395594,true,true
ZNF614,-0.0153653621673583,-0.1524157658581208,true,true
ZNF615,0.0251744179986417,0.298878249241214,true,true
ZNF616,0.0863717766478657,0.1715901243528725,true,true
ZNF618,0.359612226486206,0.1288066118137255,true,true
ZNF619,-0.0974726155400276,0.1883206028143689,false,true
ZNF620,-0.0005506786207358,0.1417563499149763,false,true
ZNF621,-0.0614472098648548,0.1483269603579544,false,true
ZNF622,-0.1630771663039922,-0.0736954335796644,true,true
ZNF623,0.0546574757434427,0.1914327057975606,true,true
ZNF624,0.1556501075625419,-0.221452781886168,false,true
ZNF625,0.0470397436060011,0.2814436310839756,true,true
ZNF626,-0.004232852399582,0.4423929123968446,false,true
ZNF627,0.1017681887140497,0.4338003630822253,true,true
ZNF628,-0.1547330766916275,-0.3426909931662162,true,true
ZNF629,-0.0261818692088127,0.4102288258176742,false,true
ZNF630,0.2147302702069282,0.3802504232890899,true,true
ZNF638,-0.0222963748632797,0.4485314577006196,false,true
ZNF639,-0.0916913367807865,-0.1002662401568326,true,true
ZNF641,0.1545415446162223,0.1546630683388188,true,true
ZNF644,-0.0278149867164237,0.1771112157048437,false,true
ZNF646,-0.0973759498447179,0.1210967911732034,false,true
ZNF649,-0.0399416052387095,-0.1146269164613418,true,true
ZNF652,0.0559156018176249,0.1002282443069466,true,true
ZNF653,-0.0475328701237837,0.0337758580248119,false,true
ZNF654,-0.0556930402692939,0.1475780175391605,false,true
ZNF655,-0.0242570344624774,-0.0376048400327699,true,true
ZNF658,-0.1035031825304031,0.4383785116275051,false,true
ZNF664,-0.127462550997734,-0.0276146415535301,true,true
ZNF665,0.0277060293592512,0.2261458794772179,true,true
ZNF667,0.1381988997260729,0.2925754261620952,true,true
ZNF669,-0.0874591022729873,0.0344431933357058,false,true
ZNF670,-0.023825341835618,-0.0965526443102618,true,true
ZNF671,-0.0565511407330632,0.229959889321353,false,true
ZNF672,-0.0444181772569815,0.0281693246401566,false,true
ZNF674,0.006336998194456,0.1934292766669567,true,true
ZNF675,0.0038297177292406,0.2004771918750609,true,true
ZNF676,-0.0188093230128288,0.8113554281164812,false,true
ZNF677,0.0503731297794729,0.2607441457661314,true,true
ZNF678,0.0055544939823448,0.2933424101118027,true,true
ZNF680,-0.0443997122347354,0.6545980962656687,false,true
ZNF681,0.062826226465404,0.0817933809268855,true,true
ZNF682,-0.4744615852832794,0.3740344124121663,false,true
ZNF684,0.0872199162840843,0.3489077484583886,true,true
ZNF687,-0.003900115378201,0.0711359839077378,false,true
ZNF688,0.0312401484698057,-0.0055819250589372,false,true
ZNF689,-0.0071053602732717,-0.0854932212746937,true,true
ZNF69,0.0910943567752837,0.1616138525081494,true,true
ZNF691,0.0520276762545108,0.3889647090899521,true,true
ZNF692,0.025851079635322,-0.160479660765358,false,true
ZNF696,0.1055880365893244,-0.1036109921772263,false,true
ZNF697,0.0472946627996861,-0.0288896485416061,false,true
ZNF699,0.0283168526366353,0.2034035336313229,true,true
ZNF7,-0.0724747866392135,0.1635440495555067,false,true
ZNF70,0.0526464357972145,0.0840699730395209,true,true
ZNF700,-0.0300352036952972,0.10063230833638,false,true
ZNF701,0.0638486370444297,-0.2885171530945239,false,true
ZNF704,0.313204338774085,0.4705807716825187,true,true
ZNF706,0.0928770297517379,0.2611202419386424,true,true
ZNF707,-0.0173217985429801,0.1274604986319305,false,true
ZNF708,-0.0599047580866941,0.4956282426462488,false,true
ZNF71,0.1376086014012495,-0.5222375794604374,false,true
ZNF710,0.1834376007318496,-0.4226244117801063,false,true
ZNF711,0.1251605153083801,0.340130721338792,true,true
ZNF713,0.1959167882800102,0.3185059495585806,true,true
ZNF714,-0.0335848659276962,0.1016632896052869,false,true
ZNF717,0.1104060299694538,0.6153112936539274,true,true
ZNF718,0.0557562811799081,0.2302622187423222,true,true
ZNF720,0.0333580470954378,0.1029837520025815,true,true
ZNF721,0.0284525115774678,0.387496508580313,true,true
ZNF727,0.1344043426215648,0.7657609127300038,true,true
ZNF728,-0.0066693392582237,0.7039643255657397,false,true
ZNF730,0.270147904753685,0.0614376759614533,true,true
ZNF736,-0.0065942123532295,0.1949616598414025,false,true
ZNF737,0.1513017609715461,0.564706564461521,true,true
ZNF738,-0.0461688835173845,0.2353580591629229,false,true
ZNF74,0.0448707565665244,-0.002148542678374,false,true
ZNF740,-0.0182454862631857,0.2470979216252269,false,true
ZNF746,-0.1308319445699453,-0.0671485154846767,true,true
ZNF749,-0.0670904275029897,-0.1661324520697308,true,true
ZNF750,-0.1162100583314895,0.0461399655543432,false,true
ZNF75A,-0.0050833182010267,0.1334673047394399,false,true
ZNF75D,0.0206717488222888,0.0810517370341967,true,true
ZNF76,0.0437011803500354,0.3180209482424927,true,true
ZNF761,-0.0572621108032762,-0.0915703849670852,true,true
ZNF764,0.0076185199432074,-0.1362191293217511,false,true
ZNF765,-0.0324406571686267,-0.1214533718818509,true,true
ZNF766,-0.0017389673739671,0.2676508198115827,false,true
ZNF768,0.1703196316957473,-0.2390716832792025,false,true
ZNF77,0.0303121884353458,0.19428970859961,true,true
ZNF770,-0.0971076350659132,0.0797917421713494,false,true
ZNF771,-0.0930158346891403,-0.1308315001177777,true,true
ZNF772,0.072181612253189,0.3095880700441289,true,true
ZNF773,0.0361144598573446,0.2262824468271209,true,true
ZNF774,-0.0101786712184548,0.3050948997851943,false,true
ZNF775,0.0955863110721111,-0.0379682913078928,false,true
ZNF776,0.0302696867845952,-0.0806645203063509,false,true
ZNF777,-0.0103562998119741,-0.0064063318124012,true,true
ZNF778,-0.0106228787451982,0.0498934675768287,false,true
ZNF780A,0.0323880694806575,0.3269348916157803,true,true
ZNF780B,0.1766521047268594,0.7435548505843825,true,true
ZNF782,0.0294510455181201,0.4424534322020603,true,true
ZNF783,0.0393177962163463,0.3475234969115683,true,true
ZNF784,-0.0919390246272087,0.0377528728954383,false,true
ZNF785,0.0496925793588161,0.0263211597114414,true,true
ZNF786,0.0816124849021434,-0.0129358843418714,false,true
ZNF787,-0.0462820695713162,-0.5972073522298964,true,true
ZNF789,-0.0497452776346887,0.1746260321561302,false,true
ZNF79,0.0424326942302286,0.0870278853249739,true,true
ZNF790,-0.0264146386956175,0.3168067331249702,false,true
ZNF791,-0.011676562950015,0.9825089752235314,false,true
ZNF792,-0.15233114361763,-0.0768469254234467,true,true
ZNF793,0.1547163315117359,0.4236230393034752,true,true
ZNF799,0.0365349942197402,0.1050270651392804,true,true
ZNF800,-0.050624598882028,0.2799095230751764,false,true
ZNF805,-0.0418889690190553,0.159302691988401,false,true
ZNF808,0.0332782326266169,-0.9821555704539267,false,true
ZNF81,-0.1559156589210033,0.1267720838827779,false,true
ZNF813,0.0265235882252454,-0.0732694058759151,false,true
ZNF814,-0.0679423257991272,0.2598259762679351,false,true
ZNF816,0.0492780655622482,0.1718103304244122,true,true
ZNF821,0.1050821118056774,0.3684279612720113,true,true
ZNF823,0.0583775762468576,0.0675377751445591,true,true
ZNF827,0.1153159886598587,0.5823782895771301,true,true
ZNF829,0.0039915485928455,0.2035622731237443,true,true
ZNF83,0.1006930976041725,0.4793389274082731,true,true
ZNF830,-0.0689497203566133,0.1301524629693022,false,true
ZNF831,-0.3009268939495086,0.1003894896102664,false,true
ZNF835,0.0525231212377548,0.3196876876244632,true,true
ZNF836,0.0108466032892465,0.3196989830406753,true,true
ZNF837,-0.0240551941096782,0.0054070435934591,false,true
ZNF839,0.0850893355906009,0.1874167467101637,true,true
ZNF84,0.0778659475967287,0.3243125442862009,true,true
ZNF841,0.0469354428350925,0.0805083328416302,true,true
ZNF843,0.0067429295741021,0.2367451353618267,true,true
ZNF844,0.0817044451832771,1.22415817505552,true,true
ZNF845,-0.037651177495718,0.0348775772961471,false,true
ZNF846,0.2546343952417373,0.4480358190023969,true,true
ZNF85,0.076565646380186,0.4526359337358862,true,true
ZNF850,-0.1134544014930725,0.1799272511118046,false,true
ZNF852,-0.0446253705769777,0.1754168193742946,false,true
ZNF853,0.2012215256690979,0.433357884180523,true,true
ZNF862,0.0975101729854941,0.1292126779135287,true,true
ZNF865,0.0397740621119737,-0.2291081994731976,false,true
ZNF879,0.0473020132631063,0.1418099892099404,true,true
ZNF880,-0.0124427946284413,0.371694931832514,false,true
ZNF883,0.0296198921278119,0.6728338797398113,true,true
ZNF891,0.0340675995219498,0.124677124217285,true,true
ZNF90,-0.0038030073046684,0.2510021160420716,false,true
ZNF91,-0.0140068040096333,0.978442790830166,false,true
ZNF92,-0.0236673044040799,0.2280124006425985,false,true
ZNF93,-0.11079902946949,-0.3678566336537332,true,true
ZNF99,0.2215409353375434,0.0950284422351439,true,true
ZNFX1,-0.0121052052293504,-0.0902269976852432,true,true
ZNHIT1,0.0211940459907054,-0.1353129390512757,false,true
ZNHIT2,0.0208374969661235,-0.4150692263130597,false,true
ZNHIT3,0.0794360294938087,0.2837026117206344,true,true
ZNHIT6,0.0330006146271313,0.0736774806348634,true,true
ZNRD1,-0.0275932811200618,-0.1831836461630458,true,true
ZNRF1,0.0659932196140289,-0.6834331227733959,false,true
ZNRF2,0.0054042429796286,-0.3678929779027697,false,true
ZNRF3,-0.0996334683150053,-0.0013093263012404,true,true
ZP3,0.0378830169793218,-0.0855515377224202,false,true
ZPBP,-0.2543791532516479,-0.0075529084635708,true,true
ZRANB1,0.0202945107594132,0.0577774271417181,true,true
ZRANB2,0.0987989905157259,0.4552823724655463,true,true
ZRANB3,-0.0373322418225663,0.2407954307292486,false,true
ZRSR2,0.0664368011057376,0.0752395388020397,true,true
ZSCAN1,-0.1797120720148086,0.0100235489423774,false,true
ZSCAN12,-0.0931125491857528,0.186410880921217,false,true
ZSCAN16,-0.0887988954782485,-0.2106942811044594,true,true
ZSCAN18,-0.052628517926981,0.6908306571279982,false,true
ZSCAN2,0.0692841485142707,-0.1039094586332969,false,true
ZSCAN20,0.0826331327358881,0.4277921091517455,true,true
ZSCAN21,-0.0700964484363794,0.0837292302012051,false,true
ZSCAN22,-0.0487494096159935,-0.1472528455057589,true,true
ZSCAN23,0.1152157559990882,0.4090127895798008,true,true
ZSCAN25,0.038627048023045,0.2247228323892853,true,true
ZSCAN29,0.0040579984585444,-0.0917142104148838,false,true
ZSCAN30,0.04607620164752,0.3303165512780919,true,true
ZSCAN31,0.1248742416501045,0.4846933530638333,true,true
ZSCAN32,-0.0318865444156472,0.0559943050656515,false,true
ZSCAN5A,0.0333241641831894,-0.2954582076580645,false,true
ZSCAN9,-0.0032718796283006,0.0599806681319119,false,true
ZSWIM1,0.0078619578853249,0.0799903896441387,true,true
ZSWIM3,0.0968099394813179,0.155304675160644,true,true
ZSWIM4,-0.0502689190674573,-0.4416944268022813,true,true
ZSWIM5,0.1947431738177935,0.2701965906084987,true,true
ZSWIM6,0.0140351084992289,-0.1865648100758095,false,true
ZSWIM7,0.0441951694277425,-0.5565762175582031,false,true
ZSWIM8,0.0010772147215902,-0.0112636886651729,false,true
ZW10,0.0055201327428221,-0.0786427090021821,false,true
ZWILCH,-0.0165326370624825,-0.2968216939683181,true,true
ZXDA,-0.0345990471541881,0.3157645146428085,false,true
ZXDB,0.0243372488766908,0.2399139715121196,true,true
ZXDC,0.009557900085513,0.1900687241550143,true,true
ZYG11A,0.020050223916769,0.0037603379934258,true,true
ZYG11B,-0.0075543255855639,0.1568207490472346,false,true
ZYX,-0.0530258975923061,-1.154482962745534,true,true
ZZEF1,-0.0037667373461382,-0.052557274352956,true,true
ZZZ3,-0.0328287369172487,0.3356631119897883,false,true
