B5_between_rho,B6_within_rho,B6_between_rho
-0.71595868569127463,0.062288839106790062,0.44927066598086191
-0.69900196993937813,0.049755003221692101,0.49602917504849486
-0.70300715055343321,0.044474394364179062,0.47439222197907027
-0.71001621662802972,0.077584407332419336,0.3887358197529211
-0.71909317486749169,-0.0095675493626098639,0.53419773271028892
-0.72634168108749364,0.037928827797639959,0.45696920733515156
-0.71669877341343691,0.13703775416879829,0.48128039055922417
-0.70442202413992017,0.034747282704278348,0.50283630635123522
-0.71219294522262488,0.06175027453941416,0.43962722996864639
-0.66887604619018082,0.050354783513185904,0.41645056862836388
-0.72536215321992581,0.13010432076010245,0.47811993674009473
-0.69902373722532407,0.031813778372847941,0.4356564033753812
-0.70180994982640588,0.041105355208696841,0.40024311314564875
-0.71275889465721964,0.070820237073470196,0.43735818620106631
-0.70908022333235377,-0.071012916073972379,0.43849270808485635
-0.70733884045667761,0.089694583574919995,0.50024311347400074
-0.68291594562531965,0.00042416141082771602,0.49416531766798266
-0.73019449069992703,0.047546386727220454,0.37698541452795264
-0.69704291420424247,0.045680645190239628,0.42277147626662276
-0.70146167325127062,0.044186212143809918,0.36782820218021861
-0.71735179199181553,0.087229730770752717,0.43363047144004185
-0.70102632753235161,0.042749984212115247,0.44538087666501025
-0.72283714805019539,0.067175894415534287,0.51871961272429601
-0.70178818254045994,0.07116980227403405,0.44181523645881293
-0.69965498851775665,0.055427325811128865,0.44708265949069537
-0.70287654683775758,0.081267887912332193,0.44027552818795501
-0.70862311032748881,0.073815960665479449,0.38687196237240884
-0.67262001937288451,0.064388906407402413,0.43200972589177034
-0.71898433843776188,0.023395947282331863,0.43265802411107895
-0.70405198027883897,0.056925103979095081,0.48517017987507577
-0.68885841468856457,-0.037669079110331051,0.46434359957978688
-0.6941696324593768,0.08426896369879984,0.39927066581668585
-0.71735179199181553,0.072625599166717222,0.41482982308009236
-0.70714293488316404,0.054925223068500777,0.45056726241947909
-0.70792655717721831,0.0312150016178151,0.45235008252257775
-0.69734765620748573,0.019060837027109475,0.5029983809060623
-0.68933729497937546,0.046936403815040335,0.43670988798175769
-0.70143990596532468,-0.027037112074808054,0.44675851038104103
-0.69747825992316148,0.046653239276975934,0.43654781342693055
-0.70727353859883979,-0.025566094879133822,0.466045382405472
-0.71870136372046456,0.035823241046492385,0.50850891577018553
-0.71691644627289641,0.061351703308340597,0.44246353467812155
-0.70831836832424544,0.023306465281230565,0.3877633724239582
-0.70239766654694658,0.063668199972364295,0.44246353467812155
-0.70485736985883918,0.024022488546117614,0.3798217192374278
-0.71093044263775973,0.089708967597526931,0.48014586867543407
-0.70890608504478614,0.023250601751571093,0.50883306487983981
-0.70923259433397545,0.038038213271883399,0.44927066598086191
-0.70263710669235202,0.062683897960250257,0.49789303242900712
-0.71056039877667854,0.036041510226748764,0.37439222165071823
-0.6776917969982913,0.083986802697196397,0.43095624128539384
-0.69571510976153939,0.092631767540040585,0.49084278929402603
-0.69177523100532212,0.025385625572239848,0.48930308102316811
-0.69203643843667351,0.080019488554911811,0.44619124943914601
-0.71454381210478768,0.087358685205984651,0.47447325925648381
-0.70063451638532448,0.035460797128012998,0.41012966099010495
-0.69638989562586384,0.088325759842185728,0.43662885070434415
-0.71532743439884194,0.083124764877241283,0.46653160606995342
-0.7127371273712737,0.054824702166329078,0.41215559292544435
-0.70339896170046035,0.11705734323130598,0.45826580377376874
-0.71247591993992232,0.039950451998221524,0.4669367924570213
-0.69924141008478358,0.014717363968045885,0.43103727856280744
-0.68193641775775182,0.0078275843954013127,0.49359805672608759
-0.71480501953613917,0.012716981289221134,0.40226904508098815
-0.71010328577181359,0.11622139735933557,0.48282009883008209
-0.71221471250857082,0.040085594908295934,0.48841167097161881
-0.68966380426856477,0.015371167972354091,0.53047001794926441
-0.68779181767721287,0.062780739228731841,0.54384116872250432
-0.71051686420478666,0.070873759018054136,0.50534846195105609
-0.71010328577181359,0.057142035110736865,0.51256077964086422
-0.71928908044100526,0.07697308637162463,0.51645056895671582
-0.71852722543289693,0.1272445763585518,0.49789303242900712
-0.73389492931073885,0.011506047293009447,0.44886547959379403
-0.7119317377912735,0.08781813764902241,0.41053484737717283
-0.73350311816371172,0.0211438442078857,0.41539708402198738
-0.71195350507721944,0.046109322515141632,0.37001620867038515
-0.70897138690262407,0.085050718601879002,0.4610210712058303
-0.69591101533505295,-0.014154045501299924,0.42163695438283266
-0.72784362381776424,0.084806524729714824,0.44764992043259039
-0.70148344053721656,0.051412510943026027,0.4631280404185833
-0.67775709885612911,0.016165968849425599,0.32576985520257301
-0.69573687704748532,0.095793910928490517,0.50810372938311765
-0.69904550451127001,0.043968779243937654,0.36337115192247199
-0.70002503237883784,0.033703437528814675,0.48865478280385949
-0.72446969449614174,0.078539105018935365,0.46053484754134888
-0.72838780596641306,0.054054153420397127,0.44416531750380661
-0.71902787300965376,0.09813884112557443,0.47106969360511364
-0.68491853593234731,-0.018600381047610786,0.37236628971537883
-0.71669877341343691,0.042728909946435308,0.40202593324874741
-0.71258475636965202,0.031429089396150869,0.46823338889563854
-0.69736942349343167,0.069098503018635543,0.46329011497341044
-0.69425670160316066,0.057419847454342872,0.49035656562954461
-0.7176565339950588,0.051981850628537683,0.43581847793020839
-0.71891903657992406,0.083985631904658631,0.49457050405505054
-0.70078688738694617,0.072620748740489321,0.51061588498293842
-0.69582394619126919,-0.005894438659460109,0.52260940204014761
-0.71114811549721924,-0.0047529159351307419,0.33435980660841202
-0.71249768722586826,-0.03039845745075637,0.47544570658544671
-0.7059892687280287,0.090104360963140798,0.43330632233038752
-0.71180113407559775,0.013900150776679845,0.49043760290695815
-0.71160522850208419,0.057298252286491255,0.35996758627110181
-0.72932379926208901,0.076110546783439079,0.52990275700736933
-0.67016031606099191,0.079381072109671491,0.37925445829553278
-0.6997855922334324,0.050537259893001778,0.41264181658992583
-0.68084805346045429,0.035631063814220668,0.3876823351465446
-0.71796127599830217,0.11521551931331112,0.47293355098562589
-0.7169599808447884,-0.021348565645919294,0.57269043948173715
-0.70487913714478512,0.10372268525037086,0.36499189747074351
-0.69127458342856518,0.076086796420529929,0.43014586851125808
-0.71423907010154442,0.056788790276482856,0.43654781342693055
-0.72046451388208665,0.02375203546989189,0.49692058510004422
-0.68535388165126632,0.016948392776812104,0.51280389147310501
-0.70801362632100218,0.03042622195950927,0.496191249603322
-0.69403902874370105,0.064194554846131999,0.59846029369925413
-0.70912375790424576,0.036563850954672648,0.53306321082649877
-0.69116574699883548,0.099987020774488594,0.47552674386286031
-0.70966794005289446,0.046603898734312622,0.39805510665548227
-0.70962440548100258,0.086792021617702178,0.51199351869896925
-0.68565862365450969,0.019092950193859842,0.44602917488431887
-0.71182290136154369,0.077905204487769331,0.47982171956577979
-0.68132693375126518,0.040037425158170416,0.4169367922928453
-0.72457853092587154,0.010818624817259464,0.45696920733515156
-0.71260652365559796,0.092619223334278716,0.44611021216173247
-0.71341191323559827,0.026850287036994745,0.39667747293945144
-0.70977677648262427,0.036469518527343467,0.37901134646329204
-0.70037330895397309,0.0033493029384168956,0.48857374552644595
-0.72390374506154698,0.069583880153581162,0.54975688997369532
-0.69514916032694463,0.0010946910228184044,0.37131280510900239
-0.71271536008532776,0.052479771969245172,0.44700162221328177
-0.68613750394532058,0.066576281380117355,0.44756888315517679
-0.69225411129613301,0.082960017641568864,0.5266612659108264
-0.70207115725775726,0.088009144088756361,0.50559157378329678
-0.70847073932586713,0.075891775834952199,0.45753646827704658
-0.6978047692123508,0.031780159901406146,0.51620745712447513
-0.71062570063451636,0.069077596009032446,0.42544570642127072
-0.70403021299289303,0.08849067433393501,0.44910859142603471
-0.6975435617809993,0.10912756537296472,0.47982171956577979
-0.72272831162046558,0.052830507962346812,0.42341977448593132
-0.6995243848020809,0.14761118157743258,0.32739060075084453
-0.71040802777505685,0.0042743962993349602,0.4718800663792494
-0.72954147212154852,0.062229797711670885,0.40024311314564875
-0.71090867535181379,0.055743439796327787,0.38047001745673636
-0.70914552519019169,0.075094633372805142,0.4973257714871121
-0.72597163722641245,0.076194174821851451,0.45875202743825022
-0.69945908294424308,0.017376401077406792,0.46215559308962034
-0.71724295556208573,0.060821167032652293,0.39465154100411209
-0.70803539360694812,0.022292893455672206,0.38849270792068036
-0.71504445968154462,0.051774118581121291,0.47317666281786663
-0.71658993698370721,0.064471530909353869,0.39805510665548227
-0.71258475636965202,0.024350979481001549,0.47609400480475533
-0.69536683318640413,0.085561016892271538,0.45591572272877506
-0.7136948879528956,0.073747720186134916,0.4581847664963552
-0.71162699578803013,0.051364006680746824,0.54878444264473247
-0.71012505305775953,0.070133316365950646,0.44740680860034965
-0.70093925838856785,0.031653212539096115,0.45283630618705922
-0.70814423003667792,0.0069093485336330631,0.39700162204910577
-0.70468323157127155,-0.024364861735378,0.50461912645433382
-0.71574101283181502,0.052199952552717255,0.52447325942065981
-0.68598513294369889,0.040527987231497573,0.45105348608396056
-0.68783535224910486,0.031294615510383705,0.50567261106071038
-0.69908903908316189,0.066133889056915696,0.46936791077942858
-0.71201880693505726,0.041853826152487894,0.4551053499546393
-0.70237589926100064,0.028013553051311309,0.44222042284588081
-0.70753474603019118,0.078411488632318033,0.49797406970642066
-0.72353370120046578,0.039931217549386638,0.42025932066680188
-0.71537096897073393,0.075318087491443114,0.47803889946268113
-0.7023541319750547,0.053525958729784384,0.54359805689026364
-0.67584157769288533,0.094935552742225551,0.49846029337090214
-0.72281538076424945,0.0060001445000133847,0.4570502446125651
-0.71859252729073475,0.03228125910757329,0.4982171815386614
-0.68494030321829324,0.05638219075372173,0.47212317821149014
-0.7037472382755956,0.079137045493584093,0.419854134279734
-0.68459202664315799,-0.05511556048392742,0.36936791045107659
-0.71641579869613958,0.10565265312085238,0.4188816869507711
-0.72505741121668243,-0.006189645635055893,0.37641815358605762
-0.73289363415722508,-0.013203194704550841,0.41150729470613578
-0.71275889465721964,0.067042758578381739,0.33119935278928259
-0.71160522850208419,-0.0060904627814987889,0.3465153982204483
-0.71408669909992273,0.009290740555464784,0.34708265916234332
-0.71008151848586754,0.0057914089161360312,0.46426256230237334
-0.69612868819451246,0.055601272131026676,0.46061588481876242
-0.69826188221721575,0.07864246927441311,0.4541329026256764
-0.69414786517343086,-0.0017290933222149322,0.48914100646834097
-0.70394314384910917,0.058485770431947429,0.50218800813192666
-0.72362077034424965,-0.0065173002895557199,0.48533225442990291
-0.70574982858262314,0.078424367350233545,0.44432739205863381
-0.69989442866316209,0.037572739610079939,0.51782820267274665
-0.68069568245883261,0.066246285140541983,0.52220421565307973
-0.71804834514208593,0.020563800133457284,0.54529983971594875
-0.68931552769342952,0.053988923550435469,0.56110210881159595
-0.71443497567505798,0.068635203685830815,0.43549432882055406
-0.70574982858262314,-0.018364717235364626,0.45364667896119493
-0.70862311032748881,0.061779878865012149,0.48363047160421785
-0.70063451638532448,0.023224175291432749,0.40040518770047595
-0.6974347253512696,0.03946825272873556,0.45940032565755878
-0.704922671716677,0.01908826702370876,0.31985413395138201
-0.72253240604695201,0.080948763317750472,0.44489465300052883
-0.68548448536694206,0.073120342641965028,0.45072933697430623
-0.71208410879289519,0.059031861522780435,0.50786061755087686
-0.71541450354262581,0.10774686645877588,0.4120745556480308
-0.68970733884045665,0.031675457597313827,0.4631280404185833
-0.71173583221775993,0.031913797506789181,0.45696920733515156
-0.72018153916478922,0.083249036142322139,0.48816855913937807
-0.70529271557775819,0.027355902157236166,0.47617504208216893
-0.69789183835613455,-0.017136221351086334,0.43897893174933783
-0.70400844570694698,0.044028322407287303,0.3955429510556614
-0.71090867535181379,0.032857958060465237,0.35259319402646644
-0.73622402890695571,0.077780096942304366,0.55324149290247904
-0.67020385063288379,0.079527588432970031,0.44546191394242385
-0.70555392300910957,0.078089186172276601,0.45729335644480584
-0.71665523884154503,0.088120871148075333,0.45875202743825022
-0.72264124247668182,0.031475753841584964,0.36401945014178061
-0.69094807413937598,-0.029161264250483196,0.50072933713848222
-0.72479620378533105,0.036880466708102043,0.44497569027794237
-0.6848096995026175,0.062247359599737519,0.57098865665605214
-0.7087754813291105,0.040014009307414916,0.47625607935958247
-0.71345544780749015,0.1411236528695517,0.43330632233038752
-0.68441788835559036,0.042662843796089527,0.41166936926096293
-0.67488381711126344,0.085781125889373019,0.58119935361016262
-0.70418258399451461,0.064140363877240758,0.40461912612598183
-0.71602398754911245,0.01546934728945025,0.42844408568557302
-0.71199703964911132,0.011521434852077338,0.52269043931756121
-0.72174878375289775,0.041860683651637719,0.31053484704882084
-0.71093044263775973,0.045739352073205147,0.32098865583517205
-0.70727353859883979,0.0079767768159290514,0.40089141136495737
-0.71933261501289714,-0.0199506393558175,0.43200972589177034
-0.72179231832478963,0.14486684386889104,0.44481361572311523
-0.70420435128046055,0.052942067765588935,0.44659643582621389
-0.72235826775938439,0.077505295208081193,0.38460291860482876
-0.66328185370207116,0.10335756523466227,0.46815235161822494
-0.70459616242748768,0.065428904693099116,0.48930308102316811
-0.6975435617809993,0.036243388311476325,0.48922204374575456
-0.72109576517451923,0.10274323366448472,0.45081037425171983
-0.72943263569181882,0.022122125001234089,0.32982171907325181
-0.7065334508766774,0.012105493072349593,0.46831442617305208
-0.71415200095776055,0.13136911121305173,0.49910859159021076
-0.698610158792351,0.15443355695111677,0.42123176799576478
-0.70886255047289426,0.077799498647216025,0.45170178430326913
-0.69194936929288975,0.081398514908332401,0.51223663053120994
-0.70729530588478573,0.050411817835383149,0.50283630635123522
-0.69974205766154052,0.014279153046764876,0.4179092396218082
-0.69869722793613476,0.068886255057144852,0.43233387500142462
-0.7056192248669475,0.088101469443163674,0.42852512296298656
-0.69033859013288923,0.020408084725933376,0.48573744081697079
-0.70292008140964946,0.039139594537774804,0.55648298399902207
-0.71140932292857062,0.04302328064164699,0.47447325925648381
-0.71127871921289498,0.067006129497557118,0.45048622514206549
-0.71920201129722139,-0.03179956160631784,0.53192868894270873
-0.70533625014965007,0.064225162708190953,0.39278768362359984
-0.71312893851830084,0.069887617189095017,0.35178282125233068
-0.72544922236370957,0.059312517219692482,0.42560778097609786
-0.69342954473721441,0.088259693691839947,0.48265802427525495
-0.71924554586911327,0.080462884414574373,0.32747163802825807
-0.71145285750046261,0.050107244519485172,0.4630470031411697
-0.70483560257289324,0.023844695336452806,0.35972447443886107
-0.6841131463523471,0.020187641216678272,0.50283630635123522
-0.70416081670856867,0.039122032649708191,0.51247974236345073
-0.71256298908370608,0.02886120684865948,0.47034035810839148
-0.7030506851253252,0.08233297460955262,0.45850891560600948
-0.70106986210424349,0.013323451823787901,0.46677471790219416
-0.68746530838802367,-0.070930960596328224,0.41847650056370322
-0.70313775426910896,0.020505427762645405,0.45599676000618866
-0.71606752212100433,0.02479303729204951,0.40210697052616101
-0.72198822389830319,0.069026917417754519,0.50056726258365514
-0.69282006073072777,0.040924384133572404,0.39027552802377902
-0.70664228730640721,0.023005404342945901,0.42925445845970878
-0.70089572381667586,0.033244152341853753,0.47917342134647117
-0.70418258399451461,0.079218666459074591,0.44481361572311523
-0.71149639207235449,0.10926538438026835,0.36069692176782397
-0.71164876307397618,0.056927780076324284,0.4728525137082123
-0.71084337349397586,0.099115616614231336,0.51385737607948145
-0.70459616242748768,0.098067590036847022,0.50842787849277193
-0.71785243956857236,0.060122705655831873,0.36847650039952723
-0.71687291170100453,0.042293207866306685,0.44489465300052883
-0.70233236468910876,0.10919112268215814,0.44918962870344831
-0.71325954223397658,0.016950065337580329,0.3906807144108469
-0.71071276977830022,0.086886521301108188,0.40810372905476561
-0.71465264853451749,0.070078790884905762,0.45421393990309
-0.71280242922911152,-0.0049843983454562757,0.41904376150559824
-0.68267650547991421,0.090970914697170183,0.48752026092006945
-0.71469618310640937,0.064548301448616466,0.45656402094808368
-0.72161818003722211,0.070160244594319479,0.39586710016531573
-0.71796127599830217,0.01345039918609791,0.36150729454195973
-0.71918024401127545,0.0082407069051586047,0.51742301628567877
-0.69201467115072757,-0.0050059743793666924,0.57876823528775534
-0.6983489513609995,0.0036316311960971951,0.30972447427468508
-0.6829377129112657,0.036261786479927047,0.44335494472967091
-0.6924064822977547,0.023917953498102107,0.36256077914833623
-0.69760886363883723,0.10421809774992594,0.47463533381131096
-0.71360781880911184,0.037033506018396729,0.44505672755535597
-0.71197527236316538,0.014303739690058132,0.43484603060124549
-0.71021212220154328,0.03901532327269399,0.44675851038104103
-0.71709058456046404,0.072399803463003704,0.48273906155266849
-0.70777418617559673,0.049613839092851983,0.50291734362864882
-0.7138037243826254,0.063967755605957549,0.3534846040780158
-0.68572392551234751,-0.01263301873865505,0.5071312820541547
-0.70463969699937967,0.069563976680438996,0.47269043915338516
-0.71539273625667987,0.033987271091186398,0.45032415058723835
-0.71863606186262663,0.071274504578126383,0.48346839704939071
-0.70559745758100156,0.066032866386513525,0.46539708418616338
-0.7057280612966772,0.081574635557228922,0.43776337258813419
-0.71580631468965294,0.10093067955993421,0.41466774852526522
-0.70241943383289251,0.060001612256210729,0.42625607919540648
-0.70849250661181307,0.040159856606406169,0.47074554449545936
-0.71062570063451636,0.052537140803596075,0.38614262687568668
-0.71214941065073301,-0.012714137935915101,0.52382496120135125
-0.71600222026316651,0.056958555194460039,0.42163695438283266
-0.69595454990694483,0.091002860607843697,0.56507293540486114
-0.71456557939073362,0.0019594049400027021,0.29327390695972927
-0.71811364699992386,0.082732549377087114,0.54367909416767723
-0.68513620879180681,0.060420421472580053,0.52884927240099289
-0.70836190289613743,0.054795265096807891,0.44716369676810891
-0.70204938997181132,0.017656387750011507,0.46717990428926204
-0.7023541319750547,0.095758787152357291,0.47277147643079875
-0.70200585539991944,0.079284899865497249,0.44084278912985003
-0.70744767688640742,0.036962422185746198,0.39675851021686503
-0.7071211675972181,0.050597973848889165,0.3926256090687727
-0.70707763302532622,0.08098739947149701,0.41774716506698106
-0.6935819157388361,0.046456713386706781,0.40802269177735201
-0.71417376824370649,0.069703970016741376,0.45235008252257775
-0.72231473318749251,0.00094784018736622901,0.48517017987507577
-0.72699469966587216,0.045738850304974703,0.4249594827567893
-0.70133106953559499,0.090218596863612152,0.45794165466411446
-0.69432200346099848,0.027705300101723208,0.37965964468260066
-0.70335542712856847,0.087015475736340123,0.53354943449098025
-0.7043349549961363,0.1062587891432655,0.43338735960780111
-0.69715175063397217,0.032301664348945922,0.37998379379225494
-0.6967381722009991,0.047679522564373009,0.41142625742872219
-0.72597163722641245,0.073085887890139103,0.3856564032112052
-0.70313775426910896,0.083004340501927426,0.43606158976244908
-0.69312480273397115,0.114598846158058,0.33508914210513419
-0.73509213003776619,0.072592482463505928,0.43670988798175769
-0.69995973052100002,0.03833576183255475,0.46539708418616338
-0.7176565339950588,0.015067598192917054,0.41920583606042544
-0.72118283431830299,0.056621032431427569,0.43598055248503553
-0.71093044263775973,0.064474207006583073,0.48030794323026127
-0.69943731565829714,0.056648462428026854,0.48435980710094001
-0.69649873205559365,0.0063401761041982346,0.49205834845522967
-0.70583689772640701,0.048391866195569892,0.41969205972490686
-0.7125194545118142,0.040342332986222043,0.38954619252705686
-0.70705586573938028,0.11973310594834934,0.53938411846475776
-0.70440025685397412,0.12656652022310397,0.47536466930803317
-0.69712998334802623,0.056477861229665534,0.48192868877853273
-0.66931139190909983,0.052958960629348267,0.49003241651989032
-0.71297656751667915,0.0017244101520638381,0.48038898050767481
-0.71645933326803146,0.11418137499030331,0.44813614409707181
-0.67386075467180373,0.029982658843769872,0.36790923945763221
-0.70337719441451441,0.039219877454650713,0.45299838074188636
-0.71297656751667915,0.05882044984167388,0.43038898034349882
-0.65868895636747538,0.069452249621120038,0.44918962870344831
-0.69551920418802582,0.096205360877479537,0.44003241635571427
-0.71881020015019426,0.041909020657840086,0.32933549540877033
-0.71815718157181574,0.051186046215005228,0.39902755398444517
-0.7158933838334367,-0.01112420166961841,0.44870340503896683
-0.70165757882478419,0.00059242102411350079,0.48565640353955725
-0.70847073932586713,0.10274607701779073,0.53330632265873956
-0.73167466614425181,0.071037837229419254,0.46717990428926204
-0.70213645911559519,0.041552765214203223,0.46029173570910814
-0.70372547098964966,0.025107980484710652,0.4611021084832439
-0.70773065160370474,0.048349383152056398,0.48646677631369301
-0.70836190289613743,0.10202587235098309,0.50688817022191401
-0.68709526452694247,0.031909281592714889,0.46450567413461408
-0.70607633787181245,0.014774398290243148,0.37131280510900239
-0.66835363132747794,0.033411241162601732,0.38995137891412468
-0.67806184085937249,0.053285277235233477,0.47317666281786663
-0.70675112373613691,0.083478511479725778,0.57042139571415706
-0.69689054320262078,0.091271306611147518,0.34481361539476324
-0.71317247309019272,0.13395020699061219,0.4932739076164333
-0.68193641775775182,-0.016858241751403519,0.40591572256459907
-0.69669463762910722,0.10397674723106771,0.46029173570910814
-0.71119165006911111,0.085805545276589401,0.4641004877475462
-0.69717351791991811,0.0075450888816441788,0.48914100646834097
-0.72370783948803341,0.038927179320207297,0.32576985520257301
-0.69549743690207988,0.082267075715283661,0.39230145995911841
-0.72431732349452005,0.13375702622187957,0.45664505822549722
-0.70442202413992017,0.10770421615918555,0.49262560939712469
-0.71328130951992252,0.021640929268209069,0.32795786169273955
-0.71959382244424852,0.050323339370742834,0.40559157345494473
-0.6932118718777549,0.08568595718165968,0.46223663036703394
-0.70703409845343435,0.027324959783023555,0.45397082807084926
-0.69702114691829653,0.0600708562720162,0.47552674386286031
-0.70986384562640803,0.044142223795604986,0.44797406954224467
-0.68687759166748297,0.086224521749035582,0.49197731117781612
-0.69806597664370218,0.053543018849620511,0.35008103842664562
-0.68881488011667269,0.041279134272517816,0.39708265932651932
-0.72277184619235746,0.15896786919383746,0.44740680860034965
-0.72597163722641245,0.040195147638616202,0.46734197884408918
-0.69192760200694381,0.08701547573634015,0.458022691941528
-0.68574569279829345,0.03381416105167271,0.42333873720851778
-0.70666405459235315,0.075294671640687608,0.49854133064831568
-0.69423493431721461,0.0094329082207658919,0.48265802427525495
-0.69303773359018728,0.071401117428282757,0.37009724594779875
-0.69904550451127001,0.1237679915456712,0.45380875351602212
-0.72277184619235746,0.025752418148716656,0.40170178413909313
-0.69001208084370003,0.041264415737757236,0.57009724660450278
-0.70546685386532582,0.04046008126430671,0.49003241651989032
-0.72085632502911379,0.028228142597877537,0.28273906089596451
-0.71491385596586887,0.053916836181323965,0.51717990445343809
-0.67640752712748009,0.072993562535731832,0.50891410215725341
-0.72120460160424893,0.08928480618669922,0.42358184904075846
-0.70281124497991965,0.043019433751880019,0.42163695438283266
-0.70740414231451554,0.064193049541440533,0.44918962870344831
-0.71772183585289673,0.028548270728920251,0.45348460440636779
-0.69712998334802623,0.031749886551500857,0.44927066598086191
-0.69719528520586416,0.018128217142734316,0.47042139538580507
-0.70063451638532448,0.057597138895777195,0.46839546345046568
-0.71201880693505726,0.070872755481593178,0.49392220583574192
-0.70446555871181205,0.0090005512621737487,0.43800648442037493
-0.69401726145775511,0.053703417427295529,0.53743922380683185
-0.70651168359073147,0.04115503026351381,0.43265802411107895
-0.7143914411031661,0.040585021553694874,0.51280389147310501
-0.69070863399397042,0.038018811566971733,0.47495948292096529
-0.71230178165235469,0.10727353176136166,0.45567261089653432
-0.69847955507667525,0.064881810065805165,0.35259319402646644
-0.70120046581991924,0.010523919609894114,0.44408428022639307
-0.71500092510965274,0.13288963620746608,0.42933549573712232
-0.7069034947377586,0.035644778812520289,0.38784440970137174
-0.70170111339667618,0.058462354581191957,0.4699351717213236
-0.71147462478640855,0.0064151068266157501,0.42811993657591874
-0.69525799675667443,-0.022948871788979124,0.37139384238641593
-0.70400844570694698,0.0084283682233560475,0.50267423179640802
-0.70651168359073147,0.056833113136841439,0.54489465332888087
-0.70884078318694832,-0.026328113565147665,0.45356564168378138
-0.70862311032748881,0.041667502882905057,0.37698541452795264
-0.71719942099019385,0.019168215428431026,0.51474878613103081
-0.72033391016641091,-0.0089458585250520185,0.42309562537627704
-0.67891076501126457,0.059293617283011295,0.4952188022743591
-0.72198822389830319,-0.016126329159218106,0.40948136277079639
-0.71613282397884215,0.0068988114007931169,0.44959481509051619
-0.70331189255667659,0.10113824435127382,0.43589951520762193
-0.73073867284857585,0.033357551961940936,0.4512155606387877
-0.69329894102153877,0.030705037839576236,0.45769854283187372
-0.71302010208857114,0.043261955063276021,0.44797406954224467
-0.69865369336424288,0.10522447756418085,0.45145867247102844
-0.72433909078046599,0.0063609158577245294,0.42568881825351146
-0.67124868035828955,0.036934323164839626,0.41012966099010495
-0.69797890749991842,0.13876918907608876,0.43711507436882557
-0.71576278011776107,0.072269009210926716,0.48978930468764958
-0.70799185903505624,0.01841773741171809,0.47115073088252724
-0.69238471501180876,0.070497432845198299,0.37260940154761957
-0.7101685876296514,0.038628961735228638,0.44230146012329441
-0.70642461444694771,0.086302128568682301,0.29724473355299447
-0.67653813084315584,0.067640030028723166,0.47990275684319339
-0.71162699578803013,0.078528233373941742,0.5072123193315683
-0.72192292204046538,0.022020600562601415,0.44011345363312787
-0.71582808197559888,-0.020804147115854547,0.4188816869507711
-0.70498797357451481,0.05304543202106668,0.46961102261166932
-0.70285477955181164,0.057072289326700928,0.47884927223681689
-0.70677289102208296,0.038125353687909133,0.42325769993110418
-0.71441320838911204,0.050681601887301586,0.36831442584470009
-0.71208410879289519,0.097140656859083907,0.41547812129940093
-0.70379077284748748,0.10908725665844993,0.42641815375023362
-0.70122223310586518,0.03537967793075298,0.38209076300500788
-0.68084805346045429,0.067493680961501462,0.39837925576513655
-0.72227119861560063,0.046581151907864458,0.47066450721804576
-0.68837953439775357,-0.011751746469865088,0.53225283805236312
-0.68476616493072562,0.061341500687654295,0.38833063336585322
-0.71312893851830084,0.068960851267408724,0.35162074669750354
-0.70605457058586651,0.032131899430968724,0.5010534862481365
-0.64717406210206685,0.1105840312899552,0.46061588481876242
-0.70178818254045994,-0.0071483574674157477,0.48638573903627941
-0.67975968916315666,0.10246659211341645,0.51782820267274665
-0.68968557155451071,0.02270049651489427,0.42706645196954224
-0.7093631980496512,0.048182127075231555,0.39149108718498266
-0.71188820321938162,0.10954068788272199,0.42844408568557302
-0.71937614958478902,0.046055967826634521,0.40040518770047595
-0.72109576517451923,0.024512381595137495,0.34821718104613336
-0.69436553803289036,0.079732644383157233,0.43703403709141198
-0.71602398754911245,0.042174957819991532,0.35510534962628731
-0.73130462228317061,0.036227331728101136,0.54667747343197948
-0.70899315418857001,0.077316463097345967,0.49108590112626677
-0.73572338133019888,0.038310004396723732,0.45640194639325654
-0.69203643843667351,0.093935361402813181,0.5129659660279321
-0.71147462478640855,0.12804840906377182,0.48776337275231019
-0.72240180233127638,0.075462596741819724,0.40243111963581529
-0.7023541319750547,0.067543523272395253,0.50089141169330942
-0.69319010459180896,0.11932383032835905,0.48184765150111919
-0.70725177131289385,0.028545427375614246,0.24424635412451617
-0.70296361598154133,0.060485316830388089,0.46572123329581766
-0.72018153916478922,0.070299568906314544,0.47163695454700871
-0.71223647979451687,0.0049047844528876793,0.45040518786465195
-0.72177055103884369,0.081666124631252099,0.50769854299604977
-0.70905845604640783,0.10103855972948622,0.40842787816441989
-0.7051403445761365,0.098676736668642989,0.4649918977990955
-0.69932847922856733,0.050014584652924229,0.51612641984706153
-0.69366898488261997,0.066940565115441789,0.42763371291143726
-0.7102774240593811,0.0383725581694562,0.51701782989861089
-0.68905432026207813,0.025199302302656993,0.52277147659497469
-0.72893198811506188,0.041399056879601229,0.32382496054464721
-0.71817894885776168,0.057099050298992884,0.51474878613103081
-0.71774360313884267,0.1111361435995539,0.37058346961228017
-0.71247591993992232,0.036579907538047851,0.44943274053568905
-0.71476148496424718,0.040526147414652526,0.54092382673561568
-0.70879724861505644,0.06837060457229395,0.44773095771000393
-0.70265887397829807,-0.026189792789613555,0.37901134646329204
-0.70167934611073013,0.043839490296552083,0.55769854316022571
-0.70420435128046055,0.024455681785093872,0.51037277315069773
-0.68605043480153682,0.057043354025410241,0.53209076349753592
-0.68894548383234833,0.048382834367421322,0.56726094189502763
-0.73354665273560371,0.045281237678781984,0.41944894789266612
-0.70918905976208357,0.17573328382260323,0.49019449107471746
-0.69943731565829714,0.056948185317696909,0.36491086019332991
-0.70635931258910978,0.075961187106834513,0.40307941785512391
-0.69434377074694442,0.08685725148766385,0.42771475018885086
-0.68217585790315738,0.094189256127433257,0.3827390612243165
-0.70921082704802951,0.0079501830997138982,0.38995137891412468
-0.71138755564262468,0.0049317126812564857,0.37601296719898974
-0.7042261185664066,0.006010179864622869,0.48533225442990291
-0.71482678682208511,-0.01759834989135332,0.47439222197907027
-0.70601103601397464,0.064611356989579427,0.42212317804731414
-0.71602398754911245,0.04392545992004003,0.45850891560600948
-0.718461923575059,0.055596756216952412,0.40802269177735201
-0.72483973835722293,0.083556452811526141,0.41045381009975929
-0.68753061024586148,0.034392030797102451,0.48095624144956983
-0.70056921452748666,0.044581940021577435,0.41709886684767244
-0.71635049683830176,0.03778933622956808,0.44100486368467717
-0.68602866751559077,0.065720432035004772,0.5735818495332865
-0.70953733633721883,0.074928715344594943,0.41329011480923444
-0.69723881977775604,0.081975548373378018,0.40332252968736465
-0.70500974086046087,0.11448093062389654,0.46134522031548464
-0.68724763552856416,0.073675632817023398,0.52552674402703636
-0.70113516396208142,0.055225113214247668,0.43987034180088713
-0.7093631980496512,-0.022853034056958495,0.45178282158068273
-0.69898020265343219,0.040215051111758375,0.47965964501095265
-0.70696879659559653,0.015322830966151725,0.41215559292544435
-0.69710821606208029,0.042344053713661414,0.53306321082649877
-0.70272417583613589,0.047836074252281022,0.43111831584022098
-0.71062570063451636,0.061521802738471458,0.44108590096209077
-0.70901492147451595,0.00077506466000617504,0.460129661154281
-0.70165757882478419,0.14763760803757089,0.4728525137082123
-0.705401552007488,0.00055428663859743825,0.41831442600887608
-0.69763063092478317,0.04281789017930613,0.3777957873020884
-0.72161818003722211,0.14941336580521994,0.44246353467812155
-0.69551920418802582,0.081609926589438983,0.50745543116380898
-0.704922671716677,0.023861588200212142,0.41004862371269141
-0.68770474853342911,0.066477098526560238,0.49303079578419257
-0.69051272842045686,0.10442047760288396,0.4521880079677506
-0.71515329611127432,0.033281617703062503,0.3965153983846243
-0.70078688738694617,0.052790199247832036,0.51847650089205521
-0.70692526202370454,0.0028383356237171083,0.50340356729313018
-0.72253240604695201,0.076189324395623564,0.45891410199307736
-0.69854485693451307,0.075705452565369355,0.42755267563402366
-0.71628519498046384,0.10255088917613618,0.37123176783158879
-0.72860547882587257,0.10677694846926877,0.37714748908277979
-0.71604575483505839,0.0056935641111934962,0.36653160574160143
-0.71077807163613804,0.058268003019921515,0.45032415058723835
-0.70228883011721688,0.07640173961319105,0.5168557553437837
-0.71715588641830197,-0.00082055831290253677,0.383792545830693
-0.71001621662802972,0.096395196524675708,0.47568881841768745
-0.71743886113559929,0.054778706745202244,0.53946515574217124
-0.69412609788748492,0.15199462883885734,0.45048622514206549
-0.71149639207235449,0.064029473098305895,0.47106969360511364
-0.722097060328033,-0.025173210354672345,0.45980551204462666
-0.71672054069938285,0.059632979862888819,0.47309562554045304
-0.69667287034316128,0.011613091182177324,0.39805510665548227
-0.7138037243826254,-0.013456922173094065,0.44732577132293605
-0.70056921452748666,0.048257726821956372,0.548298218980251
-0.72170524918100587,0.097867384512887734,0.46831442617305208
-0.71288949837289539,0.015351097243135116,0.38703403692723598
-0.72838780596641306,0.030248763261998133,0.44213938556846727
-0.70518387914802838,0.066186240208961869,0.40445705157115469
-0.69965498851775665,-0.014766871766786038,0.4298217194016038
-0.71950675330046476,0.095996458037525351,0.44294975834260303
-0.70840543746802931,0.04635803230138013,0.4688816871149471
-0.72325072648316846,0.022537589096066901,0.52374392392393765
-0.70231059740316282,-0.058618237244792697,0.52771475051720285
-0.69895843536748625,0.05112449597873369,0.40470016340339543
-0.72214059489992488,0.023203937306136953,0.33128039006669613
-0.71069100249235428,0.035266612822819406,0.41661264318319102
-0.70866664489938069,0.090745788017763965,0.3984602930425501
-0.70355133270208203,0.04305121240647674,0.45875202743825022
-0.7101685876296514,0.028496086832950886,0.51118314592483349
-0.70211469182964925,0.10320653299728946,0.46815235161822494
-0.69155755814586262,0.060597545657937527,0.47358184920493451
-0.68137046832315717,-0.030509849997921685,0.49554295138401344
-0.69867546065018882,-0.012953648637928217,0.46588330785064486
-0.71323777494803065,-0.020859676133360379,0.30153970925591395
-0.73746476420587503,0.059000919148567831,0.44092382640726363
-0.68781358496315892,0.028996851526964407,0.44546191394242385
-0.70860134304154287,0.10665535330141714,0.4248784454793757
-0.71881020015019426,0.047697920732823716,0.27585089231581056
-0.70766534974586692,-0.00093144909183738155,0.49910859159021076
-0.71737355927776147,0.057126145783438519,0.42836304840815942
-0.71500092510965274,0.071957243883725278,0.43800648442037493
-0.69453967632045799,-0.01006062027708941,0.47236629004373087
-0.68396077535072541,0.027020051954971928,0.44862236776155329
-0.7099509147701919,0.065428737437022294,0.44149108734915865
-0.71900610572370782,0.054716821996777056,0.44505672755535597
-0.71254122179776014,0.044675603424599329,0.51750405356309237
-0.7081877646085698,0.069304562505283718,0.47544570658544671
-0.71473971767830125,0.10034913018081432,0.46247974219927468
-0.71149639207235449,0.037092714669592734,0.34230145979494236
-0.72050804845397853,0.057357126425533596,0.41515397218974665
-0.69538860047235007,-0.015069270753685306,0.45137763519361485
-0.70411728213667679,0.070608323624133135,0.42771475018885086
-0.71008151848586754,0.029942851897485578,0.42204214076990054
-0.72198822389830319,0.087951273486174972,0.42609400464057934
-0.7063157780172179,0.024788688634052081,0.48209076333335993
-0.69521446218478244,0.050601151714348876,0.42074554433128336
-0.71682937712911265,0.045267522680482349,0.44562398849725099
-0.71680760984316672,0.023148073776477488,0.43217180044659748
-0.69482265103775531,0.049391555766751791,0.4570502446125651
-0.71341191323559827,0.066284252269981234,0.458022691941528
-0.705401552007488,0.084397583621878131,0.46053484754134888
-0.70542331929343394,0.071694819099187151,0.42771475018885086
-0.71504445968154462,0.063892490371386376,0.41839546328628968
-0.68857543997126713,0.08275111480161465,0.43962722996864639
-0.69258062058532233,0.01077045506713393,0.5442463551095722
-0.72177055103884369,0.023891192525810123,0.39035656530119256
-0.70370370370370372,0.080769464803394267,0.47852512312716261
-0.69963322123181071,0.10584951352327517,0.4699351717213236
-0.71624166040857196,0.10540929552907227,0.46555915874099052
-0.70283301226586559,0.011907461877389015,0.41239870475768509
-0.72046451388208665,0.070812543293936256,0.51847650089205521
-0.70931966347775932,0.030472050124559277,0.49019449107471746
-0.7173300247058696,0.030237557104850894,0.45283630618705922
-0.71349898237938203,0.056708340103530132,0.41912479878301184
-0.69702114691829653,0.073178380500623225,0.43338735960780111
-0.6830465493409954,0.065946060482641441,0.49878444248055642
-0.71082160620802992,0.10667224616517643,0.52269043931756121
-0.71702528270262622,0.11535869051507315,0.49416531766798266
-0.70938496533559714,0.054491695317370858,0.48014586867543407
-0.70083042195883805,0.0091117765532622436,0.38225283755983502
-0.71545803811451769,0.058396790199076634,0.37690437725053905
-0.71524036525505819,0.040075057775455988,0.52058347010480821
-0.69904550451127001,0.07055429991131873,0.48525121715248937
-0.7074912114582993,0.040298010125863475,0.34611021183338042
-0.73535333746911768,0.03621646008310752,0.4659643451280584
-0.72686409595019641,0.006070726564433456,0.46466774868944122
-0.72716883795343978,0.071010239976743175,0.39602917472014287
-0.70777418617559673,0.063396910615754448,0.48209076333335993
-0.72166171460911399,0.037650680941880302,0.43922204358157851
-0.68896725111829427,-0.011806773719140459,0.48614262720403867
-0.68583276194207721,0.048231133105741238,0.52593193041410424
-0.71428260467343629,0.048692592621700899,0.44967585236792978
-0.72074748859938398,0.097275465257004715,0.44959481509051619
-0.71465264853451749,0.0056734933819745205,0.46709886701184844
-0.67906313601288626,0.047549230080526458,0.49343598217126045
-0.72157464546533012,0.045919486867945475,0.39448946644928495
-0.71702528270262622,0.038905268774143222,0.39837925576513655
-0.70381254013343342,0.017945740762918466,0.41750405323474032
-0.71286773108694945,0.04954676940604523,0.44927066598086191
-0.73123932042533279,0.059790535087257811,0.47455429653389741
-0.71887550200803207,0.039995443882887387,0.46037277298652168
-0.71110458092532736,0.037780137145342722,0.40048622497788949
-0.68171874489829232,0.050689964691142834,0.39667747293945144
-0.7000032650928919,0.09899686479968571,0.45721231916739224
-0.72438262535235798,0.013850642977939694,0.38038898017932282
-0.68261120362207639,0.072828815300059385,0.43873581991709709
-0.71541450354262581,0.063496595237542031,0.42447325909230782
-0.71983326258965397,0.01995833313535143,0.47811993674009473
-0.65181049400855451,0.033004976151994242,0.47001620899873719
-0.6995243848020809,0.044108605324163212,0.41458671124785162
-0.72203175847019518,0.095772000382426462,0.40948136277079639
-0.71469618310640937,0.065712570999393996,0.47763371307561325
-0.71382549166857134,0.044373706205930535,0.43444084421417761
-0.71101751178154349,0.10141572218272617,0.34384116806580034
-0.70183171711235182,0.039394827311009455,0.44602917488431887
-0.708557808469651,0.095905470731732667,0.44489465300052883
-0.71136578835667874,0.033091782055866346,0.40024311314564875
-0.69675993948694503,0.060620459740462533,0.52017828371774033
-0.70148344053721656,0.045446988450915368,0.43346839688521466
-0.69806597664370218,0.019136102261680631,0.37868719735363771
-0.7193108477269512,0.083168418713292558,0.41936791061525258
-0.67906313601288626,0.10087883017611853,0.39084278896567404
-0.70651168359073147,0.031272370452166014,0.54149108767751064
-0.70022093795235141,0.095048450594082304,0.42552674369868432
-0.72227119861560063,0.036119618814625956,0.44724473404552251
-0.70477030071505531,0.071431056266034409,0.48557536626214365
-0.7143914411031661,0.012447197237302698,0.49408428039056906
-0.70820953189451574,0.078640462201491207,0.47098865632770009
-0.71156169393019231,0.068553248208186646,0.41685575501543171
-0.71236708351019251,0.063284849044281818,0.46847650072787922
-0.70966794005289446,0.14874584680261213,0.50210697085451306
-0.70537978472154195,0.079711402861400493,0.48922204374575456
-0.71822248342965356,0.041446724861496288,0.44384116839415233
-0.71473971767830125,0.060791060938823825,0.51507293524068509
-0.71628519498046384,0.034990473039981623,0.46223663036703394
-0.73071690556262991,0.04297628168405921,0.34408427989804102
-0.72135697260587062,0.014720207321351906,0.51531604707292578
-0.70559745758100156,0.062438031527317812,0.49222042301005681
-0.71143109021451656,0.047070543188653842,0.35283630585870718
-0.70102632753235161,0.076805997550876651,0.41215559292544435
-0.72988974869668377,-0.008908058651689605,0.31150729437778374
-0.69514916032694463,0.0089475310858202709,0.51961102277584525
-0.72233650047343845,0.044610708066791301,0.3866288505401681
-0.70035154166802716,0.054903981546744023,0.46669368062478062
-0.7079700917491103,0.075464771070818448,0.37455429620554537
-0.71898433843776188,0.091825091481514493,0.48273906155266849
-0.68459202664315799,0.093592820957475953,0.50380875368019806
-0.73968502737236208,-0.0099246410866308324,0.38460291860482876
-0.69068686670802448,0.031321710994829319,0.53209076349753592
-0.70823129918046168,0.067524121567483539,0.42447325909230782
-0.70901492147451595,0.066179717221965709,0.47252836459855801
-0.69830541678910762,0.084891490816741813,0.45145867247102844
-0.72002916816316753,0.038147264233973174,0.46142625759289818
-0.70435672228208224,0.078496956487575514,0.33047001729256037
-0.68748707567396961,0.018676148050412417,0.53914100663251696
-0.71323777494803065,0.068017861506270413,0.44789303226483113
-0.70329012527073065,0.046529135267971929,0.43419773238193687
-0.6952362294707285,0.097040135956912202,0.41515397218974665
-0.72481797107127699,0.076871060164761487,0.39343598184290846
-0.68962026969667289,0.092266480268255194,0.40397082790667327
-0.68243706533450876,0.084840979481540721,0.41296596569958011
-0.70564099215289344,0.029517185181966426,0.52447325942065981
-0.67185816436477619,0.038040220344805309,0.51782820267274665
-0.69190583472099776,0.085571219512957861,0.41045381009975929
-0.71045156234694873,0.0059558216396548265,0.45453808901274428
-0.71217117793667895,0.052268694800292247,0.41588330768646881
-0.69837071864694555,-0.010459024252086118,0.4209886561635241
-0.67039975620639736,0.054277774795111929,0.46969205988908286
-0.72264124247668182,0.11824803924222185,0.38192868845018074
-0.72118283431830299,0.024643677615444975,0.37058346961228017
-0.70418258399451461,0.1003320700609782,0.35413290229732441
-0.69225411129613301,0.033068867973341354,0.41515397218974665
-0.69793537292802643,0.050128151529088276,0.42544570642127072
-0.70494443900262294,0.062028254139096989,0.4649918977990955
-0.69345131202316035,0.073564742038088562,0.47852512312716261
-0.71826601800154544,0.029143200594186128,0.36361426375471273
-0.69832718407505356,-0.027350215450624101,0.37228525243796529
-0.70180994982640588,0.028221117842650911,0.37358184887658247
-0.72039921202424873,0.058187720103045626,0.52066450738222181
-0.69490972018153918,-0.025865148744496597,0.36831442584470009
-0.71069100249235428,0.016802043709590372,0.52341977481428337
-0.6899467789858621,0.035278488004273974,0.49408428039056906
-0.68526681250748256,0.086864945267197791,0.41620745679612314
-0.69423493431721461,0.021181476825171311,0.46677471790219416
-0.69736942349343167,-0.0052836194668958907,0.52066450738222181
-0.69791360564208049,0.11309471225917249,0.50251215724158094
-0.7037472382755956,0.048115224644501658,0.40429497701632755
-0.70886255047289426,-0.01693869192435625,0.4307131294531531
-0.71210587607884113,0.08392742678992357,0.47893030951423049
-0.69369075216856591,0.043904385654360112,0.38614262687568668
-0.70542331929343394,-0.039211849162963108,0.4298217194016038
-0.71532743439884194,0.033618638697864509,0.37860616007622416
-0.70999444934208378,0.037097565095820628,0.41434359941561089
-0.70172288068262212,0.037041868822237985,0.37730956363760693
-0.70757828060208317,0.029749503872676077,0.51175040686672846
-0.70542331929343394,0.05416052828525772,0.492382497564884
-0.69251531872748451,0.017677963783921943,0.3405996769692573
-0.70255003754856826,0.0676753210609332,0.5012155608029637
-0.71056039877667854,0.032817147577719995,0.38119935295345858
-0.72623284465776383,0.072546654298455887,0.4531604552967135
-0.71678584255722078,0.058347449656413294,0.41166936926096293
-0.6994155483723512,0.050116945371941016,0.48703403725558803
-0.70638107987505583,0.094613584794337804,0.46839546345046568
-0.69223234401018707,0.09671783349687077,0.42917342118229518
-0.71645933326803146,0.041743771653937153,0.43217180044659748
-0.70836190289613743,0.056081464327590716,0.44902755414862117
-0.70494443900262294,0.071435070411878202,0.32706645164119019
-0.7025718048345142,0.08195196526654569,0.54173419950975144
-0.70716470216911009,0.00076703636831859266,0.46742301612150278
-0.70601103601397464,0.081074038119292272,0.40340356696477819
-0.71526213254100413,0.039573289544981551,0.43873581991709709
-0.70790478989127237,0.1195459463983824,0.40121556047461171
-0.70905845604640783,0.042753663845805402,0.37131280510900239
-0.71661170426965315,0.048145832506560592,0.50559157378329678
-0.70783948803343455,0.069665835631225345,0.4149918976349195
-0.70283301226586559,0.085270827598980511,0.45372771623860852
-0.67997736202261616,0.035434705180028336,0.53047001794926441
-0.69162286000370043,0.046002947650281081,0.43087520400798029
-0.70533625014965007,0.076355744192064229,0.44562398849725099
-0.71835308714532931,0.046893753515450026,0.34367909351097314
-0.71809187971397781,0.041953678030352291,0.47390599831458879
-0.69421316703126867,0.029857718554381723,0.40810372905476561
-0.71404316452803085,0.094141420889461369,0.37844408552139702
-0.70807892817883999,0.013641572881908677,0.48265802427525495
-0.70324659069883877,0.064982498224053692,0.51742301628567877
-0.70916729247613763,0.11983463038698204,0.39724473388134651
-0.70925436161992139,0.033084924556716536,0.42722852652436938
-0.71175759950370587,0.083134465729697127,0.44068071457502289
-0.6993067119426214,0.081617620368972896,0.40972447460303713
-0.71950675330046476,0.01810881543782264,0.40583468528718547
-0.67357777995450641,0.010122003257284108,0.5501620763607632
-0.71182290136154369,0.0051504836297433338,0.4188816869507711
-0.70220176097343301,0.014613330688260845,0.43606158976244908
-0.70875371404316456,0.034854326593446214,0.3877633724239582
-0.70524918100586631,0.04186787566294118,0.49157212479074824
-0.68951143326694309,0.0080100607752171728,0.43970826724605999
-0.69099160871126786,0.055289506803825231,0.35235008219422576
-0.69617222276640434,-0.011866818650720558,0.44424635478122021
-0.71228001436640875,0.046857793458932664,0.43978930452347359
-0.70009033423667566,0.083952180689293665,0.38225283755983502
-0.69549743690207988,0.071073295517706123,0.44303079562001657
-0.72120460160424893,0.031115986020334808,0.49846029337090214
-0.70964617276694852,0.077786118161070034,0.43987034180088713
-0.69022975370315953,0.033999480784794617,0.41823338873146254
-0.7071211675972181,0.024904764351368496,0.38743922331430386
-0.69584571347721513,0.061424626957836244,0.32690437708636305
-0.71996386630532971,0.083666674566153704,0.48638573903627941
-0.70019917066640547,0.047460918871962965,0.48525121715248937
-0.73803071364046979,0.061660792538312893,0.48265802427525495
-0.71480501953613917,0.054367925820520496,0.36636953118677429
-0.71434790653127411,0.051683633043559059,0.39602917472014287
-0.68957673512478102,0.084867740453832691,0.47925445862388477
-0.71537096897073393,0.11639718349607846,0.48354943432680425
-0.6884448362555915,0.018228069020598741,0.48119935328181057
-0.69549743690207988,0.036915757740312069,0.47058346994063222
-0.71561040911613938,0.049929618565897227,0.42009724611197474
-0.71506622696749056,0.050219306090957788,0.42171799166024626
-0.73073867284857585,0.065326711230159151,0.43419773238193687
-0.69525799675667443,0.027800468809436502,0.43946515541381925
-0.70729530588478573,0.076357082240678845,0.4590761765479045
-0.71321600766208471,0.11409390006212393,0.47487844564355169
-0.69858839150640506,0.080769799315547924,0.44781199498741753
-0.71158346121613825,0.036311963302974475,0.51312804058275929
-0.69573687704748532,0.030250435822766396,0.49837925609348854
-0.69898020265343219,0.053825514363377625,0.41863857511853036
-0.69961145394586477,0.10871461011928422,0.39724473388134651
-0.69804420935775624,-0.00020271436511167632,0.36636953118677429
-0.72490504021506075,0.10199610076930826,0.40607779711942621
-0.7062069415874882,0.13775260664114758,0.52949757062030145
-0.72026860830857309,0.043421517360566875,0.47893030951423049
-0.68541918350910414,-0.0026478309522136242,0.43995137907830073
-0.71680760984316672,0.068191807826168224,0.43784440986554773
-0.69908903908316189,0.040455732606309254,0.46855753800529282
-0.70527094829181225,0.081806452479708136,0.50202593357709946
-0.71199703964911132,-0.064993537125124096,0.32082658128034491
-0.71071276977830022,0.11806389030163772,0.42431118453748068
-0.72283714805019539,0.05311250170787344,0.44384116839415233
-0.71282419651505757,0.12436693555678086,0.41952998517007972
-0.71254122179776014,0.041901828646536611,0.52050243282739461
-0.69763063092478317,0.053746736751193153,0.43784440986554773
-0.7309781129939813,-0.00042533220336551334,0.38614262687568668
-0.70431318771019036,0.07736965052977629,0.46564019601840412
-0.70975500919667833,-0.043097207827603567,0.41580227040905526
-0.71848369086100494,0.067685189169465837,0.32852512263463457
-0.71617635855073414,0.059460371591605624,0.37269043882503317
-0.69229764586802489,0.045902092235955712,0.42042139522162902
-0.71482678682208511,0.010831838047328629,0.43857374536226995
-0.69638989562586384,0.075211712626582522,0.37730956363760693
-0.68437435378369849,0.043363646757985465,0.5013776353577909
-0.71413023367181461,0.072754720858025992,0.45137763519361485
-0.71463088124857155,0.054234288215137455,0.49173419934557538
-0.69094807413937598,-0.022511664404159037,0.38930308069481612
-0.69436553803289036,0.094578293762127758,0.39311183273325417
-0.70805716089289406,0.12484696049726805,0.50656402111225962
-0.69658580119937741,0.062746953501213218,0.48897893191351383
-0.69610692090856652,0.015596796419990764,0.34497568994959038
-0.70468323157127155,0.032164848878103232,0.51636953167930233
-0.70851427389775901,0.064529234255858423,0.47957860773353905
-0.71325954223397658,0.025356188502718681,0.47601296752734173
-0.71584984926154482,-0.0034029921390776843,0.37820097368915628
-0.72272831162046558,0.10846222069935561,0.39805510665548227
-0.70971147462478645,0.083637739264863009,0.46474878596685476
-0.694975022039377,-0.028654311081627186,0.50372771640278458
-0.70655521816262334,0.022347753448870755,0.36588330752229281
-0.69314657001991709,0.029243219728127358,0.53014586883961012
-0.71069100249235428,0.022596630491186098,0.48833063369420521
-0.72103046331668141,0.072188391781897163,0.40510534979046331
-0.70857957575559694,0.015922444001568684,0.49773095787417998
-0.71406493181397679,0.087480614885989932,0.42123176799576478
-0.70087395653072992,0.0070739285132286871,0.47374392375976165
-0.71278066194316558,0.033662292533915783,0.42641815375023362
-0.70531448286370413,-0.00033033075172900526,0.44335494472967091
-0.68672522066586128,-0.0052048418547113858,0.37544570625709472
-0.70546685386532582,0.090768200332058499,0.466045382405472
-0.6989366680815402,0.036205755694190725,0.53476499365218388
-0.70324659069883877,0.058504001344321314,0.34570502544631254
-0.69652049934153959,0.044677610497521225,0.49311183306160616
-0.70781772074748861,0.10462503178484071,0.38241491211466222
-0.71286773108694945,0.063399753969060474,0.44392220567156593
-0.69210174029451133,0.066221196729018272,0.37909238374070559
-0.71898433843776188,0.014534887588229999,0.47609400480475533
-0.71850545814695099,0.0082079247141009365,0.55526742483781844
-0.70703409845343435,-0.048611640680517702,0.40640194622908049
-0.71513152882532838,0.046919009183050572,0.45113452336137411
-0.70701233116748841,0.020245511819259664,0.52747163868496216
-0.72423025435073629,-0.010901751087441406,0.43573744065279479
-0.71750416299343711,0.034502419807806821,0.44092382640726363
-0.71996386630532971,0.12885909926814171,0.41215559292544435
-0.71682937712911265,0.053563089578839485,0.41572123313164167
-0.71920201129722139,0.022903378136082776,0.41183144381579007
-0.7076000478880291,0.062604451323758484,0.4159643449638824
-0.71643756598208552,0.10129161817372216,0.38233387483724862
-0.70849250661181307,0.060847593492790633,0.4307941667305667
-0.71630696226640977,0.11358912122226662,0.46288492858634256
-0.71195350507721944,0.072710899765897868,0.41142625742872219
-0.69538860047235007,0.027416783369200375,0.47625607935958247
-0.71182290136154369,0.10517078836352009,0.42398703542782634
-0.73023802527181902,0.073166338063091876,0.52447325942065981
-0.69255885329937639,0.071150400569122349,0.46620745696029914
-0.71959382244424852,0.055138641822529234,0.55648298399902207
-0.67638575984153415,0.045889548030193836,0.41142625742872219
-0.73626756347884759,0.044391435350073984,0.46750405339891632
-0.71328130951992252,0.12190576238630368,0.43638573887210341
-0.69475734917991749,0.10774151426431748,0.53387358360063453
-0.69588924804910701,0.046527629963280498,0.37196110332831095
-0.70997268205613784,0.062116565347660503,0.4570502446125651
-0.72686409595019641,0.067472773951898352,0.51215559325379634
-0.70908022333235377,0.033023876088675456,0.43824959625261561
-0.70971147462478645,0.046403860466430136,0.47325770009528018
-0.70494443900262294,0.13435195608714542,0.43168557678211605
-0.70207115725775726,0.062515972859118155,0.43711507436882557
-0.67222820822585738,0.045693356652078319,0.54975688997369532
-0.69120928157072736,0.053884388502419958,0.40056726225530309
-0.70777418617559673,0.067263536599790522,0.43905996902675137
-0.7079700917491103,0.088458226655031003,0.4571312818899787
-0.70905845604640783,0.026546382745404069,0.51920583638877749
-0.70194055354208162,0.065120317231357333,0.4982171815386614
-0.71574101283181502,0.019066189221567879,0.45867099016083662
-0.6983489513609995,0.091192361742886238,0.51272285419569141
-0.70170111339667618,0.10602580142824852,0.44343598200708445
-0.69192760200694381,0.09892895883249482,0.47301458826303949
-0.70477030071505531,0.059966153967923853,0.45340356712895424
-0.71680760984316672,0.050105070190486461,0.46272285403151542
-0.72368607220208747,0.041358413652932795,0.53030794339443721
-0.70074335281505429,0.12679114513427969,0.44084278912985003
-0.72951970483560258,0.048927921921793419,0.32115073038999919
-0.71639403141019364,0.044458170524727066,0.59351701977702609
-0.71632872955235571,-0.0084743636444828789,0.33914100597581293
-0.71513152882532838,0.051707048894314524,0.48038898050767481
-0.71204057422100331,0.088108159686236656,0.48452188165576715
-0.72647228480316928,-0.010235235621294522,0.47131280543735438
-0.69932847922856733,0.090047326640943545,0.5444084296643994
-0.69569334247559345,0.02733298807471117,0.44513776483276951
-0.72096516145884348,-0.0060135249861593939,0.3758508926441626
-0.68309008391288728,0.061380973121784962,0.51223663053120994
-0.72462206549776342,0.039754427876182823,0.44116693823950437
-0.70966794005289446,0.11274397626607084,0.47803889946268113
-0.68811832696640218,0.016557348069195659,0.37001620867038515
-0.70720823674100197,0.060136755166285166,0.46645056879253988
-0.70024270523829735,0.084515499156039647,0.47131280543735438
-0.69723881977775604,0.0024661908527818794,0.48257698699784135
-0.71484855410803105,0.074326593468025601,0.3583468407228303
-0.72185762018262756,0.02511684505678238,0.42414910998265354
-0.7139125608123551,0.060283940513890993,0.38322528488879798
-0.68095688989018399,0.049240189017225336,0.4600486238768674
-0.72455676363992561,0.05699769311643705,0.4561588345610158
-0.70827483375235356,0.039532813574389931,0.50640194655743254
-0.71143109021451656,0.082279787177122352,0.3485413301557877
-0.70009033423667566,-0.0043759207379676169,0.50372771640278458
-0.70718646945505603,0.066955283650202355,0.46353322680565112
-0.7006998182431623,0.0099514020589228074,0.49068071473919889
-0.70496620628856888,0.050068608365738648,0.51256077964086422
-0.72009447002100546,0.050742148587112172,0.3945705037266985
-0.70551038843721769,0.06196503134205722,0.38508914226931018
-0.70307245241127114,0.025421585628757185,0.45534846178688004
-0.70657698544856939,-0.017868635711502219,0.44813614409707181
-0.69756532906694524,0.06719379081575455,0.48273906155266849
-0.70655521816262334,0.040949974313326608,0.36442463652884849
-0.70065628367127042,-0.025551041832219595,0.37017828322521229
-0.69739119077937772,0.11242552069579639,0.44051864002019575
-0.70148344053721656,0.025795235704383815,0.41175040653837647
-0.71334661137776034,0.08707434987538247,0.4620745558122068
-0.71184466864748974,0.019162863233972635,0.49068071473919889
-0.70006856695072972,0.024832509726180174,0.46069692209617602
-0.7082966010382995,0.013556105026651215,0.47739060124337251
-0.72137873989181656,-0.035148362776504259,0.50437601462209314
-0.71780890499668049,0.045121508125414274,0.40000000131340807
-0.7244479272101958,0.078401118755554888,0.37520259442485399
-0.71465264853451749,0.086575926766444544,0.29813614360454382
-0.71036449320316497,0.035552955226343469,0.44189627373622653
-0.70544508657937988,0.10626798822749088,0.52463533397548701
-0.7251444803604663,0.0086989885556586211,0.5013776353577909
-0.72111753246046517,0.02536839819632691,0.40656402078390769
-0.69436553803289036,0.07705721617826751,0.51401945063430865
-0.71038626048911091,0.057673240410732469,0.47974068228836625
-0.71349898237938203,0.10203490417913164,0.532658024439431
-0.70751297874424524,0.035382521284058992,0.33103727823445539
-0.66722173245828842,0.014143508368459942,0.44724473404552251
-0.71036449320316497,-0.0055579194328885919,0.38938411797222966
-0.69843602050478337,0.0026558592439012425,0.45988654932204026
-0.6991978755128917,0.081022355991553385,0.49797406970642066
-0.70385607470532541,0.070084644847594649,0.45567261089653432
-0.69948085023018902,0.019175909207964966,0.44675851038104103
-0.718461923575059,0.048372464490658185,0.41434359941561089
-0.68853190539937525,0.057045026586178459,0.43930308085899211
-0.69682524134478296,0.021404930943809252,0.46774716523115706
-0.72177055103884369,-0.005744744470701898,0.43395462054969614
-0.71256298908370608,0.080992082641648075,0.38589951504344594
-0.72181408561073568,0.063635250525229808,0.47625607935958247
-0.70651168359073147,0.066639504177157138,0.45850891560600948
-0.72063865216965428,0.055428831115820296,0.40696920717097551
-0.70418258399451461,0.052411364233823809,0.35121556031043566
-0.67488381711126344,0.0764490730829325,0.49602917504849486
-0.67501442082693919,-0.013958523147491696,0.38549432865637806
-0.69260238787126827,0.067927375968708195,0.37868719735363771
-0.70453086056964986,0.049123946043832099,0.42666126558247436
-0.70522741371992037,0.017296787184838163,0.50145867263520438
-0.68872781097288882,0.0029580909747236668,0.55575364850229991
-0.70918905976208357,-0.053799422415392963,0.52739060140754856
-0.71430437195938223,0.0053846421372980534,0.42771475018885086
-0.7096897073388404,0.056088990851047842,0.44319287017484371
-0.69410433060153898,0.043134338676658668,0.35097244847819498
-0.71003798391397566,0.1127530080942194,0.40948136277079639
-0.7036384018458659,0.035546934007577774,0.45688817005773796
-0.70997268205613784,0.053365058383878929,0.47463533381131096
-0.70333365984262253,0.006522652484014113,0.55445705206368268
-0.7131071712323549,0.10397474015814584,0.41004862371269141
-0.69290712987451164,0.069211400870492296,0.43978930452347359
-0.67958555087558903,0.10512462568631643,0.51580227073740725
-0.71746062842154523,0.062837606294852258,0.4209076188861105
-0.70733884045667761,0.13753433746089114,0.47325770009528018
-0.71909317486749169,0.031286085450465656,0.49027552835213101
-0.67780063342802099,0.051364675705054132,0.46482982324426836
-0.70457439514154174,0.043230176408679287,0.47025932083097788
-0.69778300192640486,0.11665810297592513,0.44059967729760929
-0.69210174029451133,0.064639790522639629,0.44165316190398579
-0.71040802777505685,0.048385844976804204,0.45891410199307736
-0.71780890499668049,0.0009381393349103713,0.50380875368019806
-0.69680347405883702,0.089130930596020383,0.45291734346447277
-0.69345131202316035,0.090606296449692078,0.45226904524516415
-0.70435672228208224,0.053896932708181813,0.43889789447192423
-0.71898433843776188,0.012536344726250306,0.36012966082592895
-0.66963790119828914,0.050902714420864012,0.48452188165576715
-0.70052567995559478,0.053152141398080922,0.50356564184795738
-0.70629401073127196,0.038344626404626471,0.38905996886257538
-0.70165757882478419,0.016822783463116647,0.48695299997817443
-0.70531448286370413,0.015997876492216661,0.43200972589177034
-0.71175759950370587,0.067150806004010591,0.50575364833812397
-0.69096984142532192,0.034914538781103163,0.55397082839920131
-0.68639871137667197,-0.0274376903788035,0.4690437616697743
-0.69447437446262017,0.055238995468624118,0.36677471757384217
-0.70790478989127237,0.057029973539264249,0.45170178430326913
-0.70289831412370352,0.0075840595475443924,0.40842787816441989
-0.70324659069883877,0.10212773130176941,0.38598055232085954
-0.71032095863127309,0.064462331825128533,0.42025932066680188
-0.71804834514208593,0.062175606742779652,0.39918962853927231
-0.70923259433397545,0.028693281747527367,0.43824959625261561
-0.69689054320262078,0.038853084878173891,0.425769855530925
-0.7196373570161404,0.046677825920269179,0.37431118437330468
-0.72729944166911553,0.091813718068290431,0.47447325925648381
-0.71800481057019405,0.063166264485813028,0.39116693807532832
-0.69756532906694524,0.10200429631707271,0.5365478137552826
-0.69924141008478358,0.029685612051329,0.42544570642127072
-0.72854017696803475,0.036383214391701869,0.5011345235255501
-0.72838780596641306,-0.03622766624025478,0.37836304824398342
-0.69046919384856498,-0.0031942565552003049,0.41717990412508604
-0.70368193641775778,-0.017324049925360633,0.56085899697935515
-0.7100597511999216,0.084246384128428511,0.32544570609291873
-0.71887550200803207,0.029622556510366046,0.40867098999666063
-0.69800067478586436,0.06947917784948883,0.42698541469212864
-0.71119165006911111,0.0094026348708605781,0.31183144348743802
-0.70960263819505665,0.047867016626493605,0.43047001762091242
-0.71432613924532817,0.065422214450026106,0.45307941801929991
-0.70487913714478512,0.049873253268007262,0.38752026059171746
-0.6968470086307289,0.054320425094702245,0.42244732715696842
-0.69456144360640393,0.044352464684173788,0.36312804009023125
-0.70518387914802838,0.0024006264706665586,0.38954619252705686
-0.69271122430099807,0.012998306010440441,0.5401944912388934
-0.69068686670802448,0.10284760145642341,0.32139384222223993
-0.71312893851830084,-0.0085292236376814361,0.50615883472519174
-0.68955496783883496,0.054387829293662655,0.47706645213371823
-0.68219762518910332,0.066112647535158969,0.48452188165576715
-0.70853604118370506,0.06260010266576102,0.35372771591025653
-0.69266768972910608,0.069593246493883335,0.44894651687120757
-0.68953320055288903,0.07480109895797761,0.416045382241296
-0.71082160620802992,0.030689817536585187,0.4649918977990955
-0.72255417333289795,0.050024452761456881,0.3876823351465446
-0.71645933326803146,-0.0018465070881459583,0.38703403692723598
-0.70834013561019149,0.026390332825726517,0.3504051875362999
-0.70668582187829909,0.063098693030775796,0.52520259491738197
-0.67851895386423744,0.12541696920708703,0.42941653301453592
-0.70202762268586538,0.023812916681856117,0.52325770025945617
-0.70629401073127196,0.094641683815244362,0.50769854299604977
-0.70357309998802797,0.019749764807550894,0.4346839560464183
-0.71759123213722098,0.0512094620657607,0.5051863873962289
-0.69125281614261924,0.093722778929168846,0.49465154133246408
-0.6941696324593768,0.023336236862905393,0.49886547975797002
-0.70992914748424596,0.14415968517607572,0.44505672755535597
-0.70934143076370526,0.028577373286287778,0.39837925576513655
-0.68848837082748338,0.10192685675350281,0.38606158959827308
-0.71029919134532715,0.079618910250916386,0.53565640370373324
-0.72483973835722293,0.059140577972716581,0.4267423028598879
-0.69453967632045799,-0.033770674471698278,0.4149918976349195
-0.69086100499559211,0.010272700982503274,0.48257698699784135
-0.71291126565884133,0.05114122158641618,0.45729335644480584
-0.70178818254045994,0.061509593044863232,0.43095624128539384
-0.71491385596586887,0.0051429571062862221,0.42714748924695578
-0.70557569029505551,0.045167001778310636,0.44505672755535597
-0.66454435628693631,0.01205949765122276,0.51612641984706153
-0.72357723577235777,0.012834896823382607,0.46094003392841676
-0.70851427389775901,0.046791894564663698,0.37641815358605762
-0.68428728463991462,0.063406611468210292,0.47811993674009473
-0.70013386880856765,-0.0080087227266025796,0.59578606354460617
-0.71865782914857257,0.043716222567932193,0.47252836459855801
-0.70106986210424349,0.019035748615585768,0.44197731101364007
-0.71617635855073414,0.010241591352213855,0.40056726225530309
-0.7162634276945179,-0.025049106345668308,0.44392220567156593
-0.7019840881139735,0.07168679080749954,0.37179902877348381
-0.70866664489938069,0.035776409344981448,0.37893030918587844
-0.69090453956748399,0.048715172192072248,0.37860616007622416
-0.71532743439884194,0.039801426833770588,0.3602917353807561
-0.72638521565938552,0.045529111184636359,0.44643436127138675
-0.69911080636910783,0.072546319786302271,0.46077795937358956
-0.7133248440918144,-0.0188107891922564,0.40858995271924703
-0.70779595346154267,0.058747860704331911,0.43752026075589345
-0.69787007107018861,0.038419891639197623,0.46750405339891632
-0.69858839150640506,-0.006783571963860844,0.4218800662150734
-0.71473971767830125,0.025737532357879258,0.49376013128091478
-0.70220176097343301,0.0074258352988680887,0.48500810532024863
-0.70768711703181286,0.096030578277197617,0.50032415075141434
-0.71019035491559734,-0.026614790480825413,0.49400324311315547
-0.72477443649938511,0.029712205767544145,0.46944894805684217
-0.71275889465721964,0.095801939220178114,0.46256077947668822
-0.70407374756478491,0.10343567382253945,0.38192868845018074
-0.69227587858207895,-0.0033631851927933727,0.49764992059676638
-0.69865369336424288,0.092423533724393686,0.51191248142155565
-0.69821834764532387,0.061016020362153214,0.54076175218078848
-0.70975500919667833,0.016849544435408613,0.47423014742424308
-0.71093044263775973,0.027270936070209154,0.45875202743825022
-0.68683405709559109,0.077337871875179542,0.4943273922228098
-0.70744767688640742,0.053675318406388964,0.48298217338490923
-0.72046451388208665,0.11796872159392441,0.47682334030147749
-0.71541450354262581,0.051129680917115283,0.38103727839863144
-0.71103927906748943,-0.017259656335783073,0.46539708418616338
-0.71408669909992273,0.001896516655116576,0.48970826741023599
-0.68857543997126713,0.064935499266465913,0.46588330785064486
-0.71184466864748974,0.0068799114641118989,0.39586710016531573
-0.71502269239559868,0.069725211538498102,0.44262560923294869
-0.72679879409235859,0.063080462118401903,0.45251215707740489
-0.72684232866425047,0.065211973561457318,0.53217180077494952
-0.69105691056910568,0.033423785368363573,0.37479740803778611
-0.71741709384965335,0.11614462682007297,0.48792544730713733
-0.73082574199235972,0.029318317706621706,0.31952998484172773
-0.71632872955235571,0.045609059589358618,0.35948136260662039
-0.72581926622479076,0.061807977885918734,0.43938411813640571
-0.68004266388045409,0.054837748140321399,0.43525121698831332
-0.69634636105397196,0.043840159320859363,0.42406807270523994
-0.66345599198963878,0.080103283849401033,0.43103727856280744
-0.68626810766099633,0.033179089727968868,0.42512155731161644
-0.70106986210424349,-0.003373889581710162,0.44246353467812155
-0.69828364950316169,0.068187459168170775,0.5012965980803773
-0.70945026719343496,0.094561902666598904,0.48282009883008209
-0.71639403141019364,0.033755621424784034,0.42828201113074588
-0.71325954223397658,0.059371725870888466,0.42050243249904262
-0.69819658035937793,0.090372806966444633,0.44132901279433151
-0.69271122430099807,0.057865250386927372,0.45364667896119493
-0.72259770790478994,0.032811795383261608,0.5069692074993275
-0.72211882761397894,0.053930049411393115,0.54157212495492424
-0.70217999368748707,0.070849506886914534,0.44862236776155329
-0.71889726929397813,0.073008281070492398,0.46264181675410182
-0.71770006856695068,0.1209565841503229,0.44708265949069537
-0.72483973835722293,0.04687819870030531,0.47609400480475533
-0.70096102567451379,0.019289476084129002,0.4189627242281847
-0.67447023867829037,0.037100073936973038,0.49797406970642066
-0.71208410879289519,0.057051215061020982,0.46134522031548464
-0.71722118827613979,0.068599243629313481,0.39432739189445776
-0.70209292454370331,0.098986996691153031,0.48581847809438439
-0.71663347155559909,0.090448741225323093,0.49303079578419257
-0.68191465047180588,0.062997837616450447,0.47641815391440961
-0.7238602104896551,0.023118302194802647,0.47795786218526759
-0.70903668876046189,0.041610301304630955,0.50810372938311765
-0.71138755564262468,0.099362319327547924,0.41458671124785162
-0.68966380426856477,0.083336678326578331,0.46709886701184844
-0.69954615208802695,0.053864652285354628,0.39384116822997634
-0.70629401073127196,0.08267417700627526,0.47625607935958247
-0.69858839150640506,0.06215403070886924,0.57698541518465662
-0.69316833730586302,-0.014498425763482183,0.3955429510556614
-0.6943873053188363,0.07142168992573221,0.43508914243348618
-0.71047332963289467,-0.048593744280297453,0.37860616007622416
-0.70311598698316302,0.10203155905759513,0.48800648458455093
-0.67492735168315543,0.086432086540375194,0.39213938540429122
-0.71069100249235428,0.10282686170289712,0.41458671124785162
-0.71410846638586867,0.032049609441170926,0.47820097401750827
-0.70908022333235377,-0.01294863095562347,0.45405186534826281
-0.71558864183019344,0.11014615488082784,0.5070502447767411
-0.72668995766262878,0.010139899657504363,0.39716369660393291
-0.71430437195938223,0.11022811035847199,0.45162074702585558
-0.69462674546424175,0.058486606712331538,0.42811993657591874
-0.67551506840369613,0.011388968039232096,0.4267423028598879
-0.70644638173289365,0.033115699674852284,0.5089951394346669
-0.72111753246046517,0.074219047810627228,0.48063209233991555
-0.69009914998748378,0.047654601408926092,0.3044570512428027
-0.70122223310586518,0.10858314684289995,0.50867099032501262
-0.68354719691775234,0.092951226646775964,0.44894651687120757
-0.70487913714478512,0.099002551506297748,0.5325769871620174
-0.72340309748479015,0.098674729595721114,0.46191248125737966
-0.68811832696640218,0.042505455827797377,0.49870340520314288
-0.691818765577214,0.047921374851461682,0.46580227057323126
-0.70337719441451441,0.045187239763606418,0.54764992076094243
-0.7170688172745181,0.021959050326329867,0.3534035668006022
-0.71173583221775993,-0.0049758682855382316,0.56158833247607731
-0.70607633787181245,0.049269626086746503,0.47155591726959512
-0.70220176097343301,0.11320443224556954,0.48427876982352647
-0.71504445968154462,0.087588495055541976,0.47196110365666299
-0.70461792971343373,0.032396833056659247,0.34692058460751618
-0.67612455241018277,0.06921206989479961,0.52455429669807341
-0.67000794505937022,0.082009668613050285,0.36677471757384217
-0.7131071712323549,0.027181454069107876,0.43055105489832596
-0.7274953472426291,0.063806688003975251,0.43752026075589345
-0.70209292454370331,0.10729527505134887,0.42252836443438202
-0.70881901590100238,-0.025279083451302434,0.4298217194016038
-0.70339896170046035,0.04061813825690614,0.47949757045612551
-0.69495325475343106,0.011267372871380434,0.47722852668854537
-0.70448732599775798,0.093806741479734904,0.42860616024040016
-0.71121341735505705,0.069017049309221867,0.51061588498293842
-0.70908022333235377,-0.016337239072094219,0.45956240021238598
-0.72181408561073568,0.070712858672148673,0.49035656562954461
-0.71175759950370587,0.066507371876465535,0.42747163835661012
-0.71630696226640977,0.062883267203825449,0.43873581991709709
-0.69584571347721513,0.052720620719872886,0.52025932099515393
-0.69525799675667443,0.066884367073628673,0.40429497701632755
-0.69038212470478122,0.017270193468623022,0.48346839704939071
-0.68800949053667249,0.0041267091834986461,0.52317666298204257
-0.71841838900316712,0.056320807773527035,0.51596434529223445
-0.69732588892153979,0.010249619643901444,0.3876823351465446
-0.70823129918046168,-0.002985019203092461,0.47722852668854537
-0.69353838116694422,0.0074271733474827045,0.51555915890516657
-0.73178350257398161,0.065469046151537064,0.49294975850677902
-0.69821834764532387,-0.023034339644236599,0.53047001794926441
-0.70659875273451533,0.074983909849947114,0.47568881841768745
-0.71025565677343516,0.016536106547438922,0.52171799198859825
-0.67941141258802151,0.078207101706438104,0.4962722868807356
-0.7226847770485737,0.024439457945641865,0.4620745558122068
-0.70087395653072992,0.068852636585703078,0.40680713261614837
-0.69787007107018861,0.071950219128498638,0.42641815375023362
-0.67579804312099345,0.042192686964134953,0.49505672771953196
-0.69606338633667464,0.071885825538921061,0.45032415058723835
-0.71656816969776127,0.052138736828599347,0.56515397268227463
-0.70707763302532622,0.067064836380522616,0.47803889946268113
-0.69340777745126847,0.025324911616352436,0.42528363186644358
-0.69763063092478317,0.069961042606821081,0.40267423146805603
-0.69784830378424267,0.0091014066764991061,0.50640194655743254
-0.71430437195938223,0.0018525283069116385,0.42755267563402366
-0.69867546065018882,0.070170781727159431,0.40405186518408681
-0.7013963713934328,0.015134667879723796,0.427876824743678
-0.71789597414046424,0.036914419691697481,0.40218800780357461
-0.70170111339667618,0.13024983354694003,0.46612641968288554
-0.70916729247613763,0.11168390725115517,0.43152350222728886
-0.71482678682208511,0.063202391798407198,0.40510534979046331
-0.69647696476964771,0.0038263172695212791,0.30753646778451854
-0.69817481307343199,0.066661247467144372,0.45129659791620125
-0.71534920168478788,0.05922504229151309,0.37017828322521229
-0.71798304328424811,0.0090575855843709804,0.33200972556341829
-0.71267182551343589,0.044228862443400248,0.49376013128091478
-0.70692526202370454,0.052706069441189142,0.51839546361464173
-0.71922377858316733,0.032818820138488247,0.34481361539476324
-0.69747825992316148,0.067634176066034279,0.46272285403151542
-0.71487032139397699,0.059757251127969667,0.43055105489832596
-0.71955028787235664,0.027605615479935605,0.44546191394242385
-0.71188820321938162,0.068259546537282278,0.56166936975349091
-0.71682937712911265,0.015560836363473411,0.44359805656191159
-0.7048138352869473,0.057052553109635598,0.50024311347400074
-0.73045569813127853,0.032162172780874021,0.41434359941561089
-0.70437848956802818,0.071916935169210494,0.48354943432680425
-0.73123932042533279,0.076177114702015339,0.42893030935005444
-0.70579336315451513,0.062559459439092607,0.39716369660393291
-0.70357309998802797,0.064014085539238014,0.52414911031100553
-0.69863192607829694,0.026934249587560799,0.48006483139802053
-0.73056453456100823,0.042664014588627293,0.4521880079677506
-0.71221471250857082,0.0038888710422537616,0.35980551171627467
-0.71175759950370587,0.083924750692694394,0.37309562521210105
-0.72172701646695181,0.023334062533906675,0.46961102261166932
-0.70202762268586538,0.060962665673646096,0.48922204374575456
-0.70516211186208244,0.084123450911962258,0.51004862404104345
-0.70903668876046189,0.040008489856879728,0.41839546328628968
-0.6671564306004506,0.041302550123273309,0.4581847664963552
-0.7088843177588402,0.0072256297749087959,0.4287682347952273
-0.71500092510965274,0.045447490219145847,0.3856564032112052
-0.69070863399397042,0.024520075374671432,0.5149108606858579
-0.71228001436640875,0.011151798922294469,0.50607779744777825
-0.70252827026262232,0.030436257324118771,0.43792544714296133
-0.70352956541613609,0.074047777587958621,0.40956240004820993
-0.67767002971234536,0.026706781323079055,0.4728525137082123
-0.68306831662694134,0.036038332361289102,0.48800648458455093
-0.70840543746802931,0.081263371998257949,0.4679902770633978
-0.68339482591613065,0.086428072394531402,0.4611021084832439
-0.67882369586748081,0.017065137518435792,0.35478120051663298
-0.72177055103884369,0.030330551483565484,0.40461912612598183
-0.71763476670911286,0.062320952273540405,0.44611021216173247
-0.70211469182964925,0.069172430204592114,0.4600486238768674
-0.7030506851253252,0.042079789112278214,0.50826580393794474
-0.70755651331613723,0.083516813121318645,0.51401945063430865
-0.71537096897073393,0.026894777153430142,0.41871961239594396
-0.70740414231451554,0.056192522362602394,0.46645056879253988
-0.7119317377912735,0.043043016858712327,0.36288492825799051
-0.71844015628911306,0.081065340803297359,0.4208265816086969
-0.7127371273712737,0.076994327893381398,0.44019449091054141
-0.69081747042370023,0.019055317576574256,0.43727714892365271
-0.70779595346154267,0.047082752882262054,0.5051863873962289
-0.70089572381667586,0.10890026436455978,0.38589951504344594
-0.71870136372046456,0.069771875983932252,0.55899513959884295
-0.67468791153774987,0.12151572121514823,0.47520259475320598
-0.70640284716100177,0.037330051042607136,0.36977309683814447
-0.71724295556208573,0.041442208947422017,0.46021069843169454
-0.70918905976208357,0.0032952792256024967,0.36912479861883585
-0.70409551485073085,0.046754429203454934,0.30615883406848776
-0.6937995885982956,0.043356120234528367,0.50729335660898189
-0.71513152882532838,0.027576680178644924,0.47690437757889109
-0.67943317987396745,0.097719028372744141,0.56247974252762667
-0.70113516396208142,0.083331326132119937,0.54886547992214607
-0.68319892034261709,0.099216472028556685,0.43630470159468981
-0.72616754279992601,0.073387450596654275,0.43290113594331964
-0.70975500919667833,0.073001590827419416,0.34481361539476324
-0.71630696226640977,0.090349892883919647,0.40170178413909313
-0.71487032139397699,-0.0060312541303028074,0.44416531750380661
-0.70366016913181184,0.0307513677728567,0.52601296769151773
-0.71058216606262448,0.0941288766836995,0.49692058510004422
-0.70973324191073239,0.090306406303945194,0.35153970942009
-0.7006998182431623,0.10642637973224395,0.45162074702585558
-0.69854485693451307,0.065280046784725015,0.4327390613884925
-0.7133248440918144,0.043606502581535124,0.39959481492634019
-0.72941086840587277,0.06256581517001196,0.44894651687120757
-0.69504032389721493,0.052710418099186584,0.37034035778003949
-0.71315070580424678,0.10757392367533902,0.45729335644480584
-0.71510976153938244,0.11585761539224158,0.43322528505297397
-0.71219294522262488,0.075529164660396012,0.43241491227883821
-0.71719942099019385,0.038133716491750375,0.33727714859530072
-0.71915847672532951,0.060045433348338811,0.50478120100916102
-0.71778713771073455,0.099928982915830383,0.44991896420017047
-0.71937614958478902,0.0057511002016212322,0.4670178297344349
-0.7201162373069514,0.024969994221330189,0.35858995255507103
-0.68311185119883322,-0.046823171451029925,0.41353322664147513
-0.70524918100586631,0.052045073425577466,0.44027552818795501
-0.69031682284694329,0.0057417338613190531,0.46029173570910814
-0.71894080386587,0.028530708840853659,0.42074554433128336
-0.69699937963235059,-0.0160351745973486,0.41871961239594396
-0.70463969699937967,0.094139079304385795,0.38833063336585322
-0.68957673512478102,0.058493464211481376,0.43873581991709709
-0.72884491897127801,0.029564184139554188,0.46572123329581766
-0.71898433843776188,0.045171517692384901,0.42204214076990054
-0.70635931258910978,0.037654695087724087,0.44894651687120757
-0.68861897454315912,0.053766472968258462,0.34019449058218942
-0.71584984926154482,0.022579068603119461,0.4589951392704909
-0.68655108237829365,-0.0018510230022202373,0.5011345235255501
-0.701766415254514,0.025050611650359732,0.55761750588281211
-0.71489208867992293,0.060116517180989343,0.40737439355804339
-0.69107867785505162,0.096538869494668236,0.51175040686672846
-0.70089572381667586,0.063925439818520863,0.39489465283635283
-0.70973324191073239,0.092948383293469952,0.49854133064831568
-0.69819658035937793,0.00013062699600016419,0.52747163868496216
-0.70977677648262427,0.030132520288604903,0.44983792692275693
-0.68585452922802326,0.07482116968719657,0.54059967762596128
-0.7161545912647882,0.054896956791517383,0.43346839688521466
-0.69096984142532192,0.066811276168056197,0.48743922364265591
-0.70265887397829807,0.061775864719168343,0.43038898034349882
-0.71547980540046363,-0.06287189379060136,0.38816855881102608
-0.69205820572261945,0.071550978873117788,0.50056726258365514
-0.72368607220208747,0.11324992589846591,0.33128039006669613
-0.71811364699992386,0.038270531962593085,0.45980551204462666
-0.71062570063451636,0.04807625397860147,0.30607779679107422
-0.70921082704802951,0.0002033833894189563,0.46523500963133624
-0.72218412947181676,0.050867423388653979,0.5032414927383031
-0.71160522850208419,0.12912587271067727,0.41839546328628968
-0.69924141008478358,0.034520148951950241,0.355348461458528
-0.70437848956802818,0.069240001659629347,0.50364667912537098
-0.7001121015226216,0.057389239592283953,0.46166936942513892
-0.698610158792351,0.028304913137140168,0.44643436127138675
-0.71582808197559888,0.11423339163019584,0.38630470143051382
-0.71804834514208593,0.094228895817640726,0.49489465316470482
-0.73356842002154965,0.049552121600503617,0.44457050389087449
-0.70627224344532602,0.063763034167923976,0.46150729487031178
-0.70352956541613609,0.06731906561729635,0.39197731084946408
-0.69667287034316128,0.055022733361289614,0.44773095771000393
-0.68073921703072449,0.049786949132365657,0.47601296752734173
-0.70816599732262386,0.044070303682570325,0.48411669526869927
-0.69016445184532171,0.052749388765086766,0.50729335660898189
-0.69434377074694442,0.082345853327468146,0.43784440986554773
-0.7136948879528956,0.059092742734744692,0.36823338856728649
-0.69262415515721421,0.032928372868808495,0.46880064983753356
-0.7111263482112733,0.12175907880692836,0.4630470031411697
-0.72425202163668223,0.030574578099652888,0.48192868877853273
-0.70557569029505551,0.052534799218520542,0.49149108751333465
-0.72668995766262878,0.062602946019067046,0.5090761767120805
-0.7161545912647882,0.10870039335275414,0.47204214093407654
-0.71445674296100392,0.035581890527634177,0.47293355098562589
-0.69029505556099735,0.004877856224518879,0.41831442600887608
-0.7037472382755956,0.065022472426414818,0.4600486238768674
-0.70579336315451513,0.028572355603983038,0.50769854299604977
-0.71839662171722118,0.088866665994637176,0.38800648425619888
-0.70897138690262407,0.051817437905018901,0.43946515541381925
-0.69282006073072777,0.030265154357526972,0.4258508928083386
-0.70577159586856908,0.014377834132091512,0.41491086035750591
-0.70366016913181184,-0.018724986824845267,0.43881685719451063
-0.70154874239505449,0.00063423504331971449,0.41053484737717283
-0.70076512010100023,0.1035599450876203,0.51158833231190137
-0.70418258399451461,0.012404379681635526,0.4690437616697743
-0.70126576767775706,0.043197895985852115,0.48452188165576715
-0.71817894885776168,0.049424505213886277,0.38047001745673636
-0.69763063092478317,0.052687504016661599,0.52131280560153037
-0.70429142042424442,0.01003954601140947,0.48857374552644595
-0.70929789619181327,0.082615470123309734,0.50016207619658726
-0.71937614958478902,0.017048411910753326,0.4679092397859842
-0.71667700612749097,0.023149913593322559,0.42544570642127072
-0.71850545814695099,0.049226975787156166,0.44213938556846727
-0.72501387664479056,0.017941559360997845,0.48444084437835361
-0.7043349549961363,0.058053246217278469,0.38168557661794
-0.70416081670856867,0.070580057347149727,0.45445705173533069
-0.71598045297722057,0.016107763734690576,0.38646677598534096
-0.68805302510856436,0.089652267787483336,0.41612641951870954
-0.69401726145775511,0.081699575846617079,0.31385737542277742
-0.6962592919101882,0.041213068122172028,0.51077795953776561
-0.70642461444694771,0.088892256174391379,0.40867098999666063
-0.69784830378424267,0.038383095302296166,0.5501620763607632
-0.72566689522316907,0.041300543050351406,0.44157212462657225
-0.69991619594910803,0.048254883468650367,0.40802269177735201
-0.71217117793667895,0.013032593506189521,0.47666126574665035
-0.6828288764815359,0.051177348899010357,0.45210697069033701
-0.72148757632154636,0.11664539151408647,0.40267423146805603
-0.71939791687073495,-0.0020826726686225799,0.47998379412060693
-0.70609810515775839,0.044321187797807575,0.4259319300857522
-0.71922377858316733,0.040056157838774795,0.47852512312716261
-0.6905344957064028,0.013565973135183859,0.37917342101811918
-0.72571042979506095,0.046116849038598764,0.35388979046508368
-0.72862724611181851,0.011632660143165826,0.56369530168883031
-0.72612400822803413,0.066816461106437797,0.51150729503448777
-0.68522327793559057,0.030977163476570219,0.46823338889563854
-0.70655521816262334,0.099755705620239901,0.5032414927383031
-0.69218880943829519,0.061288313255224006,0.492382497564884
-0.68548448536694206,0.055019722751906787,0.4531604552967135
-0.69521446218478244,0.025667953829920133,0.38792544697878534
-0.72594986994046651,0.12347847127668742,0.41158833198354933
-0.68981617527018646,0.090618338887223468,0.38006483106966849
-0.69773946735451287,0.0038619428138849683,0.53176661438788164
-0.72148757632154636,0.014831265356363579,0.49902755431279716
-0.70496620628856888,0.032875854460685507,0.463938413192719
-0.70185348439829776,0.068482331631612922,0.4532414925741271
-0.72257594061884389,0.032335617332541353,0.44724473404552251
-0.71584984926154482,0.099369176826697742,0.48662885086852015
-0.73896670693614563,0.02233504198703205,0.47495948292096529
-0.69765239821072911,-0.01039044926058794,0.50964343765397557
-0.71513152882532838,0.059066818042836838,0.39424635461704421
-0.70522741371992037,0.015887654737589109,0.41345218936406158
-0.71724295556208573,0.052890552893926926,0.4590761765479045
-0.69564980790370157,0.0767215332320801,0.43508914243348618
-0.70333365984262253,0.1119759363612913,0.24967585171122572
-0.70202762268586538,0.014449085220818874,0.56401945079848459
-0.69734765620748573,0.0065487444319987861,0.49886547975797002
-0.72072572131343804,0.052776316993455571,0.43233387500142462
-0.68824893068207793,0.051011263614723308,0.42722852652436938
-0.69921964279883764,-0.0095663785700720941,0.36774716490280507
-0.71175759950370587,0.087915146173580816,0.4581847664963552
-0.72039921202424873,-0.024047744213718154,0.29473257795317365
-0.7065334508766774,-0.01678247474860187,0.48468395621059435
-0.71023388948748922,0.018055795261469176,0.38938411797222966
-0.72912789368857545,0.067717302336216229,0.34027552785960302
-0.72089985960100567,0.03816398984165565,0.40534846162270405
-0.69057803027829479,0.045878007360892918,0.45494327539981216
-0.69595454990694483,0.086038532991606395,0.51158833231190137
-0.72836603868046712,0.10821367816919392,0.54724473437387455
-0.71924554586911327,0.12662071119199519,0.46880064983753356
-0.70302891783937915,0.039568271862676828,0.50267423179640802
-0.68681228980964504,0.037932005663099622,0.49781199515159352
-0.70871017947127257,0.046849932423321923,0.44124797551691791
-0.71865782914857257,0.088364061483778594,0.40291734330029677
-0.70940673262154308,0.010106782954293039,0.44611021216173247
-0.70339896170046035,0.0080343129063567831,0.43938411813640571
-0.68596336565775295,0.079396961436969837,0.39918962853927231
-0.70746944417235336,0.061760644416177284,0.48905996919092737
-0.70496620628856888,0.056829098990997633,0.41572123313164167
-0.72362077034424965,0.081313883333459028,0.42828201113074588
-0.70424788585235254,0.032252491062359417,0.40623987167425335
-0.7087754813291105,0.018867321746223194,0.44764992043259039
-0.71173583221775993,-0.038069322902172818,0.41239870475768509
-0.7111263482112733,0.012824192434465817,0.34424635445286822
-0.72581926622479076,0.086251784489558003,0.40494327523563617
-0.70720823674100197,0.040811486281715652,0.54181523678716492
-0.71230178165235469,0.013325124384556136,0.35097244847819498
-0.69534506590045819,0.083140654204539657,0.39773095754582793
-0.71965912430208634,0.068116709847673887,0.46912479894718784
-0.71478325225019324,0.065896552683901294,0.47771475035302685
-0.71347721509343609,0.033871362629946791,0.42552674369868432
-0.70289831412370352,0.059489641405049955,0.51977309733067245
-0.73241475386641419,0.1234107325655734,0.4641004877475462
-0.69867546065018882,0.11806522835025229,0.53217180077494952
-0.71600222026316651,0.08072464017480524,0.33517017938254773
-0.71164876307397618,0.059271706736947233,0.4932739076164333
-0.70252827026262232,0.062544740904332013,0.39448946644928495
-0.73193587357560319,0.080871992778487889,0.48598055264921153
-0.69815304578748594,0.085737472053321731,0.50810372938311765
-0.72636344837343958,0.021808352601110727,0.45243111979999134
-0.71219294522262488,0.078498294536190102,0.47536466930803317
-0.70302891783937915,0.069378322435163467,0.48468395621059435
-0.71079983892208398,0.025956136050289295,0.51588330801482085
-0.71619812583668008,0.10325420097918454,0.51920583638877749
-0.68687759166748297,0.039574962105749803,0.53987034212923912
-0.7096897073388404,0.044085523985561384,0.45137763519361485
-0.69157932543180856,0.060695390462880042,0.54165316223233784
-0.71362958609505778,0.04314888995534244,0.39424635461704421
-0.69645519748370177,0.10033173554882456,0.49854133064831568
-0.67092217106910024,0.044074485084490959,0.49359805672608759
-0.70746944417235336,0.094323562757123572,0.51142625775707418
-0.67325127066531709,0.059745375946515092,0.55591572305712711
-0.69597631719289077,-0.0044843026757501042,0.32909238357652959
-0.70860134304154287,0.072338253226732208,0.4307131294531531
-0.72277184619235746,0.05827034460499704,0.41085899648682717
-0.69366898488261997,0.013343689809083696,0.47860616040457615
-0.70157050968100043,0.028888636845258747,0.41215559292544435
-0.72085632502911379,0.073851753465919934,0.36653160574160143
-0.71465264853451749,0.079116974764365092,0.54100486401302916
-0.69377782131234966,0.033871697142100449,0.51790923995016025
-0.70918905976208357,0.056540916770628481,0.40786061722252487
-0.69950261751613496,0.086339761185967881,0.45948136293497238
-0.67706054570585872,0.071787144453594437,0.49100486384885322
-0.70683819287992078,0.10510940538332537,0.43549432882055406
-0.70642461444694771,0.11402465604631845,0.43987034180088713
-0.71848369086100494,0.0079550335259418077,0.34019449058218942
-0.71515329611127432,0.047420610157448174,0.3925445717913591
-0.68457025935721205,0.05083547747798043,0.41491086035750591
-0.68633340951883415,-0.00077857703761952763,0.50283630635123522
-0.70078688738694617,-0.03207620315738606,0.4709076190502865
-0.72784362381776424,0.051355309364751953,0.42552674369868432
-0.67272885580261421,0.10206818813841978,0.46175040670255252
-0.69665110305721534,0.1093491796747576,0.46717990428926204
-0.70104809481829755,0.012985260036448114,0.41653160590577742
-0.7105386314907326,0.13135405816613746,0.38152350206311286
-0.70603280329992057,0.087431776111557086,0.33273906106014051
-0.71003798391397566,0.10866677488131235,0.42544570642127072
-0.70009033423667566,0.056030451224159145,0.5012965980803773
-0.69717351791991811,0.01706497026235897,0.46337115225082398
-0.70272417583613589,0.089682708393465455,0.41531604674457379
-0.698610158792351,0.056769221315494361,0.52050243282739461
-0.69669463762910722,0.021462634290313816,0.43136142767246172
-0.68720410095667217,0.042835284811295893,0.4208265816086969
-0.7081877646085698,0.046152307326885626,0.44132901279433151
-0.67695170927612891,0.068672501790962751,0.45275526890964563
-0.70672935645019097,0.045216175064897141,0.47001620899873719
-0.70241943383289251,0.06470284606360259,0.47350081192752091
-0.71060393334857042,0.043607840630149719,0.42512155731161644
-0.70463969699937967,0.065218831060607135,0.50081037441589582
-0.72734297624100741,-0.0062476834937141429,0.5012155608029637
-0.69958968665991883,0.0875060378096673,0.48103727872698343
-0.70705586573938028,0.066467732186258052,0.39659643566203789
-0.72231473318749251,0.066145764238370278,0.45502431267722576
-0.68069568245883261,0.11159459250613073,0.48233387516560061
-0.7050315081464068,0.077107058489161301,0.35858995255507103
-0.72059511759776229,-0.082267075715283675,0.47074554449545936
-0.7076000478880291,0.0096541880104051066,0.4317666140595296
-0.70344249627235234,0.022357788813480228,0.47058346994063222
-0.70942849990748902,0.012242810311422759,0.48354943432680425
-0.72634168108749364,0.044699186531431637,0.49886547975797002
-0.7215093436074923,0.006412263473309727,0.45769854283187372
-0.71423907010154442,0.058511862379932077,0.4669367924570213
-0.69573687704748532,0.12059731809730317,0.39643436110721075
-0.71306363666046302,-0.0071690972209419966,0.3054294985717656
-0.7042261185664066,0.11634617039264687,0.52155591743377117
-0.70052567995559478,0.032166186926717813,0.40024311314564875
-0.70463969699937967,0.078931487775166384,0.35858995255507103
-0.69841425321883743,0.036983496451426137,0.47666126574665035
-0.73049923270317041,0.047228934693406943,0.55332253017989264
-0.70135283682154093,0.087828507525785554,0.52576985585927705
-0.72457853092587154,0.085608183105936139,0.45599676000618866
-0.71297656751667915,0.03774852574682281,0.48306321066232283
-0.7111263482112733,0.092157429306165398,0.42066450705386976
-0.6860939693734287,0.01420171348319498,0.43030794306608522
-0.69059979756424072,0.034867038055284919,0.44432739205863381
-0.69541036775829601,0.0033747258620942808,0.4629659658637561
-0.70339896170046035,0.0090181131502403335,0.41377633847371587
-0.70450909328370392,0.077645121288306737,0.40688816989356197
-0.6904256592766731,0.0011206157147262501,0.48006483139802053
-0.72294598447992509,0.047144303118533598,0.42058346977645622
-0.71130048649884092,-0.0057425701417031794,0.44764992043259039
-0.71593691840532858,0.066354165310093985,0.4570502446125651
-0.71260652365559796,0.11633362618688502,0.5013776353577909
-0.70376900556154154,0.029866583126453444,0.48800648458455093
-0.70061274909937854,0.098317470615623292,0.52576985585927705
-0.71034272591721903,0.1068202677931664,0.48735818636524231
-0.70239766654694658,0.086959110438450185,0.36742301579315073
-0.70500974086046087,0.035512813767905507,0.43452188149159116
-0.69987266137721615,0.054333136556540922,0.44813614409707181
-0.71661170426965315,0.064371679031489451,0.40907617638372851
-0.68898901840424032,0.023304959976539138,0.3748784453151997
-0.70311598698316302,0.067591023998213484,0.43014586851125808
-0.6988278316518105,0.099385400666149731,0.44805510681965827
-0.69210174029451133,0.040561772959016196,0.39084278896567404
-0.7093631980496512,0.0054779710281663251,0.43662885070434415
-0.72066041945560022,0.016513192464913916,0.44497569027794237
-0.69704291420424247,0.065819447632485054,0.50810372938311765
-0.71650286783992334,0.074338301393403333,0.49027552835213101
-0.70553215572316363,0.061525984140392079,0.32147487949965353
-0.6989366680815402,0.11856716383680357,0.47390599831458879
-0.7156757109739772,0.044763747377086008,0.43630470159468981
-0.71593691840532858,0.018144106470032704,0.30210697019780902
-0.72076925588532992,-0.011274230370530243,0.49457050405505054
-0.68652931509234771,0.033607432540717241,0.26094003327171272
-0.7131071712323549,0.06791600255548412,0.45202593341292346
-0.71406493181397679,0.0095145291862563913,0.36855753767694083
-0.69634636105397196,0.051393945518498463,0.39813614393289581
-0.70709940031127216,0.073094585206134016,0.48176661422370559
-0.71012505305775953,0.004935559571023449,0.47479740836613815
-0.71924554586911327,0.037775453975191622,0.46482982324426836
-0.69989442866316209,-0.016688811345579993,0.50688817022191401
-0.7024629684047845,0.03869235178834525,0.50996758676362985
-0.69138341985829499,0.047768168285090146,0.50000000164176006
-0.71685114441505859,0.09921396318740433,0.48841167097161881
-0.72610224094208808,0.073046415456008484,0.49894651703538356
-0.69377782131234966,0.086528760552779929,0.50826580393794474
-0.71458734667667967,0.070803845977941343,0.34116693791115232
-0.69099160871126786,0.039149462646307483,0.44959481509051619
-0.68017326759612973,0.020106187507264572,0.43322528505297397
-0.69460497817829581,0.040483329858985354,0.49303079578419257
-0.69451790903451205,0.042356263407269619,0.34189627340787448
-0.72429555620857411,0.072068803686967428,0.48743922364265591
-0.70146167325127062,0.067762126964805269,0.48995137924247673
-0.72163994732316805,-0.046301332491336528,0.37625607903123048
-0.71208410879289519,0.077308100293504725,0.47025932083097788
-0.71717765370424791,-0.0022062749093961307,0.48354943432680425
-0.71241061808208439,0.12318727844693543,0.46944894805684217
-0.70407374756478491,0.022411143501987352,0.5756077814686259
-0.70083042195883805,0.073321551702385288,0.46871961256011996
-0.70921082704802951,0.013854991635937144,0.49902755431279716
-0.708557808469651,0.059733333508983723,0.41094003376424071
-0.69314657001991709,-0.001263117892180991,0.50810372938311765
-0.71484855410803105,0.077947353019129181,0.39489465283635283
-0.71463088124857155,0.050481061851188634,0.45000000147758407
-0.70685996016586672,0.028775237225171529,0.48014586867543407
-0.72401258149127679,0.019090608608784303,0.4277957874662644
-0.71408669909992273,0.07698512880915602,0.55145867279938043
-0.71282419651505757,-0.035527197790512471,0.45429497718050355
-0.73372079102317123,0.053086744272042428,0.50194489629968586
-0.70603280329992057,0.053691374989764118,0.56790924011433619
-0.72917142826046732,0.081066511595835153,0.52544570674962277
-0.68770474853342911,0.08475233376082357,0.41231766748027149
-0.69538860047235007,0.069993323029648294,0.45842787832859588
-0.72836603868046712,0.048868378758443763,0.4217990289376598
-0.71861429457668069,0.058575921457355989,0.41296596569958011
-0.70087395653072992,0.024454845504709746,0.45089141152913337
-0.70635931258910978,0.12631463257140582,0.48241491244301421
-0.69884959893775644,0.02802358841592081,0.49027552835213101
-0.71275889465721964,0.039973031568592846,0.49983792708693292
-0.73633286533668552,0.070633746547810503,0.44773095771000393
-0.70701233116748841,-0.027683556811735958,0.42471637092454856
-0.70309421969721708,0.096052990591492138,0.44918962870344831
-0.70633754530316384,0.10967315469556727,0.37017828322521229
-0.72098692874478942,-0.025329260274349875,0.47933549590129837
-0.6844396556415363,0.047137947387614246,0.53565640370373324
-0.70148344053721656,0.020245344563182836,0.36045380993558329
-0.71441320838911204,-0.0092209947714288407,0.43630470159468981
-0.71752593027938316,0.037295596290781219,0.40769854266769773
-0.69980735951937834,0.060888403975535875,0.47698541485630463
-0.69865369336424288,0.050152069148074234,0.46750405339891632
-0.72359900305830371,0.0045185901714991841,0.48727714908782871
-0.7001121015226216,0.044912605285460101,0.52528363219479557
-0.71454381210478768,-0.00033350861718868015,0.49854133064831568
-0.71293303294478727,0.05487103209960955,0.42520259458902998
-0.67658166541504772,0.017830668582062992,0.43403565782710973
-0.71397786267019292,0.024125852801595349,0.43233387500142462
-0.69804420935775624,0.019974724230880272,0.43727714892365271
-0.71661170426965315,0.081691380298852645,0.49789303242900712
-0.73047746541722447,0.063131307965756653,0.45996758659945386
-0.71356428423721985,0.040089441798062925,0.46588330785064486
-0.69628105919613414,0.034088293761588583,0.42374392359558566
-0.665175607579369,0.072523071191623628,0.40251215691322889
-0.69194936929288975,0.014474508144496251,0.55170178463162112
-0.70292008140964946,0.018646710980891261,0.43808752169778847
-0.67122691307234361,0.015045185878622526,0.48922204374575456
-0.7071211675972181,0.039018835650307282,0.48500810532024863
-0.6844396556415363,0.048762171149660014,0.43776337258813419
-0.71373842252478747,0.029684943027021713,0.37439222165071823
-0.71382549166857134,0.021018903918497603,0.38646677598534096
-0.69284182801667371,0.079389936681743198,0.46037277298652168
-0.6910133759972138,0.050647648903706141,0.53573744098114684
-0.69218880943829519,0.059830342033542108,0.44529983938759671
-0.71393432809830104,0.049505624411146323,0.43687196253658483
-0.68929376040748358,0.070412968526401776,0.45437601445791714
-0.69342954473721441,0.096582356074642703,0.48922204374575456
-0.70524918100586631,-0.043685781961950089,0.48978930468764958
-0.7150879942534365,0.029060241580080998,0.3856564032112052
-0.70742590960046148,0.0072157616663761394,0.49878444248055642
-0.69928494465667546,0.064057070350981987,0.49100486384885322
-0.7065334508766774,0.070119099599420573,0.44489465300052883
-0.70239766654694658,-0.00119805527829612,0.48209076333335993
-0.69009914998748378,0.085740984430935044,0.4307941667305667
-0.68637694409072603,-0.012528483690639551,0.4728525137082123
-0.7081877646085698,0.01164052117877659,0.46961102261166932
-0.70618517430154226,0.011842064751350514,0.40364667879701893
-0.70083042195883805,0.03115529119838864,0.51207455597638285
-0.70984207834046209,0.05954048725240469,0.48055105506250195
-0.708557808469651,0.061664472172003021,0.42374392359558566
-0.70348603084424421,0.05851821811085145,0.47739060124337251
-0.72368607220208747,0.069627032221401958,0.45113452336137411
-0.70318128884100084,0.081415073259938034,0.38606158959827308
-0.69680347405883702,0.097648111796170403,0.40324149240995105
-0.68803125782261843,0.13073705049873072,0.4589951392704909
-0.69005561541559191,0.026775189058500397,0.43881685719451063
-0.70278947769397371,0.11027209870667695,0.43962722996864639
-0.68226292704694114,-0.030558019748047231,0.41045381009975929
-0.72055158302587041,0.093228202709997862,0.40834684088700629
-0.7050315081464068,0.018919840154346158,0.4229335508214499
-0.70178818254045994,0.060528301642132062,0.43687196253658483
-0.69506209118316087,0.040926725718647944,0.41515397218974665
-0.70522741371992037,0.069445559378047014,0.45048622514206549
-0.69837071864694555,0.043373347610441343,0.31410048725501816
-0.71393432809830104,0.052890051125696454,0.49124797568109391
-0.70444379142586611,0.054496880255752451,0.4179902768992218
-0.70113516396208142,0.10268067989175224,0.41588330768646881
-0.71519683068316631,0.032496183166293185,0.41523500946716024
-0.70714293488316404,0.057044190305794357,0.41847650056370322
-0.71689467898695047,0.032538331697653029,0.32066450672551777
-0.70418258399451461,0.077620534645013492,0.49213938573264326
-0.70324659069883877,0.037853060794838342,0.41952998517007972
-0.70557569029505551,0.010792365613197963,0.40737439355804339
-0.72549275693560145,0.079474066488386078,0.39213938540429122
-0.69005561541559191,0.066851752138647816,0.39773095754582793
-0.70982031105451615,0.056973942753527927,0.45494327539981216
-0.71495739053776075,0.05229545577258423,0.46077795937358956
-0.69723881977775604,0.059018481036634471,0.44311183289743017
-0.70664228730640721,0.099938182000055747,0.45275526890964563
-0.71454381210478768,0.07495447278042594,0.43119935311763458
-0.71654640241181533,0.045445817658377623,0.43403565782710973
-0.69138341985829499,-0.00023466027578521067,0.48241491244301421
-0.6937995885982956,-0.088368577397852893,0.43338735960780111
-0.70862311032748881,0.034300207210925616,0.47585089297251459
-0.71517506339722037,0.06848885461860911,0.47739060124337251
-0.71160522850208419,0.0014139828734769837,0.38460291860482876
-0.70905845604640783,-0.032272729047655234,0.55737439405057143
-0.71746062842154523,0.034204536734981826,0.4610210712058303
-0.69334247559343065,0.022278174920911623,0.56628849456606467
-0.70457439514154174,0.025705920959359342,0.44035656546536861
-0.71228001436640875,0.030351960261399063,0.53776337291648624
-0.71347721509343609,0.10930652937516727,0.45632090911584294
-0.67224997551180332,0.060927709153589714,0.43914100630416497
-0.70640284716100177,0.0081528974648255904,0.31936791028690054
-0.7240778833491146,0.073569090696085998,0.42836304840815942
-0.68842306896964556,0.066866972441638861,0.38792544697878534
-0.71299833480262509,0.072889194743793115,0.46361426408306472
-0.68898901840424032,0.11194850636469203,0.56239870525021307
-0.71130048649884092,-0.034469135848518677,0.48265802427525495
-0.6879659559647805,0.035167095457108631,0.48962723013282244
-0.72357723577235777,0.047061009592274841,0.39019449074636542
-0.70457439514154174,0.071112600695759948,0.52155591743377117
-0.69421316703126867,0.085881646791544697,0.53387358360063453
-0.70838367018208337,0.036276839526841263,0.56961102294002131
-0.70337719441451441,0.015455799547227438,0.45567261089653432
-0.70483560257289324,0.068540871258501626,0.54529983971594875
-0.70834013561019149,0.048096324707820444,0.37350081159916892
-0.698610158792351,0.064751015813728136,0.42957860756936306
-0.71848369086100494,0.073432275225243315,0.45526742450946645
-0.70931966347775932,0.092478393717592242,0.3122366298745059
-0.71138755564262468,0.046366060593067727,0.37674230269571191
-0.69728235434964791,0.010518065647205265,0.58849270857738434
-0.70194055354208162,0.097123262227094109,0.43792544714296133
-0.68720410095667217,0.0034121912233030217,0.46677471790219416
-0.69009914998748378,0.050429546979526618,0.46053484754134888
-0.70180994982640588,0.091608829374180009,0.51677471806637021
-0.70820953189451574,-0.052766448884922913,0.43711507436882557
-0.72997681784046753,0.061221243568417259,0.4247974082019621
-0.70261533940640608,0.055721027482033253,0.47860616040457615
-0.72340309748479015,0.0031629796688340569,0.43006483123384454
-0.69560627333180958,0.031283074841082809,0.38581847776603234
-0.69969852308964853,0.045081868435206812,0.41839546328628968
-0.7077088843177588,0.0067211854472051706,0.49586710049366772
-0.71447851024694986,0.029494271099441419,0.45964343748979952
-0.71473971767830125,0.053190275783596995,0.43030794306608522
-0.67124868035828955,0.035030279986265955,0.43346839688521466
-0.66672108488153159,0.010577441554478071,0.40858995271924703
-0.70194055354208162,0.06544228517924508,0.41418152486078375
-0.70849250661181307,0.015402444858720322,0.5032414927383031
-0.69266768972910608,0.12550762200072607,0.42423014726006708
-0.72901905725884564,0.082132936341670154,0.38030794290190922
-0.7030506851253252,0.078260456394945249,0.50251215724158094
-0.70344249627235234,0.036975133647584875,0.44384116839415233
-0.70072158552910835,0.037174670147236868,0.42414910998265354
-0.70648991630478553,0.059288599600706544,0.48589951537179793
-0.72251063876100607,0.11115337097546686,0.42901134662746804
-0.69295066444640352,0.067904963654413675,0.45470016356757142
-0.72740827809884523,0.032512072493591546,0.41952998517007972
-0.6983489513609995,-0.019505069167156202,0.53330632265873956
-0.68004266388045409,0.0058604856758646554,0.36782820218021861
-0.70089572381667586,0.036717726545351492,0.41645056862836388
-0.69258062058532233,0.013218749519695561,0.40453808884856829
-0.70853604118370506,0.0034956520056386043,0.43743922347847985
-0.69591101533505295,0.064363148971571388,0.47042139538580507
-0.70252827026262232,0.050419344358840282,0.56458671174037967
-0.67305536509180353,0.050901376372249382,0.48282009883008209
-0.70984207834046209,0.1370133347815819,0.47196110365666299
-0.69621575733829633,0.074372923401306065,0.55988654965039231
-0.70553215572316363,0.065011600781421236,0.47058346994063222
-0.70862311032748881,0.082069044520323056,0.51547812162775297
-0.71774360313884267,0.076981950943696337,0.44327390745225731
-0.7102774240593811,0.03635762421194768,0.50405186551243886
-0.71032095863127309,0.071452632299944821,0.39692058477169218
-0.68409137906640105,0.058564882556285544,0.46734197884408918
-0.70579336315451513,0.040733879462068932,0.49975688980951932
-0.71356428423721985,0.094856942386117901,0.4718800663792494
-0.73613695976317195,0.12199022670510024,0.43128039039504817
-0.69332070830748471,0.034302716052077992,0.34027552785960302
-0.7182442507155995,-0.016200089089097879,0.48638573903627941
-0.70294184869559539,0.048024070082632118,0.50753646844122258
-0.71236708351019251,0.12410735412554873,0.44886547959379403
-0.69641166291180989,0.085981331413332293,0.52001620916291313
-0.71500092510965274,0.022481223798176946,0.42917342118229518
-0.68800949053667249,0.045364865717194398,0.45632090911584294
-0.69732588892153979,0.038815786773041969,0.48233387516560061
-0.70986384562640803,0.09622175197300839,0.40178282141650673
-0.67318596880747927,-0.007681569840333238,0.38533225410155092
-0.73021625798587309,0.074945106440123768,0.44311183289743017
-0.705401552007488,0.13273024116625204,0.26977309650979242
-0.6836342660615361,0.064056066814521057,0.47236629004373087
-0.69773946735451287,0.022420509842289538,0.51191248142155565
-0.7149791578237068,0.054676680538339108,0.36669368029642857
-0.70862311032748881,0.087564242924402347,0.35299838041353432
-0.70172288068262212,0.036656845333387242,0.49959481525469218
-0.71308540394640896,-0.0044888185898243798,0.46742301612150278
-0.70744767688640742,0.035919246034589833,0.46158833214772532
-0.6892502258355917,0.03249250353260303,0.387601297869131
-0.70746944417235336,-0.0023506169036959373,0.51199351869896925
-0.71173583221775993,0.0054513773119511883,0.44635332399397315
-0.70302891783937915,0.10322727275081572,0.47358184920493451
-0.69510562575505275,0.14022247712761959,0.49675851054521708
-0.70490090443073106,0.082871706433005371,0.53014586883961012
-0.71772183585289673,0.072875312489416685,0.51523500979551229
-0.70999444934208378,0.06999834071195303,0.51345218969241357
-0.71502269239559868,0.083688752368294539,0.49497569044211842
-0.72529685136208788,0.015872936202828525,0.33314424744720839
-0.718461923575059,0.061133935896314717,0.50008103891917366
-0.71269359279938183,0.028281664542461497,0.42147487982800552
-0.72581926622479076,0.030814925082050137,0.47739060124337251
-0.71108281363938142,0.061484671889416351,0.48517017987507577
-0.69843602050478337,0.057407972272888318,0.45137763519361485
-0.7094720344793809,0.016551159594353156,0.51604538256964794
-0.70046037809775685,0.064725927402204425,0.36507293474815705
-0.70836190289613743,0.017152110678384708,0.48711507453300157
-0.70383430741937947,0.016850882484023205,0.48897893191351383
-0.70409551485073085,-0.023330048388062876,0.46231766764444754
-0.69114397971288954,0.0075042783988989543,0.47414911014682953
-0.71288949837289539,0.10253349454414641,0.45648298367067008
-0.71356428423721985,0.016847035594256248,0.39959481492634019
-0.70542331929343394,0.026002633239646585,0.44457050389087449
-0.69436553803289036,0.018817144923175766,0.50964343765397557
-0.70651168359073147,0.016381561932452778,0.40964343732562353
-0.70085218924478399,0.10296350991766301,0.43030794306608522
-0.71256298908370608,0.12416790082535931,0.45364667896119493
-0.69634636105397196,0.033213544479794799,0.48679092542334729
-0.69580217890532314,0.078589783610213307,0.46855753800529282
-0.70074335281505429,0.091782273925847355,0.42001620883456114
-0.6912310488566733,0.067460397002213304,0.42001620883456114
-0.71804834514208593,0.071973802235330897,0.39813614393289581
-0.70601103601397464,0.057868930020617514,0.43047001762091242
-0.67042152349234341,0.057980489823859685,0.45494327539981216
-0.70727353859883979,0.031959458415762358,0.58128039088757621
-0.71365135338100372,0.095780530442344511,0.45299838074188636
-0.69821834764532387,0.024648862553826544,0.49343598217126045
-0.72581926622479076,0.041639069349844821,0.46021069843169454
-0.71323777494803065,0.053260857848017061,0.42074554433128336
-0.71796127599830217,0.039992600529581375,0.51912479911136389
-0.70468323157127155,0.091755512953555371,0.4188816869507711
-0.68644224594856396,0.080911799724772179,0.35186385852974428
-0.7143914411031661,0.061204852472888399,0.38525121682413732
-0.71632872955235571,0.064874450798424868,0.53687196286493688
-0.7093631980496512,0.023800874244324734,0.46029173570910814
-0.68957673512478102,0.087033706648714043,0.53541329187149256
-0.69210174029451133,0.0046197800979781876,0.5012965980803773
-0.70801362632100218,0.019613451104938669,0.50081037441589582
-0.69686877591667484,0.032312368737862709,0.45040518786465195
-0.71275889465721964,0.019678179206669873,0.30656402045555564
-0.7139125608123551,0.036357624211947652,0.47698541485630463
-0.71545803811451769,0.049069587818864044,0.42560778097609786
-0.71347721509343609,0.050215960969421311,0.47350081192752091
-0.71789597414046424,0.026095962130514839,0.45194489613550987
-0.71223647979451687,0.031776982035946484,0.55056726274783108
-0.71095220992370567,0.04320692781400063,0.50826580393794474
-0.72797422753343999,0.037348616467134693,0.46531604690874978
-0.69022975370315953,0.021272631387040837,0.42504052003420284
-0.70892785233073219,0.037637634967887974,0.43727714892365271
-0.7193108477269512,0.019413078324902543,0.44481361572311523
-0.71920201129722139,0.073777659023886541,0.53030794339443721
-0.72340309748479015,0.15889344023965046,0.44513776483276951
-0.68400430992261729,0.071981997783095344,0.48808752186196447
-0.71632872955235571,0.079295771510490831,0.4551863872320529
-0.66763531089126149,0.044924814979068285,0.55032415091559039
-0.71386902624046322,0.02462410865445646,0.46871961256011996
-0.70050391266964873,0.047087937820643633,0.39821718121030941
-0.68267650547991421,0.092563025292465587,0.39376013095256274
-0.72344663205668203,0.085750685283390887,0.41669368046060457
-0.71913670943938357,0.068465606023930481,0.41247974203509868
-0.71132225378478686,0.093138386196742931,0.4188816869507711
-0.70015563609451359,0.019188286157650031,0.43589951520762193
-0.71521859796911225,0.1017703050655948,0.47131280543735438
-0.71410846638586867,0.062574679742083639,0.44392220567156593
-0.70633754530316384,0.075502403688104056,0.51628849440188873
-0.70183171711235182,0.11681950509006109,0.37504051987002684
-0.71238885079613845,0.078351778212891576,0.37690437725053905
-0.71356428423721985,0.076334168158153831,0.46434359957978688
-0.71125695192694904,-0.0043735791528920548,0.53403565815546172
-0.65479261218314999,0.041885103038854142,0.44959481509051619
-0.70028623981018923,0.038124015639294524,0.40307941785512391
-0.70559745758100156,0.063847832998874157,0.35688816972938597
-0.71665523884154503,-0.0011681164405445042,0.46685575517960776
-0.70627224344532602,0.084610667863752945,0.47876823495940329
-0.72901905725884564,0.08798673177446184,0.46709886701184844
-0.72211882761397894,0.072281218904534927,0.48249594972042781
-0.68966380426856477,0.042538405274931843,0.41952998517007972
-0.69943731565829714,-0.018666948966187074,0.48419773254611287
-0.71238885079613845,-0.0015947866925246168,0.38581847776603234
-0.70897138690262407,-0.0083069403115812283,0.43111831584022098
-0.70285477955181164,0.067721483738136842,0.41669368046060457
-0.72416495249289847,0.073956288513935473,0.38606158959827308
-0.71090867535181379,0.055603948228255866,0.5168557553437837
-0.71815718157181574,0.057435402269487588,0.49294975850677902
-0.7133248440918144,0.035210247524929447,0.47836304857233547
-0.68814009425234812,0.096126917777448737,0.44870340503896683
-0.71526213254100413,0.070664856178099936,0.49692058510004422
-0.71106104635343537,0.00015153400560326123,0.43995137907830073
-0.71641579869613958,0.060013320181588455,0.42050243249904262
-0.71678584255722078,0.028736099303194526,0.39294975817842698
-0.7019840881139735,0.035296718916647866,0.46580227057323126
-0.70655521816262334,0.11037663375469244,0.41782820234439466
-0.70324659069883877,0.057295241677108366,0.48160453966887845
-0.69567157518964751,0.034707810270147708,0.48622366448145227
-0.67562390483342583,0.022753182179094087,0.45340356712895424
-0.7074912114582993,0.067589685949598896,0.48079416689474269
-0.69480088375180937,0.068882408167377895,0.48614262720403867
-0.70992914748424596,0.13517786659450637,0.48816855913937807
-0.7164811005539774,0.0063420159210433018,0.44416531750380661
-0.71796127599830217,0.04940593978935872,0.49108590112626677
-0.71937614958478902,0.078586271232599994,0.44635332399397315
-0.71082160620802992,0.017741521093115355,0.4738249610371752
-0.69982912680532428,0.052845561009261043,0.57884927256516894
-0.70165757882478419,0.046525957402512232,0.34821718104613336
-0.71682937712911265,0.053099622989957927,0.37374392343140961
-0.6974347253512696,0.09910658478608278,0.21564019519752409
-0.70714293488316404,0.1239385927440325,0.38298217305655724
-0.70616340701559621,0.050458482280817278,0.39854133031996369
-0.69501855661126888,0.071464005713168896,0.49943274069986504
-0.70703409845343435,0.0032061317366548635,0.45202593341292346
-0.71143109021451656,0.058888188552787921,0.48679092542334729
-0.70990738019830002,0.087718620283311649,0.47414911014682953
-0.71580631468965294,0.078341575592205254,0.42058346977645622
-0.70986384562640803,0.075067203376205871,0.52593193041410424
-0.6968470086307289,0.061527154932929845,0.42106969344093764
-0.69965498851775665,0.066744875505556758,0.51183144414414206
-0.70975500919667833,0.0084320478570461804,0.37350081159916892
-0.68337305863018472,0.042511477046563051,0.38995137891412468
-0.71334661137776034,0.041995492049558505,0.50542949922846958
-0.70899315418857001,0.077288865844669888,0.40380875335184607
-0.71402139724208491,-0.0059322385328225112,0.40056726225530309
-0.67007324691720815,-0.016852053276560967,0.50769854299604977
-0.70120046581991924,0.053607914207428532,0.46936791077942858
-0.7043349549961363,0.084342221860449124,0.43841167080744275
-0.67440493682045255,0.026377454107811001,0.46239870492186108
-0.70635931258910978,0.062585718643154098,0.39643436110721075
-0.71484855410803105,0.02620852547021793,0.39084278896567404
-0.68513620879180681,0.014049008685053932,0.40923825093855565
-0.68404784449450917,0.049767547427453977,0.4991896288676243
-0.7059892687280287,0.071893017550224564,0.47585089297251459
-0.73230591743668438,0.062241003868818166,0.393517019120322
-0.7182442507155995,0.020367943267495425,0.42220421532472768
-0.69166639457559231,0.035148195520427437,0.53371150904580744
-0.70474853342910937,0.079399135765968562,0.43978930452347359
-0.7018752516842437,0.0084123116399808674,0.32860615991204817
-0.71090867535181379,0.044940704306366687,0.45072933697430623
-0.72727767438316948,0.062899825555431096,0.49902755431279716
-0.69884959893775644,0.11444697764030111,0.44303079562001657
-0.70977677648262427,0.074037073199041861,0.49983792708693292
-0.70485736985883918,0.021186996275706527,0.47082658177287295
-0.69227587858207895,0.032007628165887897,0.44813614409707181
-0.70115693124802736,0.04248220723311872,0.4179092396218082
-0.72205352575614112,0.056352586428123727,0.47196110365666299
-0.72094339417289754,0.035814376474420692,0.39019449074636542
-0.7071211675972181,0.093546992792425981,0.34789303193647908
-0.70329012527073065,0.083954522274369212,0.37698541452795264
-0.74027274409290278,0.018582986415620988,0.4179902768992218
-0.70174464796856806,0.01634760894885736,0.47552674386286031
-0.70283301226586559,0.0078093534830274113,0.56888168744329914
-0.72264124247668182,0.020889782227188826,0.33889789414357224
-0.71138755564262468,0.023880488136893325,0.48144246511405131
-0.72721237252533166,0.088338805816178076,0.48063209233991555
-0.7167423079853289,0.026649245232651317,0.42601296736316574
-0.70318128884100084,0.050727597308428414,0.36531604658039779
-0.70836190289613743,0.053011813549624892,0.46823338889563854
-0.72390374506154698,0.0047254859385314632,0.44149108734915865
-0.6753409301161285,0.056391389837947094,0.39854133031996369
-0.67455730782207424,0.094695874784135617,0.46547812146357698
-0.71628519498046384,0.024625279446994244,0.49246353484229755
-0.70692526202370454,0.052343792778786577,0.4630470031411697
-0.68219762518910332,0.12073731143360555,0.4512155606387877
-0.69649873205559365,0.053237441997261582,0.46191248125737966
-0.68642047866261791,0.084340883811834522,0.3583468407228303
-0.70979854376857021,0.079090715560303615,0.44376013111673873
-0.701766415254514,0.093111123456220496,0.4650729350765091
-0.73513566460965818,0.025302499302057902,0.40324149240995105
-0.71534920168478788,0.088669638336137543,0.34521880178183112
-0.71550157268640957,0.08798137958000346,0.50453808917692033
-0.7133248440918144,0.046612261538153843,0.4590761765479045
-0.7292149628323592,0.05158143958061908,0.38403565766293368
-0.70457439514154174,0.034109368027268508,0.42528363186644358
-0.72224943132965469,0.051521394649038967,0.47350081192752091
-0.71269359279938183,0.067510239313107109,0.50421394006726594
-0.72307658819560083,0.086414524652308575,0.51645056895671582
-0.72544922236370957,0.077559653433049269,0.5071312820541547
-0.70831836832424544,0.012873365721052316,0.56410048807589819
-0.72031214288046497,0.040094459480367647,0.3877633724239582
-0.69878429707991863,0.067096615035119364,0.45834684105118234
-0.6989366680815402,0.038443474746029931,0.40307941785512391
-0.68901078569018626,0.047731037436035038,0.52820097418168432
-0.69284182801667371,0.019289977852359474,0.42917342118229518
-0.72275007890641152,0.11022744133416468,0.49505672771953196
-0.71645933326803146,0.070270466348947014,0.48630470175886581
-0.71114811549721924,0.023669076455786784,0.50421394006726594
-0.6972170524918101,0.013856998708859054,0.50032415075141434
-0.70268064126424401,0.077752165177474616,0.42722852652436938
-0.70463969699937967,0.067556736502464396,0.47179902910183585
-0.71206234150694925,0.055327641189341283,0.46969205988908286
-0.71038626048911091,0.052980536663258658,0.4551863872320529
-0.68598513294369889,0.034840778851223421,0.46734197884408918
-0.72000740087722159,0.03407809114090226,0.47374392375976165
-0.72231473318749251,0.021971092763861267,0.48419773254611287
-0.71060393334857042,0.016229693414695861,0.4551863872320529
-0.69712998334802623,0.0070573701616230469,0.44351701928449805
-0.6995243848020809,0.04717240213944017,0.44748784587776325
-0.68774828310532099,0.070272306165792095,0.41726094140249959
-0.708557808469651,0.062030930236326193,0.5128849287505185
-0.69499678932532294,0.043166451843409039,0.3866288505401681
-0.68683405709559109,0.043894517545827461,0.52641815407858561
-0.70322482341289272,0.025961990012978147,0.47228525276631728
-0.70477030071505531,0.017605374646579953,0.44692058493586817
-0.71471795039235531,-0.0034933104205630687,0.48128039055922417
