B5_between_rho,B6_within_rho,B6_between_rho
-0.70725177131289385,0.071945201446193874,0.41029173554493215
-0.6910133759972138,0.0655163796212785,0.45478120084498502
-0.71014682034370546,0.1162392937595558,0.51839546361464173
-0.70627224344532602,0.073095923254748618,0.39854133031996369
-0.69601985176478276,0.11115872316992526,0.4688816871149471
-0.71378195709667935,0.083126270181932735,0.45729335644480584
-0.70141813867937874,0.017437449545447844,0.48533225442990291
-0.70278947769397371,0.062514133042273073,0.38897893158516178
-0.70379077284748748,0.005859147627250063,0.47576985569510105
-0.71617635855073414,0.058971983847277171,0.40494327523563617
-0.71763476670911286,0.0069357749937714016,0.36896272406400871
-0.6978047692123508,0.097332666835278803,0.48606158992662513
-0.71676407527127484,0.11937300361494556,0.52520259491738197
-0.72200999118424924,0.15984663262147503,0.44003241635571427
-0.69103514328315974,0.096236805019922614,0.48679092542334729
-0.70028623981018923,0.08069436682489993,0.41539708402198738
-0.70453086056964986,0.10060051606428203,0.44035656546536861
-0.71691644627289641,0.11543010885987737,0.47609400480475533
-0.70435672228208224,0.059930361167483341,0.43314424777556038
-0.69921964279883764,0.056281502595473196,0.48727714908782871
-0.7139125608123551,0.12505067839884068,0.42439222181489422
-0.70590219958424483,0.099170309351353014,0.46353322680565112
-0.69471381460802561,0.040948469008635177,0.47431118470165667
-0.72039921202424873,0.16464303513658024,0.49019449107471746
-0.6993067119426214,0.067941592735238282,0.49278768395195188
-0.72721237252533166,0.054457240565544955,0.45794165466411446
-0.71839662171722118,0.1578497623202636,0.39011345346895188
-0.72429555620857411,0.086412517579386686,0.37625607903123048
-0.70335542712856847,0.087501689151669851,0.41839546328628968
-0.68335129134423878,0.093199100152630346,0.45299838074188636
-0.70383430741937947,0.066540154067523186,0.44367909383932519
-0.71447851024694986,0.096407238962207112,0.50405186551243886
-0.72024684102262715,0.012928225714250856,0.45834684105118234
-0.71204057422100331,0.088497531833084828,0.45632090911584294
-0.71891903657992406,0.12548420614997058,0.44262560923294869
-0.69480088375180937,0.099076144180100661,0.40380875335184607
-0.71471795039235531,0.075992798505354411,0.4690437616697743
-0.70921082704802951,0.072456168760893669,0.53047001794926441
-0.67527562825829057,0.068487349313917673,0.48816855913937807
-0.70141813867937874,0.074319903224952605,0.43946515541381925
-0.69832718407505356,0.05516205767328472,0.4551053499546393
-0.71321600766208471,0.083579199637974347,0.52730956413013497
-0.70892785233073219,0.043781285181817044,0.48249594972042781
-0.68250236719234658,0.046065668679090351,0.47155591726959512
-0.71789597414046424,0.10027704281170284,0.47220421548890373
-0.70239766654694658,0.042999195766584224,0.3867098878175817
-0.70736060774262366,0.13185064145823033,0.44189627373622653
-0.69750002720910742,0.098791474337344823,0.4971636969322849
-0.71830955257343743,0.027792440517748918,0.40640194622908049
-0.69699937963235059,0.10417260409702957,0.48638573903627941
-0.70339896170046035,0.0080209324202107947,0.40121556047461171
-0.68716056638478029,0.076200196040617174,0.44983792692275693
-0.72048628116803259,0.097332332323125173,0.47649919119182321
-0.7190496402955997,0.10412978654136243,0.47803889946268113
-0.70289831412370352,0.13049352565087377,0.44222042284588081
-0.71621989312262602,0.13374096963850438,0.44627228671655961
-0.69817481307343199,0.085847192039718787,0.51280389147310501
-0.71265005822748995,-0.012884404622122758,0.3807131292889771
-0.701766415254514,0.094637502413323749,0.47139384271476797
-0.72194468932641132,0.072328886886430022,0.48598055264921153
-0.6848096995026175,0.15930388665217854,0.45737439372221944
-0.70635931258910978,0.10903925416440122,0.44392220567156593
-0.704922671716677,0.089898134220415801,0.49448946677763694
-0.71143109021451656,0.092149066502324184,0.42139384255059198
-0.69730412163559385,0.096168230028424451,0.38517017954672378
-0.7050315081464068,0.053373755699873807,0.52763371323978925
-0.72063865216965428,-0.016227184573543489,0.45251215707740489
-0.70773065160370474,0.09167924418252324,0.45032415058723835
-0.71241061808208439,0.10551416508924143,0.49764992059676638
-0.70555392300910957,0.090396557329353769,0.45648298367067008
-0.70625047615938008,0.12852876851641268,0.44967585236792978
-0.70013386880856765,0.053599551403587312,0.54319287050319576
-0.71796127599830217,0.11695966568244028,0.43087520400798029
-0.71121341735505705,0.085339068078325017,0.49311183306160616
-0.7063157780172179,0.094792047028309873,0.45429497718050355
-0.72396904691938491,0.13336096383195839,0.47941653317871191
-0.71735179199181553,0.11407801073482557,0.51612641984706153
-0.70194055354208162,0.12667724374596201,0.4111021083190679
-0.70222352825937895,0.12163229870069513,0.45599676000618866
-0.71569747825992314,0.15834333500297362,0.44659643582621389
-0.7101685876296514,0.13133097682753561,0.44870340503896683
-0.7111263482112733,0.1340841791081489,0.52009724644032673
-0.69353838116694422,0.14842471513510849,0.48379254615904499
-0.70901492147451595,0.060270392771668208,0.45964343748979952
-0.70736060774262366,0.073841885357387269,0.40202593324874741
-0.68652931509234771,0.043932819187420327,0.5363857392004554
-0.71201880693505726,0.097099344608108193,0.48776337275231019
-0.69787007107018861,0.084102711158435983,0.48468395621059435
-0.71756946485127504,0.025274734793305009,0.41855753784111682
-0.71217117793667895,0.097914717982629171,0.44327390745225731
-0.70955910362316477,0.081710949259841154,0.52366288664652405
-0.69212350758045738,0.070059556436070938,0.52269043931756121
-0.71484855410803105,0.10120163440439041,0.4159643449638824
-0.69547566961613394,0.053292469246536932,0.39910859126185871
-0.70350779813019015,0.082264566874131251,0.48460291893318075
-0.71715588641830197,0.10976113139197713,0.4640194504701326
-0.71878843286424832,0.031878673730655976,0.5090761767120805
-0.69120928157072736,0.071989022538321984,0.46272285403151542
-0.72401258149127679,0.087879018860986632,0.48581847809438439
-0.69728235434964791,0.08781111289379577,0.5382495965809676
-0.69142695443018687,0.055117902069002973,0.45056726241947909
-0.70143990596532468,0.15481690787919922,0.42204214076990054
-0.69591101533505295,0.088520445915609813,0.4991896288676243
-0.71288949837289539,0.066038051324895097,0.53816855930355412
-0.69575864433343126,0.088438657694042452,0.51474878613103081
-0.72599340451235839,0.07247824656303456,0.39910859126185871
-0.69430023617505254,0.11218534096947598,0.44465154116828809
-0.69255885329937639,0.10904092672516948,0.49019449107471746
-0.70209292454370331,0.073295292498323797,0.49343598217126045
-0.71811364699992386,0.098580062656238268,0.48444084437835361
-0.69436553803289036,0.1105502455624366,0.32755267530567167
-0.70196232082802756,0.08140420161494441,0.38614262687568668
-0.70601103601397464,0.028044495425523907,0.43638573887210341
-0.7024629684047845,0.10415437318465567,0.50559157378329678
-0.71051686420478666,0.045245110366187828,0.40243111963581529
-0.71463088124857155,0.034422638659161391,0.43776337258813419
-0.6906433321361326,0.10122939891314334,0.31912479845465985
-0.69506209118316087,0.11236279966698709,0.42617504191799288
-0.70807892817883999,0.034246852522418512,0.50275526907382162
-0.7025718048345142,0.076778065786046887,0.43314424777556038
-0.71049509691884072,0.078345924250202703,0.43776337258813419
-0.70783948803343455,0.087570933167475343,0.49570502593884058
-0.71621989312262602,0.076514637465047816,0.42025932066680188
-0.69839248593289149,0.01985128924618353,0.48589951537179793
-0.71861429457668069,0.05580030686244819,0.44003241635571427
-0.69969852308964853,-0.0087428096477866948,0.50226904540934014
-0.70183171711235182,0.054576661404397875,0.49967585253210578
-0.7131071712323549,0.084978798488844376,0.51612641984706153
-0.69969852308964853,0.093449147987483439,0.46969205988908286
-0.70731707317073167,0.10018070331145174,0.46661264334736702
-0.70727353859883979,0.083892972038097674,0.4611021084832439
-0.71010328577181359,0.025152303345069234,0.48257698699784135
-0.70916729247613763,0.0037393441095723732,0.55202593374127551
-0.68794418867883456,0.10855605135845432,0.55721231949574423
-0.70581513044046107,0.13816890701636453,0.48654781359110655
-0.70642461444694771,0.059282912894094479,0.45275526890964563
-0.72470913464154718,0.061453562259126938,0.43622366431727627
-0.69752179449505336,0.11073088212540738,0.46272285403151542
-0.70605457058586651,0.048432676678315141,0.49124797568109391
-0.69216704215234925,0.085124980299989272,0.47552674386286031
-0.70716470216911009,0.03149331572965159,0.47025932083097788
-0.7173300247058696,0.10930686388732092,0.56320907802434883
-0.71199703964911132,0.062913373297653896,0.47820097401750827
-0.71190997050532756,0.058942546777755983,0.3828200985017301
-0.70148344053721656,0.091243876614548261,0.43670988798175769
-0.70028623981018923,0.019599736106639037,0.44594813760690527
-0.69765239821072911,0.035823073790415542,0.49351701944867404
-0.72547098964965551,-0.01678247474860188,0.38841167064326676
-0.69573687704748532,0.099876966275937881,0.42730956380178298
-0.71288949837289539,0.093895554456528862,0.45575364817394792
-0.69773946735451287,0.1271136148503979,0.41369530119630227
-0.7099509147701919,0.14196511819205734,0.47520259475320598
-0.69654226662748553,0.11453662689747922,0.50064829986106862
-0.72377314134587134,0.069183469105662559,0.47252836459855801
-0.69469204732207968,0.11335680253155699,0.51928687366619097
-0.69902373722532407,0.13501679899252408,0.41734197867991318
-0.7131071712323549,0.074128060504834531,0.44837925592931255
-0.71299833480262509,0.14208403726267976,0.47463533381131096
-0.7170688172745181,0.078813237728851251,0.49651539871297634
-0.71436967381722005,0.042621866057267414,0.47374392375976165
-0.71493562325181481,0.078241890970417671,0.4229335508214499
-0.72222766404370875,0.089965371163299376,0.53703403741976397
-0.71482678682208511,0.08564916084475821,0.41653160590577742
-0.70903668876046189,0.049616180677927502,0.48922204374575456
-0.70461792971343373,0.055456762880650032,0.43209076316918388
-0.71265005822748995,0.061258374417472373,0.51531604707292578
-0.69268945701505202,0.11391961923007246,0.47884927223681689
-0.71780890499668049,0.071650830750982233,0.46726094156667564
-0.70520564643397443,0.03895929248695764,0.38946515524964326
-0.71672054069938285,0.030773445574997574,0.52536466947220917
-0.69151402357397063,0.033665637655452267,0.43808752169778847
-0.7127371273712737,0.066408021766831582,0.51645056895671582
-0.70392137656316323,0.095473448285294138,0.38727714875947672
-0.71604575483505839,0.079164475490183336,0.47771475035302685
-0.6966293357712694,0.080714604810195711,0.48395462071387213
-0.69671640491505316,0.030867443490173122,0.49878444248055642
-0.71360781880911184,0.065622252717908613,0.51701782989861089
-0.70143990596532468,0.049316792300411097,0.43225283772401107
-0.70496620628856888,0.078000540451559464,0.46564019601840412
-0.70500974086046087,0.10597963875104488,0.53103727889115948
-0.69036035741883528,0.11277207528697743,0.48363047160421785
-0.7101685876296514,0.082011006661664859,0.44351701928449805
-0.69991619594910803,0.072156613127300442,0.44692058493586817
-0.70727353859883979,0.036398434694692915,0.37350081159916892
-0.71334661137776034,0.094212337466035065,0.48095624144956983
-0.70723000402694791,0.032823168796485683,0.419854134279734
-0.70096102567451379,0.081707604138304649,0.46142625759289818
-0.71014682034370546,0.084387381001191836,0.40875202727407417
-0.70847073932586713,0.086006085312702388,0.47439222197907027
-0.70605457058586651,0.10710075623400164,0.5051053501188153
-0.69582394619126919,0.038639666124145419,0.45162074702585558
-0.70379077284748748,-0.016548650753200778,0.47520259475320598
-0.70670758916424503,0.040444526449161994,0.39084278896567404
-0.67812714271721031,0.077314121512270434,0.5129659660279321
-0.71970265887397833,0.076910532598892148,0.51871961272429601
-0.71595868569127463,0.055888618071011711,0.40688816989356197
-0.71983326258965397,0.055149011699292372,0.45478120084498502
-0.69349484659505234,0.059934208057250304,0.43727714892365271
-0.71593691840532858,0.05695337025607846,0.47828201129492187
-0.69948085023018902,0.021640260243901789,0.5070502447767411
-0.70720823674100197,0.076767863165360578,0.55072933730265827
-0.70807892817883999,0.063681747714587095,0.46264181675410182
-0.7111263482112733,0.053364222103494778,0.37528363170226758
-0.69985089409127021,0.072096735451797178,0.46280389130892896
-0.72882315168533207,0.13242683864289184,0.47868719768198975
-0.71223647979451687,0.071703014646951557,0.49359805672608759
-0.70916729247613763,0.057783294909283217,0.45664505822549722
-0.69140518714424093,0.07516220482784236,0.42504052003420284
-0.69797890749991842,0.092832976600460818,0.4238249608729992
-0.69412609788748492,0.093508858406909895,0.48508914259766223
-0.68261120362207639,0.026696411446315908,0.48768233547489659
-0.70130930224964905,0.1354605293643403,0.44918962870344831
-0.70376900556154154,0.040856812678535165,0.50162074719003158
-0.71815718157181574,0.10290262870569879,0.36863857495435437
-0.69519269489883651,0.030063443528876254,0.40226904508098815
-0.69906727179721595,0.085929482029516599,0.50072933713848222
-0.69904550451127001,0.07199303668416579,0.38938411797222966
-0.69517092761289057,0.12705239912628008,0.46677471790219416
-0.70881901590100238,0.052443477400574166,0.4962722868807356
-0.70868841218532663,0.062310916908930918,0.44068071457502289
-0.67936787801612952,0.10903825062794026,0.43841167080744275
-0.71770006856695068,0.098011893763264385,0.35356564135542934
-0.72018153916478922,0.08173185626944425,0.41782820234439466
-0.71130048649884092,0.051840686499697544,0.59376013160926677
-0.68931552769342952,0.10677611218888464,0.41928687333783898
-0.69806597664370218,0.1005834559444459,0.48630470175886581
-0.7081877646085698,0.10313494739640842,0.43395462054969614
-0.69987266137721615,0.09077656313589974,0.44635332399397315
-0.69440907260478224,0.076122756477047276,0.40583468528718547
-0.68341659320207659,0.060579482001640463,0.47828201129492187
-0.70655521816262334,0.039373418533175907,0.47398703559200239
-0.71173583221775993,0.026863333010987093,0.56474878629520675
-0.6975435617809993,2.9771581674804023e-05,0.42042139522162902
-0.72338133019884421,0.10911920256912348,0.44100486368467717
-0.70270240855018995,0.065571406870553864,0.49068071473919889
-0.72052981573992447,0.065440947130630506,0.44732577132293605
-0.72261947519073588,0.1009992545514324,0.54359805689026364
-0.7091019906182997,0.10734495010616582,0.45542949906429359
-0.69127458342856518,0.083008187391694396,0.3768233399731255
-0.70490090443073106,0.047652928848157847,0.50794165482829046
-0.71432613924532817,0.02368078438116452,0.49051864018437175
-0.70333365984262253,0.085464175623789995,0.49351701944867404
-0.70080865467289211,0.042309097193605025,0.42933549573712232
-0.71672054069938285,0.11920206790443057,0.44773095771000393
-0.71160522850208419,0.14150867635840242,0.47763371307561325
-0.71584984926154482,0.08348520172279876,0.4932739076164333
-0.70087395653072992,0.033535679683759395,0.47828201129492187
-0.70951556905127289,0.07665479805742699,0.49489465316470482
-0.71854899271884287,0.062694267837013401,0.47009724627615074
-0.71941968415668089,0.07802312002193082,0.38063209201156356
-0.72207529304208706,0.061793593863311784,0.42309562537627704
-0.69223234401018707,0.05322289071857781,0.50348460457054378
-0.69192760200694381,0.058770942042933726,0.49270664667453828
-0.69334247559343065,0.077433207838969703,0.43338735960780111
-0.70892785233073219,0.12852107473687877,0.52568881858186345
-0.69671640491505316,0.10734060144816841,0.48614262720403867
-0.71008151848586754,0.055545910369597669,0.46337115225082398
-0.69980735951937834,0.11088157985062654,0.46491086052168196
-0.6963681283399179,0.11450969866911043,0.47074554449545936
-0.70174464796856806,0.090774556062977838,0.46329011497341044
-0.70940673262154308,0.080268532853303945,0.33273906106014051
-0.68572392551234751,0.08592479885936552,0.45551053634170718
-0.7077088843177588,0.07056734588531105,0.4551863872320529
-0.70775241888965079,0.10242427632597977,0.48298217338490923
-0.71870136372046456,0.077121107999614594,0.40737439355804339
-0.70250650297667638,0.1226227891876517,0.34084278880149804
-0.71974619344587021,0.091779765084694973,0.45032415058723835
-0.69658580119937741,0.071801695732278167,0.48768233547489659
-0.70285477955181164,0.1129518755695641,0.4679902770633978
-0.69756532906694524,0.065491123953677954,0.46734197884408918
-0.69456144360640393,0.094352832570567924,0.42406807270523994
-0.7164811005539774,0.034756147276350062,0.47487844564355169
-0.71302010208857114,0.0062436693478703058,0.40972447460303713
-0.70039507623991903,0.091050528589738791,0.5029983809060623
-0.71023388948748922,0.0030731631555791258,0.48160453966887845
-0.70239766654694658,0.0044824628589050404,0.52447325942065981
-0.68591983108586108,0.14206379927738397,0.49173419934557538
-0.72612400822803413,0.069275794460069859,0.50364667912537098
-0.69349484659505234,0.069288004153678084,0.44165316190398579
-0.69837071864694555,0.13496277527970965,0.48087520417215629
-0.68851013811342932,0.10142625931556613,0.49457050405505054
-0.7170688172745181,0.10815865091991857,0.45672609550291082
-0.72357723577235777,0.031399652326629723,0.36896272406400871
-0.67799653900153456,0.082458918435401721,0.45032415058723835
-0.69521446218478244,0.05533801106610442,0.45494327539981216
-0.69719528520586416,0.10563943989078321,0.38322528488879798
-0.69312480273397115,0.09114703534606669,0.45494327539981216
-0.69573687704748532,0.044903907969465209,0.49197731117781612
-0.68104395903396786,0.081774172056880923,0.4942463549453962
-0.69142695443018687,0.06616399515074417,0.49213938573264326
-0.6666775503096396,0.070681916297936076,0.4992706661450379
-0.69221057672424113,0.088702587783272044,0.48525121715248937
-0.68385193892099561,0.085218309190857502,0.47852512312716261
-0.71515329611127432,0.093811759162039626,0.51977309733067245
-0.69839248593289149,0.076702298783245249,0.47820097401750827
-0.70022093795235141,0.062740765026370701,0.39448946644928495
-0.69040389199072716,0.086131527370320995,0.41061588465458643
-0.69162286000370043,0.068963527364637914,0.47625607935958247
-0.70853604118370506,0.092853883610063928,0.42260940171179556
-0.70485736985883918,0.12424651118146697,0.46734197884408918
-0.71021212220154328,0.099942530658053225,0.39602917472014287
-0.72264124247668182,0.080377583815393727,0.43419773238193687
-0.69989442866316209,0.049449593625410015,0.50032415075141434
-0.6942784688891066,0.061507418715864522,0.44343598200708445
-0.68372133520531997,0.096983603402945401,0.42406807270523994
-0.69756532906694524,0.10980679230095028,0.4690437616697743
-0.71793950871235623,0.029332032704921331,0.45089141152913337
-0.66835363132747794,0.082730040535934746,0.4718800663792494
-0.71458734667667967,0.045778991763412623,0.3788492719084649
-0.70681642559397484,0.040994798941915649,0.51758509084050597
-0.69865369336424288,0.080782678033463423,0.44157212462657225
-0.70461792971343373,0.12778999842507752,0.41272285386733937
-0.70130930224964905,0.0085354121125239147,0.49781199515159352
-0.7067946583080289,0.041753305250316175,0.49100486384885322
-0.72222766404370875,0.093389437568056982,0.44789303226483113
-0.69390842502802541,0.084029787508940371,0.5013776353577909
-0.70366016913181184,0.11258173787155078,0.44416531750380661
-0.69961145394586477,0.083133294937159374,0.41944894789266612
-0.71996386630532971,0.10584416132881679,0.39562398833307499
-0.72013800459289734,0.089162207482386652,0.46523500963133624
-0.68881488011667269,0.14946103378711506,0.49068071473919889
-0.69225411129613301,0.12197115951234221,0.48978930468764958
-0.71001621662802972,0.025664441452306824,0.3739059979862368
-0.69501855661126888,0.16393035699322972,0.42965964484677666
-0.71663347155559909,0.1295291271119019,0.52366288664652405
-0.70581513044046107,0.069637402098165088,0.53800648474872692
-0.7005909818134326,0.064815409403305685,0.47001620899873719
-0.6975435617809993,0.1078704686995494,0.40121556047461171
-0.69828364950316169,0.11753569561102495,0.51166936958931497
-0.71099574449559755,0.086223685468651445,0.38995137891412468
-0.69484441832370136,0.098291880435869103,0.50153970991261798
-0.70574982858262314,0.15624360221451492,0.44270664651036229
-0.68840130168369962,0.03285912885300301,0.52787682507203004
-0.69051272842045686,0.075394356262475218,0.45226904524516415
-0.69878429707991863,0.037124827836343084,0.37196110332831095
-0.71532743439884194,0.075075231667893441,0.43298217322073324
-0.72579749893884482,-0.00014049510453285666,0.44967585236792978
-0.69691231048856672,0.096798116413746707,0.45113452336137411
-0.72159641275127606,0.091471344879029984,0.52309562570462909
-0.69040389199072716,0.027484354824237618,0.42617504191799288
-0.70074335281505429,0.10759382714848117,0.45429497718050355
-0.7001121015226216,0.052805754062976738,0.53419773271028892
-0.70204938997181132,0.038889546702921704,0.48954619285540885
-0.68962026969667289,0.071576234540718334,0.48452188165576715
-0.708557808469651,0.12037152239358967,0.44708265949069537
-0.72133520531992468,0.079837681199403251,0.47974068228836625
-0.71981149530370803,0.11217998877501759,0.47965964501095265
-0.70618517430154226,0.02843955427898413,0.55948136326332443
-0.70927612890586733,0.067521612726331198,0.45940032565755878
-0.70100456024640567,0.097893643716949252,0.43282009866590609
-0.70361663455991985,0.082375959421296635,0.49959481525469218
-0.70259357212046014,0.10884841498074409,0.50210697085451306
-0.69584571347721513,0.12521960703643376,0.43363047144004185
-0.69806597664370218,0.072100247829410491,0.42755267563402366
-0.70043861081181091,0.091170952965052648,0.42893030935005444
-0.71811364699992386,0.10176478561505956,0.40194489597133387
-0.71739532656370741,0.091468501525724,0.49351701944867404
-0.70638107987505583,0.10581355346675785,0.47965964501095265
-0.70718646945505603,0.06754569760139395,0.45940032565755878
-0.7107563043501921,0.040323433049540829,0.39675851021686503
-0.72616754279992601,0.088233434487778428,0.460129661154281
-0.69889313350964832,0.077732596216486108,0.44862236776155329
-0.7059892687280287,0.078053058859682445,0.48808752186196447
-0.6988278316518105,0.12730512305836236,0.45923825110273164
-0.72005093544911358,0.077730923655717848,0.45356564168378138
-0.71410846638586867,0.055005004217146214,0.53079416705891869
-0.69628105919613414,0.12184354312572486,0.52463533397548701
-0.68809655968045624,0.027768857410916625,0.53290113627167168
-0.68744354110207773,0.11625769192800656,0.4130470029769937
-0.69821834764532387,0.1285861373507636,0.48549432898473005
-0.69525799675667443,0.071694317330956644,0.45794165466411446
-0.70453086056964986,0.095485657978902391,0.44675851038104103
-0.70392137656316323,0.067861477074439222,0.47269043915338516
-0.71008151848586754,0.066140579299988705,0.39797406937806867
-0.71933261501289714,0.088670809128675337,0.47147487999218152
-0.71341191323559827,0.010287754029417489,0.4217990289376598
-0.71920201129722139,0.075667819948083775,0.41053484737717283
-0.72109576517451923,0.070817728232317828,0.42220421532472768
-0.7296938431231702,0.014797145116691323,0.4630470031411697
-0.7181354142858698,0.090580204501707395,0.48711507453300157
-0.71491385596586887,0.086097407130648715,0.48954619285540885
-0.71393432809830104,0.064684280639075026,0.44108590096209077
-0.69356014845289016,0.1314507321785422,0.48598055264921153
-0.7149791578237068,0.11171167175990807,0.50664505838967322
-0.70109162939018943,0.081330441685064675,0.46839546345046568
-0.71082160620802992,0.061545553101380587,0.45194489613550987
-0.70015563609451359,0.0097958539074757215,0.4679092397859842
-0.71443497567505798,0.13564601635353904,0.47390599831458879
-0.71981149530370803,0.11620249742265437,0.52544570674962277
-0.69608515362262058,0.11171970005159568,0.40551053617753119
-0.71101751178154349,0.065740000995993267,0.48330632249456357
-0.6948661856096473,0.051045885622626033,0.47034035810839148
-0.71584984926154482,0.041804652865901418,0.39951377764892659
-0.70130930224964905,0.060169871869496475,0.43200972589177034
-0.71228001436640875,0.10608116318967756,0.46353322680565112
-0.69972029037559447,0.043163775746179842,0.40153970958426599
-0.69177523100532212,0.035270961480816841,0.48087520417215629
-0.70659875273451533,0.058004407442845594,0.41247974203509868
-0.72499210935884462,0.068916193894896519,0.43922204358157851
-0.72682056137830453,0.091305092338666169,0.47739060124337251
-0.70627224344532602,0.057412989955193082,0.51183144414414206
-0.70794832446316436,0.12439520183376424,0.44562398849725099
-0.70313775426910896,0.084489741720208608,0.4699351717213236
-0.70820953189451574,0.040739064400450484,0.46734197884408918
-0.70385607470532541,0.13200117192737268,0.44619124943914601
-0.70109162939018943,0.10446296064639747,0.46264181675410182
-0.7074912114582993,0.13383630560229454,0.42139384255059198
-0.70823129918046168,0.098524199126578796,0.39611021199755642
-0.71138755564262468,0.067026032970699298,0.46426256230237334
-0.71891903657992406,0.15788003567016892,0.47852512312716261
-0.7207039540274921,0.089857323737670552,0.46134522031548464
-0.72163994732316805,0.059591165843682639,0.47220421548890373
-0.71180113407559775,0.104187489887867,0.38209076300500788
-0.69260238787126827,0.053014322390777267,0.48136142783663771
-0.72895375540100782,0.083832425338287081,0.39667747293945144
-0.70278947769397371,0.11779728411517898,0.53914100663251696
-0.71003798391397566,0.10144499199617052,0.41920583606042544
-0.69371251945451184,0.095895602623200002,0.40640194622908049
-0.68709526452694247,0.08378492461246885,0.4159643449638824
-0.70146167325127062,0.087400331969114009,0.48241491244301421
-0.69976382494748646,0.029604325597992143,0.40372771607443253
-0.69845778779072931,0.14810458700406579,0.37196110332831095
-0.69645519748370177,0.057479390617692507,0.40340356696477819
-0.69717351791991811,0.074519606980681427,0.39627228655238361
-0.71339014594965222,0.033726853379570175,0.52277147659497469
-0.7031595215550549,0.03188134982788516,0.40615883439683981
-0.69081747042370023,0.1004190432209271,0.40737439355804339
-0.70331189255667659,0.067559747111847257,0.45680713278032437
-0.69928494465667546,0.058575754201279168,0.48727714908782871
-0.70311598698316302,0.083906352524243666,0.50761750571863617
-0.71110458092532736,0.0654556656653911,0.51482982340844441
-0.70973324191073239,0.091481714755793142,0.44432739205863381
-0.69192760200694381,0.10977551541458404,0.56734197917244122
-0.69638989562586384,0.079219335483381906,0.4356564033753812
-0.70921082704802951,0.081271065777791862,0.40518638706787685
-0.70951556905127289,0.063744134231242769,0.53476499365218388
-0.7125194545118142,0.075807478772232512,0.40940032549338279
-0.69950261751613496,0.061764658562021083,0.50940032582173478
-0.7156757109739772,0.07120693312308915,0.43646677614951696
-0.71079983892208398,0.081893592895733835,0.45486223812239857
-0.71700351541668028,0.046055633314480891,0.46061588481876242
-0.70699056388154247,0.11819786241917439,0.43849270808485635
-0.71167053035992212,0.022069439337034241,0.52552674402703636
-0.71256298908370608,0.031719278689441924,0.43209076316918388
-0.71384725895451728,0.056766043450034692,0.41085899648682717
-0.70146167325127062,0.1260726130282403,0.52585089313669064
-0.72520978221830412,0.10026483311809462,0.45332252985154065
-0.71894080386587,0.075015353992390163,0.4199351715571476
-0.69229764586802489,0.093701202895258434,0.46045381026393528
-0.70555392300910957,0.020996658860279873,0.45850891560600948
-0.70594573415613671,0.095134252961493457,0.42115073071835124
-0.71042979506100279,0.02922833393728996,0.36961102228331727
-0.69170992914748419,0.0621933358869231,0.42568881825351146
-0.70564099215289344,0.10467520860788813,0.45202593341292346
-0.70289831412370352,0.078882649000733537,0.47244732732114442
-0.70485736985883918,0.041071736737255081,0.42358184904075846
-0.71177936678965181,0.083571004090209913,0.48354943432680425
-0.69157932543180856,0.11284600247293396,0.53200972622012233
-0.71687291170100453,0.098307435251013819,0.44675851038104103
-0.70507504271829868,0.14088364039930809,0.45421393990309
-0.71767830128100474,0.067803271959704189,0.47123176815994083
-0.69432200346099848,0.070323486525300474,0.46936791077942858
-0.6978047692123508,0.082653269996672135,0.4570502446125651
-0.71489208867992293,0.11842031300135138,0.46547812146357698
-0.70231059740316282,0.11110787732257052,0.49740680876452564
-0.69917610822694576,0.10836688473556545,0.38387358310810654
-0.70202762268586538,0.022189529200194458,0.43298217322073324
-0.70557569029505551,0.055030928909054061,0.45923825110273164
-0.71402139724208491,0.093375722569757347,0.45129659791620125
-0.70764358245992098,0.07111628032945011,0.43784440986554773
-0.73252359029614389,0.065972319686702946,0.38938411797222966
-0.71341191323559827,0.01160355758579833,0.47609400480475533
-0.72423025435073629,0.026726350284067564,0.47082658177287295
-0.72072572131343804,0.084690114500244731,0.34683954733010258
-0.71275889465721964,0.067245138431339765,0.47795786218526759
-0.69319010459180896,0.10403194173641993,0.47933549590129837
-0.71950675330046476,0.077642277935000711,0.4619935185347932
-0.71941968415668089,0.050281190839382976,0.37617504175381689
-0.69234118043991688,0.091064745356268892,0.52317666298204257
-0.72251063876100607,0.097776564463171858,0.46345218952823758
-0.70638107987505583,0.082384656737291506,0.48962723013282244
-0.68874957825883476,0.079099580132375336,0.42034035794421548
-0.68857543997126713,0.11522237681246092,0.536466776477869
-0.67401312567342542,0.045223367076200602,0.4952998395517727
-0.68962026969667289,0.11504809598040949,0.43233387500142462
-0.69532329861451225,0.1011059639284466,0.49035656562954461
-0.6934730793091064,0.08664533803832683,0.38703403692723598
-0.72677702680641265,0.026545880977173593,0.40356564151960539
-0.71160522850208419,0.056960060499151456,0.43849270808485635
-0.7005909818134326,0.10130667122063637,0.45348460440636779
-0.71064746792046229,0.10248131064817707,0.44538087666501025
-0.70261533940640608,0.023946052519008679,0.43930308085899211
-0.70224529554532489,0.050142201039541548,0.48784441002972379
-0.70106986210424349,0.10002732948900339,0.5149108606858579
-0.70274594312208183,0.11779678234694847,0.52730956413013497
-0.70352956541613609,0.083428501912755179,0.49846029337090214
-0.69506209118316087,0.064759713129723034,0.44675851038104103
-0.73067337099073804,0.1143553213102011,0.49546191410659984
-0.69950261751613496,0.11371339248734749,0.41264181658992583
-0.69898020265343219,0.16055312228998309,0.42001620883456114
-0.68933729497937546,0.11474703504212484,0.38225283755983502
-0.72956323940749446,0.10921119341137711,0.46029173570910814
-0.71920201129722139,0.10200697241430189,0.48071312961732915
-0.69490972018153918,0.051139047257417462,0.52739060140754856
-0.70603280329992057,0.087949935437560342,0.45008103875499761
-0.70588043229829889,0.11264897481443435,0.45672609550291082
-0.7077088843177588,0.011726992570495025,0.47455429653389741
-0.69397372688586323,0.047881902417331014,0.47398703559200239
-0.70814423003667792,0.065285064467029807,0.51231766780862353
-0.70479206800100125,0.10839046784239774,0.44538087666501025
-0.70640284716100177,0.050648485184090278,0.49975688980951932
-0.71761299942316692,0.030038020605198872,0.47147487999218152
-0.68189288318585994,0.087878684348832975,0.52941653334288796
-0.71164876307397618,0.030806060509978441,0.51888168727912309
-0.71606752212100433,-0.0024747209126999531,0.48152350239146491
-0.70311598698316302,0.057124974990900731,0.47617504208216893
-0.68831423253991575,0.095810302024019356,0.43411669510452328
-0.70152697510910855,0.055093148169632886,0.44254457195553515
-0.71236708351019251,0.12166307381883092,0.45210697069033701
-0.70601103601397464,0.025170868769596785,0.49886547975797002
-0.71669877341343691,0.054618140911450411,0.40956240004820993
-0.71798304328424811,0.088565103288122018,0.38225283755983502
-0.6937995885982956,0.050596970312428241,0.43987034180088713
-0.70215822640154113,0.13259442923187029,0.43476499332383189
-0.7136948879528956,0.15740285408298771,0.40729335628062985
-0.6972170524918101,0.057580580544171533,0.49902755431279716
-0.72588456808262858,0.037059263454227762,0.48063209233991555
-0.68463556121504987,0.097475169012733551,0.51361426424724077
-0.70028623981018923,0.11205421220524532,0.47204214093407654
-0.70405198027883897,0.074781864509142759,0.38395462038552014
-0.69434377074694442,0.15705078004127146,0.40445705157115469
-0.71110458092532736,0.080902098872316336,0.39967585220375373
-0.7042261185664066,0.10666689397071805,0.44278768378777583
-0.71715588641830197,0.091941167198830914,0.47714748941113183
-0.69297243173234946,0.14175153218195208,0.41880064967335756
-0.69599808447883671,0.049806518093354166,0.45883306471566376
-0.72166171460911399,0.086551005610997628,0.48970826741023599
-0.70783948803343455,0.12072041856984625,0.43873581991709709
-0.71928908044100526,0.095360717689514249,0.41523500946716024
-0.71480501953613917,0.061732879907424383,0.43111831584022098
-0.70359486727397391,0.07958579354770505,0.45875202743825022
-0.70006856695072972,0.13851696691223694,0.44294975834260303
-0.71798304328424811,0.035883118721995656,0.47252836459855801
-0.7173300247058696,0.11103010324684696,0.41912479878301184
-0.70450909328370392,0.00021241521756752094,0.38833063336585322
-0.70453086056964986,0.071227338364461795,0.47714748941113183
-0.70727353859883979,0.10627852536033082,0.46685575517960776
-0.71064746792046229,0.019894441314004325,0.39189627357205054
-0.69599808447883671,0.095711620938692718,0.5029983809060623
-0.68322068762856303,0.052024333672051191,0.51645056895671582
-0.70091749110262191,0.027798628992591435,0.45429497718050355
-0.72205352575614112,0.10021214745389481,0.45834684105118234
-0.70048214538370279,-0.0051782481384962421,0.42601296736316574
-0.72875784982749425,0.051495637213207962,0.4228525135440363
-0.72063865216965428,0.1123445687546132,0.43192868861435674
-0.69641166291180989,0.076752642862369505,0.42552674369868432
-0.70853604118370506,0.057019101894270632,0.45931928838014524
-0.71756946485127504,0.072597834657964308,0.44319287017484371
-0.70723000402694791,0.13910453751012253,0.46272285403151542
-0.71454381210478768,0.097348723418653998,0.52633711680117201
-0.69824011493126981,0.11056345879250576,0.30591572223624702
-0.71719942099019385,0.13177002402920077,0.45307941801929991
-0.70004679966478378,0.049730918346629349,0.40551053617753119
-0.70167934611073013,-0.0092542787307169794,0.39886547942961798
-0.68907608754802407,0.084213769193447682,0.47431118470165667
-0.68494030321829324,0.090348053067074552,0.51231766780862353
-0.68665991880802346,0.09486597421426643,0.39294975817842698
-0.7127371273712737,0.07380876865417596,0.56239870525021307
-0.71267182551343589,0.13594239412167256,0.43938411813640571
-0.69020798641721359,0.0086394453923089483,0.43646677614951696
-0.71584984926154482,0.055068227014186004,0.41142625742872219
-0.71349898237938203,0.026534507563949501,0.43679092525917129
-0.72612400822803413,0.10967817237787202,0.51580227073740725
-0.71983326258965397,0.11028464291243878,0.48517017987507577
-0.69532329861451225,0.11015317963605448,0.43784440986554773
-0.68931552769342952,0.16706724471407913,0.47560778114027386
-0.70126576767775706,0.080826499125591547,0.41709886684767244
-0.71624166040857196,0.089097981148885896,0.49773095787417998
-0.70241943383289251,0.099345760975942263,0.4239059981504128
-0.70261533940640608,0.052610064453091694,0.4649918977990955
-0.70746944417235336,0.073397987729494227,0.47179902910183585
-0.69830541678910762,0.069735414159184439,0.4571312818899787
-0.69166639457559231,0.073780167865038951,0.47901134679164403
-0.7195285205864107,0.086146078649004754,0.45364667896119493
-0.6934730793091064,0.12405968614365365,0.44773095771000393
-0.71145285750046261,0.14865536126504991,0.38541329137896446
-0.7043349549961363,0.055944983368901677,0.43168557678211605
-0.70522741371992037,0.061534681456386964,0.44457050389087449
-0.71119165006911111,0.10224999549392835,0.44789303226483113
-0.72033391016641091,0.12334918232930188,0.45696920733515156
-0.72468736735560124,0.078337728702438311,0.45672609550291082
-0.69345131202316035,0.099355461828398106,0.51434359974396293
-0.67655989812910178,0.08947263476097346,0.38168557661794
-0.6689195807620727,0.077000349112147093,0.51596434529223445
-0.6905344957064028,0.042441564006450286,0.45008103875499761
-0.69338601016532253,0.099094207836397732,0.43776337258813419
-0.69430023617505254,0.071586604417481506,0.40786061722252487
-0.69051272842045686,0.0073728151225146621,0.38954619252705686
-0.71302010208857114,0.071715726108790234,0.44983792692275693
-0.7039649111350551,0.093554017547652607,0.43833063353002921
-0.70553215572316363,0.038828330978803824,0.5286061605687522
-0.69029505556099735,0.06331177727265061,0.47698541485630463
-0.71815718157181574,0.041427992180891916,0.33711507404047358
-0.69817481307343199,0.050203918531889921,0.46442463685720048
-0.70827483375235356,0.078835315530992114,0.44789303226483113
-0.68559332179667176,0.070748316960435514,0.40794165449993847
-0.68757414481775336,0.10045533778959809,0.51653160623412941
-0.71230178165235469,0.09188011873078987,0.47155591726959512
-0.69295066444640352,0.13305622325998359,0.36482982291591637
-0.70718646945505603,0.063364630192927276,0.44546191394242385
-0.7001121015226216,0.086018796774541065,0.46458671141202762
-0.70252827026262232,0.05005840574505234,0.40153970958426599
-0.69147048900207875,0.08476972839281334,0.52876823512357929
-0.71469618310640937,0.080893401556321451,0.52617504224634493
-0.70953733633721883,0.073073343684377262,0.43395462054969614
-0.69493148746748512,0.079636304882906142,0.54311183322578216
-0.70032977438208122,0.071621728193614703,0.50364667912537098
-0.70278947769397371,0.0092114611750498294,0.4640194504701326
-0.67614631969612871,0.16653503587762261,0.40251215691322889
-0.71158346121613825,0.091068926758189492,0.4317666140595296
-0.69715175063397217,0.11922749082810793,0.42666126558247436
-0.71136578835667874,0.07789516912315983,0.50397082823502526
-0.68733470467234792,0.088152315290518396,0.52098865649187609
-0.69216704215234925,0.040723342329228959,0.52390599847876484
-0.70109162939018943,0.096161707041428277,0.45194489613550987
-0.72059511759776229,0.1083528352251122,0.36896272406400871
-0.72087809231505973,0.034450068655760648,0.4209076188861105
-0.73498329360803649,0.072316509936744947,0.41531604674457379
-0.701766415254514,0.049744633344928964,0.52260940204014761
-0.70975500919667833,0.081981904104297357,0.50494327556398821
-0.70500974086046087,0.086453997086439222,0.40980551188045067
-0.70366016913181184,0.053337795643356466,0.44764992043259039
-0.69763063092478317,0.19264738910366622,0.47098865632770009
-0.68996854627180815,0.052524596597834212,0.47974068228836625
-0.70792655717721831,0.14110324762817905,0.52398703575617833
-0.69225411129613301,0.11955497822653095,0.45113452336137411
-0.7096897073388404,0.097413953288615671,0.46831442617305208
-0.7057280612966772,0.056871080266280676,0.4650729350765091
-0.70146167325127062,0.1029078136440803,0.42990275667901739
-0.67747412413883179,0.099130000636838272,0.5091572139894941
-0.7043349549961363,0.097413953288615657,0.51239870508603713
-0.67851895386423744,0.082474975018776875,0.48225283788818707
-0.72196645661235725,0.092205766312367765,0.48298217338490923
-0.69961145394586477,0.075923721745625741,0.53873582024544908
-0.68929376040748358,0.14599147372946111,0.46815235161822494
-0.6804780095993731,0.081551052450396636,0.48970826741023599
-0.69197113657883569,0.086487448301804215,0.51701782989861089
-0.70054744724154072,0.079628945615525859,0.46491086052168196
-0.71491385596586887,0.063347737329167944,0.42625607919540648
-0.69484441832370136,0.061910338604935486,0.39011345346895188
-0.71445674296100392,0.016636125681380166,0.41134522015130859
-0.70337719441451441,0.0833256394255079,0.57730956429431102
-0.71682937712911265,0.098473855047454525,0.49497569044211842
-0.69036035741883528,0.1160193520185312,0.51531604707292578
-0.7069034947377586,0.081493850872122534,0.4249594827567893
-0.6983489513609995,0.078219645912199973,0.45388979079343567
-0.69525799675667443,0.1037210126896026,0.48679092542334729
-0.7030506851253252,0.16647599448250339,0.4690437616697743
-0.68232822890477896,0.11680160868984084,0.45105348608396056
-0.68946789869505121,0.026537852685486002,0.45931928838014524
-0.73265419401181964,0.030710390034034616,0.4356564033753812
-0.69506209118316087,0.17115849560929089,0.49440842950022335
-0.7037472382755956,0.087885040079752355,0.39773095754582793
-0.69961145394586477,0.13527504237514157,0.44035656546536861
-0.72510094578857431,0.10223393891055314,0.39408428006221707
-0.69445260717667423,0.066658236857761496,0.47649919119182321
-0.72192292204046538,0.075949311925379959,0.40502431251304971
-0.70755651331613723,0.10285897486964748,0.51045381042811133
-0.6974347253512696,0.088448860314728803,0.43946515541381925
-0.69118751428478142,0.034865198238439851,0.40964343732562353
-0.69699937963235059,0.072798207438000445,0.42471637092454856
-0.69982912680532428,0.10044630596144953,0.5384927084132084
-0.6955627387599177,0.090831757641251912,0.4307131294531531
-0.70320305612694678,0.044758729694781285,0.45470016356757142
-0.71576278011776107,0.034221596854817966,0.43006483123384454
-0.70520564643397443,0.058389765443849995,0.52747163868496216
-0.70511857729019056,0.13658900611467731,0.50162074719003158
-0.71145285750046261,0.082342508205931642,0.49254457211971114
-0.70651168359073147,0.11443761129999892,0.49902755431279716
-0.70163581153883825,0.03856289558488285,0.51085899681517921
-0.71402139724208491,0.077976455576496698,0.5286871978461658
-0.71071276977830022,0.039116011430942503,0.44651539854880035
-0.72462206549776342,0.10740265345267042,0.52106969376928969
-0.70834013561019149,0.032013649384653578,0.39675851021686503
-0.7108651407799218,0.077972775942806549,0.48638573903627941
-0.70577159586856908,0.10503631447775293,0.44967585236792978
-0.69401726145775511,0.10003820113399702,0.42698541469212864
-0.70668582187829909,0.10802936197253298,0.47017828355356434
-0.70527094829181225,0.074548040513741629,0.41231766748027149
-0.71265005822748995,0.13519409043395836,0.43987034180088713
-0.70133106953559499,0.085482406536163888,0.45664505822549722
-0.71506622696749056,0.055427994835436173,0.53330632265873956
-0.7163722641242477,0.060273068868897391,0.43930308085899211
-0.71106104635343537,0.099029981502897033,0.41320907753182085
-0.70477030071505531,0.058589301943501995,0.421961103492487
-0.71306363666046302,0.054510427997975223,0.4611021084832439
-0.70307245241127114,0.046976378017401482,0.44797406954224467
-0.69501855661126888,0.098199387825384982,0.49294975850677902
-0.7193108477269512,0.090633391934137691,0.54100486401302916
-0.71844015628911306,0.040969041506084637,0.52795786234944353
-0.69436553803289036,0.10352682838440901,0.47447325925648381
-0.71352074966532797,0.13456688014586532,0.44570502577466459
-0.68809655968045624,0.073184903487619399,0.44700162221328177
-0.71730825741992355,0.076145670559572262,0.56207455614055879
-0.69351661388099828,0.12326471801050531,0.46961102261166932
-0.68948966598099715,0.093839523670792541,0.42017828338938834
-0.70463969699937967,0.11788626434804976,0.46936791077942858
-0.70744767688640742,0.14256707281254985,0.48322528521714997
-0.71793950871235623,0.097121087898095385,0.49854133064831568
-0.71295480023073321,0.080973015448890059,0.45737439372221944
-0.70601103601397464,0.12223007191926702,0.51799027722757385
-0.71624166040857196,0.06146727725742656,0.42131280527317838
-0.72103046331668141,0.029896354708128271,0.51758509084050597
-0.71900610572370782,0.050988516788275137,0.54319287050319576
-0.70248473569073044,0.12610974387729543,0.49683954782263062
-0.71796127599830217,0.099235371965237892,0.35405186501991082
-0.71454381210478768,0.12934497817131782,0.5424635350064736
-0.71042979506100279,-0.01110413094039943,0.42244732715696842
-0.69865369336424288,0.094234749780329599,0.43938411813640571
-0.68957673512478102,0.018707257680701844,0.44059967729760929
-0.71471795039235531,0.0069499917603015058,0.39335494456549486
-0.72773478738803454,0.072738497018573989,0.45194489613550987
-0.70524918100586631,0.062531527674262843,0.44327390745225731
-0.69787007107018861,0.11239608362627523,0.50202593357709946
-0.71654640241181533,0.12706879022180892,0.4298217194016038
-0.70152697510910855,0.11699412043426623,0.49781199515159352
-0.71469618310640937,0.021368134606907806,0.41912479878301184
-0.71265005822748995,0.042702817998450639,0.40802269177735201
-0.71186643593343568,0.089126414681946126,0.44189627373622653
-0.71204057422100331,0.073433780529934725,0.41547812129940093
-0.6987189952220807,0.069932776329837701,0.44578606305207813
-0.70085218924478399,0.012768997929113615,0.46280389130892896
-0.70409551485073085,0.10019625812659645,0.50818476666053114
-0.71537096897073393,0.1060343314881666,0.4287682347952273
-0.704922671716677,0.1493372642902647,0.45089141152913337
-0.71099574449559755,0.062402907751184573,0.47398703559200239
-0.71436967381722005,0.020302880653610585,0.40559157345494473
-0.70106986210424349,0.10160070740369442,0.54805510714801031
-0.71042979506100279,0.10402742582234563,0.51807131450498733
-0.69234118043991688,0.059356171055743763,0.42893030935005444
-0.70407374756478491,0.03030228520658209,0.43719611164623917
-0.70607633787181245,0.11261351652614748,0.46628849423771274
-0.69554097147397176,0.073013466008873984,0.51807131450498733
-0.70794832446316436,0.026026049090402056,0.51426256246654933
-0.72668995766262878,0.091588256876730556,0.35575364784559588
-0.69142695443018687,0.068328957809164564,0.47803889946268113
-0.6991978755128917,0.103696760558463,0.46458671141202762
-0.71534920168478788,0.092245071490421618,0.47147487999218152
-0.71870136372046456,0.049648962868985173,0.51329011513758638
-0.71491385596586887,0.08222108029415684,0.4288492720726409
-0.7023541319750547,0.094795392149846364,0.47439222197907027
-0.7048138352869473,0.083946828494835243,0.47552674386286031
-0.71593691840532858,0.096178599905187581,0.46175040670255252
-0.71175759950370587,0.01608903105408618,0.44303079562001657
-0.68798772325072644,0.058684470651215306,0.44659643582621389
-0.71730825741992355,0.079408502106270762,0.37820097368915628
-0.72736474352695335,0.1493543244101008,0.52747163868496216
-0.67679933827450722,0.075075566180047112,0.43970826724605999
-0.71569747825992314,0.053536161350470707,0.45680713278032437
-0.69837071864694555,0.070669372092174221,0.46045381026393528
-0.70648991630478553,0.13324355006602742,0.54400324327733152
-0.70204938997181132,0.079089377511689013,0.48541329170731651
-0.70477030071505531,0.094579297298588702,0.4521880079677506
-0.71408669909992273,0.07834542248197221,0.5033225300157167
-0.70975500919667833,0.0050755529073258209,0.45583468545136147
-0.70655521816262334,0.098847003354850665,0.45089141152913337
-0.69247178415559252,0.059341118008829533,0.46782820250857066
-0.71802657785613999,0.086180366144753828,0.48954619285540885
-0.68755237753180742,0.13088256328556833,0.49213938573264326
-0.69649873205559365,0.075086605081117558,0.3984602930425501
-0.70847073932586713,0.057822098319106563,0.49805510698383426
-0.72492680750100669,0.094787865626389245,0.31539708369363534
-0.69332070830748471,0.0907865985005092,0.43549432882055406
-0.69887136622370238,0.082112029332067057,0.44043760274278215
-0.71580631468965294,0.0056860375877364052,0.46969205988908286
-0.69989442866316209,0.10927257639157183,0.36418152469660775
-0.70318128884100084,0.10507160550996295,0.4120745556480308
-0.72105223060262735,0.04885633632091238,0.43517017971089977
-0.70583689772640701,0.09948642333655193,0.42431118453748068
-0.71243238536803044,0.089391515563713456,0.43435980693676401
-0.70921082704802951,0.10016163611869372,0.43184765133694319
-0.71524036525505819,0.109154995369564,0.48257698699784135
-0.70265887397829807,0.10591992833161845,0.39724473388134651
-0.71047332963289467,0.092696997410002271,0.46158833214772532
-0.69275475887288995,0.071124308621137708,0.43063209217573956
-0.69059979756424072,0.096215061729935408,0.52285251387238829
-0.70705586573938028,0.056518504456333954,0.46142625759289818
-0.70278947769397371,0.12037419849081887,0.38055105473414996
-0.6978047692123508,0.11157786689844824,0.53095624161374588
-0.70004679966478378,0.072024480826608853,0.43225283772401107
-0.69630282648208008,0.11161533225965697,0.54092382673561568
-0.7030506851253252,0.084880117403517738,0.40826580360959275
-0.71619812583668008,0.073650544405499702,0.3465964354978619
-0.70792655717721831,0.034887108784503899,0.48889789463610023
-0.71719942099019385,0.13132177774331025,0.47820097401750827
-0.7024629684047845,0.085629424627692893,0.45307941801929991
-0.69495325475343106,0.07037567042126984,0.47836304857233547
-0.70966794005289446,0.099092368019552679,0.51612641984706153
-0.69869722793613476,0.1472223111988149,0.43460291876900475
-0.71582808197559888,0.08593516873612865,0.45405186534826281
-0.7258410335107367,0.071730444643550828,0.47066450721804576
-0.70862311032748881,0.085864586671708584,0.41620745679612314
-0.6963681283399179,0.10235603584663529,0.534359807265116
-0.71676407527127484,0.017729144143430305,0.45105348608396056
-0.72355546848641172,0.1343989550447332,0.4209076188861105
-0.72479620378533105,0.069508614919009976,0.49651539871297634
-0.71282419651505757,0.079840190040555578,0.48630470175886581
-0.7131071712323549,0.10088050273688677,0.43022690578867168
-0.69617222276640434,0.061179262293134223,0.45429497718050355
-0.6932118718777549,0.15770341325304191,0.47860616040457615
-0.70009033423667566,0.060432463910111409,0.52358184936911045
-0.71160522850208419,0.11381474966990331,0.47674230302406395
-0.6858762965139692,0.10619640262660983,0.36709886668349645
-0.7000032650928919,0.056192020594371908,0.44700162221328177
-0.69730412163559385,0.05190792344258114,0.42763371291143726
-0.69399549417180917,0.06140104385100395,0.42609400464057934
-0.685027372362077,0.099941025353361787,0.47909238406905763
-0.69275475887288995,0.10998910142468932,0.47495948292096529
-0.70309421969721708,0.060342814652933334,0.43954619269123285
-0.70228883011721688,0.1099059751545074,0.54805510714801031
-0.70294184869559539,0.040266064215189919,0.45867099016083662
-0.70472676614316343,0.098669377401262706,0.4620745558122068
-0.71036449320316497,0.12840131938587218,0.48630470175886581
-0.698610158792351,0.032715790395164167,0.55364667928954692
-0.7169599808447884,0.084148539323485982,0.49975688980951932
-0.70261533940640608,0.067293809949695804,0.45153970974844199
-0.70292008140964946,0.092788653740102242,0.48395462071387213
-0.71761299942316692,0.015360463583437284,0.45696920733515156
-0.70002503237883784,0.083752811445718472,0.42463533364713496
-0.70078688738694617,0.10712952427921546,0.45794165466411446
-0.70276771040802777,0.040007988088649228,0.46069692209617602
-0.71513152882532838,0.11078774919152783,0.42471637092454856
-0.71534920168478788,0.096014521693822436,0.45745543099963298
-0.68864074182910506,0.073583976486923428,0.4631280404185833
-0.69227587858207895,0.076282653286491781,0.52811993690427073
-0.70670758916424503,0.05663825980734051,0.46482982324426836
-0.70607633787181245,0.10745433558040927,0.45259319435481848
-0.7143914411031661,-0.016871622237549493,0.41507293491233305
-0.71288949837289539,0.073415047849330339,0.50064829986106862
-0.70842720475397525,0.099876464507707416,0.40591572256459907
-0.70777418617559673,0.065392108356197673,0.50145867263520438
-0.70949380176532684,0.062146336929335327,0.45680713278032437
-0.69582394619126919,0.045608390565051331,0.43824959625261561
-0.71820071614370762,-0.0051014775992336654,0.4269043774147151
-0.69345131202316035,0.082622494878536401,0.45672609550291082
-0.70174464796856806,0.093051078524640368,0.44935170325827545
-0.70559745758100156,0.10219112135488602,0.44173419918139939
-0.69939378108640526,0.068252187269901968,0.44068071457502289
-0.69155755814586262,0.11342504301090148,0.50607779744777825
-0.69898020265343219,0.13077367957955535,0.44465154116828809
-0.67721291670748029,0.11442757593538942,0.47998379412060693
-0.7125194545118142,0.049842310893794664,0.427876824743678
-0.70239766654694658,0.090484534025763591,0.41636953135095028
-0.71661170426965315,0.066377915673003107,0.3826580239469029
-0.7264287502312774,0.12050599627935683,0.48322528521714997
-0.71608928940695027,0.13043598956044608,0.47115073088252724
-0.71123518464100299,0.063024598588742417,0.44854133048413969
-0.73113048399560299,0.08053263019861033,0.48816855913937807
-0.70701233116748841,0.097758500806874787,0.43865478263968349
-0.70742590960046148,0.054654435480121409,0.47236629004373087
-0.71186643593343568,0.12188351732808599,0.51888168727912309
-0.69730412163559385,0.031878004706348655,0.51952998549843177
-0.7101685876296514,0.10559779312765383,0.51523500979551229
-0.70215822640154113,0.01696076972649712,0.4581037292189416
-0.69937201380045932,0.116782374241006,0.51742301628567877
-0.69560627333180958,0.050931816978231507,0.49181523662298898
-0.70376900556154154,0.12446561664210751,0.43014586851125808
-0.70159227696694637,0.079214652313230813,0.48622366448145227
-0.69678170677289097,0.069295196164981532,0.39837925576513655
-0.69534506590045819,0.11593957086988574,0.39708265932651932
-0.71639403141019364,0.047994800269187766,0.40388979062925967
-0.71793950871235623,0.11874294997354649,0.48217180061077347
-0.69880606436586457,0.075303201700605699,0.52439222214324621
-0.70590219958424483,0.053191781088288405,0.46061588481876242
-0.69356014845289016,0.095695229843163865,0.48273906155266849
-0.69086100499559211,0.017946242531148928,0.44659643582621389
-0.70043861081181091,0.054760810344981974,0.43346839688521466
-0.71761299942316692,0.026652255842034157,0.43768233531072059
-0.71297656751667915,0.10756505910326729,0.46458671141202762
-0.7074912114582993,0.082375123140912471,0.49967585253210578
-0.71247591993992232,0.06577612830858745,0.44327390745225731
-0.72703823423776404,0.12369858027378888,0.46531604690874978
-0.69421316703126867,0.060269891003437728,0.48460291893318075
-0.70892785233073219,0.088954977203200669,0.48573744081697079
-0.69682524134478296,0.14235081070521535,0.46750405339891632
-0.72235826775938439,0.16322637616587407,0.4581037292189416
-0.6848096995026175,0.097837780187289752,0.47374392375976165
-0.72113929974641111,0.10168450269818366,0.40421393973891395
-0.70622870887343414,0.049285348157968041,0.49781199515159352
-0.71463088124857155,0.059739856495979876,0.48930308102316811
-0.701287534963703,0.014146686233919613,0.50664505838967322
-0.70945026719343496,0.050316983639823495,0.48014586867543407
-0.70130930224964905,0.091198884729882385,0.40648298350649409
-0.68855367268532119,0.068672669047039586,0.46288492858634256
-0.71491385596586887,0.092481906095205527,0.38387358310810654
-0.70209292454370331,0.12667072075896582,0.52617504224634493
-0.69958968665991883,0.12435790372863227,0.48711507453300157
-0.71641579869613958,0.047382141259778479,0.43784440986554773
-0.70699056388154247,0.010790358540276081,0.46166936942513892
-0.69447437446262017,0.053342311557430751,0.43128039039504817
-0.70914552519019169,-0.011497182720937743,0.4620745558122068
-0.70914552519019169,0.12575449197011951,0.40502431251304971
-0.71336837866370628,0.094422411098527045,0.4600486238768674
-0.69190583472099776,0.075241316952180518,0.52244732748532041
-0.7087754813291105,0.13141309956125666,0.40478120068080903
-0.71228001436640875,0.079515545995438641,0.45235008252257775
-0.71045156234694873,0.091322152458502268,0.46758509067632992
-0.71099574449559755,0.01845520277292681,0.41515397218974665
-0.70614163972965027,0.11772787284329665,0.53476499365218388
-0.6967381722009991,0.021916901794970019,0.47868719768198975
-0.71645933326803146,-0.0051779136263426055,0.41515397218974665
-0.70744767688640742,0.018461056735615718,0.45040518786465195
-0.71415200095776055,0.029379867942893233,0.49376013128091478
-0.70807892817883999,0.10080122335647181,0.34213938524011522
-0.71796127599830217,0.069982953152885163,0.46645056879253988
-0.70551038843721769,0.0075514446125635451,0.44951377781310259
-0.70487913714478512,0.07603511429279107,0.41418152486078375
-0.70052567995559478,0.10710359958730763,0.45737439372221944
-0.68800949053667249,0.11224772748613161,0.43184765133694319
-0.69908903908316189,0.045703392016687806,0.53500810548442468
-0.67764826242639942,0.107181540919108,0.46944894805684217
-0.69092630685342993,0.05673292674682337,0.41855753784111682
-0.68855367268532119,0.10171143092655245,0.46288492858634256
-0.69710821606208029,0.10611762501442534,0.46880064983753356
-0.71809187971397781,0.058895547820168204,0.44141005007174505
-0.69898020265343219,0.058074320482958373,0.41102107104165431
-0.71271536008532776,0.067121703446643075,0.44918962870344831
-0.72009447002100546,0.11031307644549901,0.54797406987059671
-0.71724295556208573,0.084298902536551493,0.42244732715696842
-0.69678170677289097,0.022091851651328771,0.46045381026393528
-0.71130048649884092,0.050845178330436253,0.48427876982352647
-0.71171406493181399,0.06363157089153966,0.49967585253210578
-0.68809655968045624,0.045702221224150033,0.49943274069986504
-0.72055158302587041,-0.00064125979854632784,0.49554295138401344
-0.70564099215289344,0.071196061478095554,0.5384116711357948
-0.71876666557830238,0.043096204291142602,0.4267423028598879
-0.70646814901883959,0.04656894221425624,0.44376013111673873
-0.68870604368694288,-0.0002875131960618454,0.50291734362864882
-0.71447851024694986,0.10910933446059082,0.46482982324426836
-0.70061274909937854,0.048422641313705647,0.43103727856280744
-0.71635049683830176,0.091286025145908112,0.38444084405000156
-0.71587161654749076,0.16201995808373673,0.42795786202109154
-0.70594573415613671,0.12883300732015704,0.48354943432680425
-0.69852308964856713,0.075504410761025945,0.41855753784111682
-0.70437848956802818,0.053774835772099697,0.47690437757889109
-0.70037330895397309,0.090098172488298267,0.53346839721356665
-0.70440025685397412,0.11703944683108572,0.46539708418616338
-0.67638575984153415,0.059924005436564017,0.43314424777556038
-0.7005909818134326,0.10975745175828698,0.50478120100916102
-0.71752593027938316,0.074558410390504787,0.44578606305207813
-0.68918492397775388,0.10514369287907448,0.42860616024040016
-0.71297656751667915,0.096097647964004398,0.43784440986554773
-0.70424788585235254,0.1177760425934222,0.46150729487031178
-0.71158346121613825,0.071169467761880406,0.48978930468764958
-0.69773946735451287,0.0611324305916233,0.45988654932204026
-0.69830541678910762,0.097364278233798701,0.48395462071387213
-0.69599808447883671,0.079515211483284984,0.46815235161822494
-0.72608047365614214,0.1207930077071882,0.50097244897072302
-0.7102774240593811,0.09664072844545453,0.46337115225082398
-0.69295066444640352,0.11572715565231824,0.49789303242900712
-0.71702528270262622,0.13338722303601988,0.39789303210065508
-0.71443497567505798,0.012726514885600136,0.44376013111673873
-0.71012505305775953,0.045738348536744203,0.35510534962628731
-0.70154874239505449,0.11075128736678,0.40956240004820993
-0.71698174813073434,0.14781255789392966,0.43484603060124549
-0.70080865467289211,0.076641584827357848,0.49578606321625412
-0.70958087090911071,0.069873065910411258,0.53273906171684449
-0.69693407777451266,0.077096521356321349,0.4649918977990955
-0.73169643343019775,0.076951677593791068,0.43606158976244908
-0.72235826775938439,0.025036562139906446,0.48833063369420521
-0.69164462728964637,0.067772831353722085,0.46636953151512628
-0.6884448362555915,0.086102759325107109,0.41547812129940093
-0.69305950087613322,0.085252094918376126,0.42244732715696842
-0.70157050968100043,0.060001779512287551,0.49092382657143963
-0.70868841218532663,0.084333022776223773,0.39400324278480348
-0.69750002720910742,0.11426968619886681,0.43354943416262826
-0.69458321089234987,0.11974983155603185,0.45891410199307736
-0.72383844320370916,0.066260000138841618,0.37471637076037256
-0.70379077284748748,0.074728677076712449,0.52504052036255489
-0.71476148496424718,0.13270899964449528,0.3544570514069787
-0.7143914411031661,0.080857441499804117,0.41223663020285795
-0.68909785483397001,0.098295058301328772,0.42220421532472768
-0.71103927906748943,0.13591195351569049,0.49246353484229755
-0.70705586573938028,0.084151382676792022,0.42520259458902998
-0.70352956541613609,0.046335285474931966,0.48371150888163139
-0.69889313350964832,0.056973106473143818,0.42706645196954224
-0.71212764336478707,0.039704752821365846,0.34708265916234332
-0.69571510976153939,0.025586165608352786,0.44611021216173247
-0.71924554586911327,-0.0012689718548698741,0.43768233531072059
-0.71153992664424637,0.037394444632184685,0.47739060124337251
-0.71286773108694945,0.077599125867179888,0.46288492858634256
-0.73021625798587309,0.14555025219879725,0.50777958027346326
-0.69430023617505254,0.0082264901386284936,0.47779578763044039
-0.70485736985883918,0.076982954480157281,0.4728525137082123
-0.70383430741937947,0.14105474336589985,0.47325770009528018
-0.69906727179721595,0.044533101247144595,0.45437601445791714
-0.72198822389830319,0.00033317410503502868,0.48760129819748305
-0.6940607960296471,0.039529635708930283,0.4972447342096985
-0.69488795289559324,0.049238850968610748,0.50291734362864882
-0.70925436161992139,0.10874555249349682,0.40494327523563617
-0.7133248440918144,0.060037739568804885,0.51726094173085158
-0.70507504271829868,0.052427420817199005,0.54084278945820208
-0.70934143076370526,0.10032236920852235,0.40178282141650673
-0.72534038593397987,0.071554156738577485,0.51839546361464173
-0.70868841218532663,0.08472824888576079,0.50567261106071038
-0.72279361347830351,0.092574733217843319,0.49384116855832833
-0.69088277228153805,0.09206527120783492,0.40559157345494473
-0.69514916032694463,0.072577262160514855,0.45194489613550987
-0.70446555871181205,0.091553467612751002,0.44035656546536861
-0.68694289352532079,0.11318921194257847,0.45380875351602212
-0.68448319021342829,0.087294291616407088,0.56312804074693523
-0.68724763552856416,0.06792520163970947,0.4581847664963552
-0.71759123213722098,0.066715103923881955,0.48273906155266849
-0.69194936929288975,0.064823437694993297,0.41491086035750591
-0.70592396687019077,0.044238061527625633,0.54489465332888087
-0.71245415265397638,0.092641468392496429,0.40194489597133387
-0.70548862115127176,0.033734881671257738,0.47682334030147749
-0.71304186937451708,0.088516431769766007,0.45996758659945386
-0.70163581153883825,0.074131238370294214,0.44335494472967091
-0.70189701897018975,0.083886281795024678,0.54967585269628172
-0.69628105919613414,0.064474876030890374,0.5110210713700063
-0.7127371273712737,0.050188865484975663,0.50664505838967322
-0.69954615208802695,0.030203102353024983,0.40826580360959275
-0.68045624231342716,0.13798626338047182,0.45072933697430623
-0.71360781880911184,0.031293946486076404,0.48679092542334729
-0.71097397720965161,0.099172483680351767,0.4952188022743591
-0.70962440548100258,0.096831567629111645,0.43857374536226995
-0.72409965063506054,0.069940135597218026,0.419854134279734
-0.69969852308964853,0.099417681088976945,0.45559157361912078
-0.71817894885776168,0.09347774877662049,0.44975688964534333
-0.70914552519019169,0.067892419448651806,0.46920583622460144
-0.6960416190507287,0.11139304893355681,0.38403565766293368
-0.70387784199127135,0.1479308079402448,0.43290113594331964
-0.70196232082802756,0.0092111266628961668,0.45478120084498502
-0.70078688738694617,0.095800935683717156,0.45875202743825022
-0.69295066444640352,0.10148964936868274,0.5011345235255501
-0.71358605152316579,0.095063838153150199,0.47147487999218152
-0.69634636105397196,0.055139310846836521,0.49489465316470482
-0.70111339667613548,0.039516589734937914,0.42755267563402366
-0.70675112373613691,0.10082162859784442,0.50040518802882794
-0.68981617527018646,0.16299807162100818,0.40056726225530309
-0.70320305612694678,0.099188038495496469,0.38930308069481612
-0.70398667842100104,0.09304154492826136,0.44222042284588081
-0.71069100249235428,0.052346468876015809,0.48792544730713733
-0.71685114441505859,0.073734506956065746,0.53217180077494952
-0.68622457308910434,0.074650066720604757,0.48565640353955725
-0.69504032389721493,0.058477073115952537,0.48087520417215629
-0.72995505055452159,0.056544596404318623,0.43589951520762193
-0.70150520782316261,0.075913853637093076,0.47828201129492187
-0.70204938997181132,0.11291457746443215,0.47706645213371823
-0.70435672228208224,0.074235606162232917,0.51588330801482085
-0.6873782392442398,0.054439678677478343,0.43225283772401107
-0.71208410879289519,0.083757494615869579,0.44773095771000393
-0.72455676363992561,0.11780079649279228,0.45445705173533069
-0.70163581153883825,0.083289344856836908,0.39627228655238361
-0.70318128884100084,0.12631881397332639,0.46855753800529282
-0.73330721259019815,0.082185622005869971,0.44019449091054141
-0.71885373472208614,0.092839165075303334,0.44797406954224467
-0.69623752462424227,0.060885560622229856,0.38946515524964326
-0.69168816186153825,0.087806095211491034,0.55397082839920131
-0.70274594312208183,0.048565812515467689,0.49165316206816179
-0.71476148496424718,0.082256204070290009,0.40794165449993847
-0.71454381210478768,0.024345125518312683,0.46361426408306472
-0.69828364950316169,0.13758518330824593,0.52690437774306709
-0.70949380176532684,0.11263191469459821,0.48079416689474269
-0.70714293488316404,0.074899612787227399,0.40575364800977193
-0.68332952405829284,0.083597597806425047,0.47074554449545936
-0.70050391266964873,0.070000682297028591,0.4561588345610158
-0.667852983750721,0.074738712441321936,0.46823338889563854
-0.69593278262099889,0.086238404003412053,0.4337115087174554
-0.68513620879180681,0.099784808177607431,0.5071312820541547
-0.69728235434964791,0.047504907220167904,0.43444084421417761
-0.6916010927177545,0.045211993662976485,0.49165316206816179
-0.71817894885776168,0.058795194174073327,0.50794165482829046
-0.69752179449505336,0.05303924354622417,0.43598055248503553
-0.71743886113559929,0.097359427807570786,0.46880064983753356
-0.72357723577235777,0.14787410813020119,0.48970826741023599
-0.71214941065073301,0.054694075170328885,0.43411669510452328
-0.71343368052154421,0.078157092139467504,0.51758509084050597
-0.7143914411031661,0.037126667653188172,0.460129661154281
-0.71909317486749169,0.17847143305630225,0.43711507436882557
-0.72155287817938418,0.057775935641902906,0.42925445845970878
-0.69227587858207895,0.029662865224880819,0.50850891577018553
-0.7193108477269512,0.063407949516824894,0.4218800662150734
-0.71752593027938316,0.11854976920481382,0.41961102244749332
-0.69660756848532346,0.1061989114677622,0.44870340503896683
-0.68648578052045583,0.012972883086763072,0.45348460440636779
-0.69841425321883743,0.061169226928524736,0.44813614409707181
-0.70048214538370279,0.10815697835915031,0.38549432865637806
-0.70596750144208265,0.12267681290046609,0.45210697069033701
-0.7099509147701919,0.020152015672314581,0.44943274053568905
-0.71056039877667854,0.038492313520462763,0.47990275684319339
-0.71693821355884246,0.098200391361845968,0.51620745712447513
-0.68426551735396868,0.11640755337284156,0.43711507436882557
-0.7050315081464068,0.12819609617960817,0.4307941667305667
-0.73911907793776732,0.078704354022838291,0.47123176815994083
-0.71210587607884113,0.046647719826440712,0.5072123193315683
-0.70265887397829807,0.076539056852264226,0.44335494472967091
-0.7149791578237068,0.10582258529490639,0.44627228671655961
-0.70625047615938008,0.039045262110445601,0.47520259475320598
-0.71258475636965202,0.069735246903107603,0.37747163819243412
-0.72094339417289754,0.095932566216178294,0.40202593324874741
-0.70820953189451574,0.12074216185983348,0.42406807270523994
-0.70285477955181164,0.11389218923347318,0.47228525276631728
-0.70418258399451461,0.067972367853374058,0.39675851021686503
-0.71243238536803044,0.12331907623547339,0.49100486384885322
-0.69980735951937834,0.043466174733079101,0.42244732715696842
-0.69564980790370157,0.084733433824142376,0.50583468561553746
-0.70472676614316343,0.080601539702262137,0.53752026108424544
-0.71123518464100299,0.090244856067673671,0.47034035810839148
-0.70890608504478614,0.053391317587940398,0.47876823495940329
-0.72194468932641132,0.070220456781976401,0.43598055248503553
-0.71056039877667854,0.085301602717116246,0.50202593357709946
-0.71685114441505859,0.10617817171423594,0.39854133031996369
-0.70559745758100156,0.11866417236136198,0.42901134662746804
-0.71635049683830176,0.035479195296463747,0.5286061605687522
-0.70400844570694698,0.10001629058793296,0.46053484754134888
-0.70259357212046014,0.066501183401623018,0.49708265965487136
-0.69046919384856498,0.10640162583287391,0.44878444231638043
-0.69153579085991668,0.071319329206715423,0.42706645196954224
-0.70122223310586518,0.049511980142065662,0.38752026059171746
-0.70444379142586611,0.113094210490942,0.51223663053120994
-0.70633754530316384,0.14512090584958792,0.41029173554493215
-0.70834013561019149,0.12207117864628343,0.47706645213371823
-0.70792655717721831,0.058418031720833374,0.40121556047461171
-0.71175759950370587,0.067652072466254556,0.40972447460303713
-0.68746530838802367,0.067104476070730099,0.4551863872320529
-0.6780183062874805,0.086744688147960741,0.47649919119182321
-0.71008151848586754,0.098575379486087189,0.43841167080744275
-0.70009033423667566,0.12966728063135924,0.498298218816075
-0.71297656751667915,0.04797272246704689,0.3573743933938674
-0.69741295806532366,0.060463071772170369,0.5266612659108264
-0.70180994982640588,0.081861145216829828,0.59886548008632201
-0.69817481307343199,0.043217799458994247,0.46555915874099052
-0.7063157780172179,0.094207654295883958,0.47730956396595897
-0.71365135338100372,0.09581448342593997,0.47957860773353905
-0.71724295556208573,0.10235469779802067,0.50429497734467954
-0.71293303294478727,0.077038985265893603,0.57658022879758875
-0.70927612890586733,0.069888955237709618,0.4209076188861105
-0.69900196993937813,0.13263005477623396,0.41628849407353669
-0.70485736985883918,0.047955495091133948,0.45299838074188636
-0.6884448362555915,0.085559009819349635,0.45340356712895424
-0.7006998182431623,0.037631613749122279,0.33387358294393055
-0.69456144360640393,0.079301458217102869,0.52309562570462909
-0.66822302761180219,0.13815251592083566,0.46912479894718784
-0.70945026719343496,0.12125496899137835,0.50153970991261798
-0.70283301226586559,0.080690352679056138,0.47414911014682953
-0.69538860047235007,0.10520624665180693,0.47536466930803317
-0.71097397720965161,0.047209031220264777,0.44416531750380661
-0.70344249627235234,0.055564643050202055,0.46166936942513892
-0.72135697260587062,0.0090127609557819344,0.48670988814593369
-0.6993067119426214,0.065313498000090009,0.46531604690874978
-0.71330307680586846,0.10476552688937357,0.49975688980951932
-0.70672935645019097,0.087350824170373889,0.45745543099963298
-0.71021212220154328,0.096041115410037597,0.44862236776155329
-0.69902373722532407,0.099008238212909785,0.44205834829105367
-0.71487032139397699,0.11609528627740964,0.45348460440636779
-0.70379077284748748,0.055000153790918306,0.48103727872698343
-0.70616340701559621,0.057383887397825545,0.56912479927553983
-0.72893198811506188,0.062550929379174516,0.57155591759794711
-0.70574982858262314,0.12727451519630342,0.43160453950470246
-0.69815304578748594,0.045218683906049544,0.44935170325827545
-0.69125281614261924,0.08241944600127106,0.47277147643079875
-0.70840543746802931,0.10834447242127093,0.40883306455148777
-0.72427378892262817,0.055461111538647495,0.50251215724158094
-0.71125695192694904,0.057568203594486486,0.42204214076990054
-0.70209292454370331,0.037652353502648561,0.46442463685720048
-0.72862724611181851,0.067825015249691395,0.47941653317871191
-0.6935819157388361,0.10669532750377828,0.48079416689474269
-0.71182290136154369,0.0091479038658563855,0.44586710032949173
-0.70786125531938049,0.026629007247355518,0.32423014693171509
-0.7096897073388404,0.034678373200626535,0.40364667879701893
-0.70627224344532602,0.11521033437492957,0.47949757045612551
-0.6884448362555915,0.065578766137934147,0.43290113594331964
-0.69360368302478204,0.065446968349396187,0.50615883472519174
-0.6864640132345099,0.038698373007110931,0.50470016373174742
-0.70629401073127196,0.093442625000487292,0.53022690611702372
-0.68206702147342757,-0.0214288485627952,0.50818476666053114
-0.72938910111992683,0.039481465958804716,0.53427876998770241
-0.69305950087613322,0.034461776581138373,0.43136142767246172
-0.70248473569073044,0.11270500560017066,0.41385737575112946
-0.69756532906694524,0.091441907809508866,0.36823338856728649
-0.71539273625667987,0.075094800628881964,0.5012965980803773
-0.71106104635343537,0.076621346842062038,0.49659643599038988
-0.70618517430154226,0.048563470930392143,0.53330632265873956
-0.69856662422045912,0.078522881179483348,0.46555915874099052
-0.69852308964856713,0.12157442809811375,0.45688817005773796
-0.69817481307343199,0.034020053282244056,0.44862236776155329
-0.69586748076316107,0.057476212752232844,0.4933549448938469
-0.6924064822977547,0.048374471563580095,0.46329011497341044
-0.72194468932641132,0.1090001162424242,0.4570502446125651
-0.7276041836723588,0.062514634810503567,0.39230145995911841
-0.70609810515775839,0.086067301036820254,0.35510534962628731
-0.70823129918046168,0.080467233072571823,0.40510534979046331
-0.70196232082802756,0.071304610671954843,0.46450567413461408
-0.70361663455991985,0.052164159752276756,0.46628849423771274
-0.71373842252478747,0.11901708268346234,0.48687196270076083
-0.71545803811451769,0.045415377052395504,0.46880064983753356
-0.69073040127991636,0.088152148034441588,0.52690437774306709
-0.69728235434964791,0.067316222263990325,0.44367909383932519
-0.71247591993992232,0.11448042885566606,0.43168557678211605
-0.69031682284694329,0.08532501856787171,0.55072933730265827
-0.71029919134532715,0.06251262773758165,0.45235008252257775
-0.70013386880856765,0.10360945288636043,0.47828201129492187
-0.7149791578237068,0.046797915783429393,0.45178282158068273
-0.70437848956802818,0.03977884726339926,0.50478120100916102
-0.6966293357712694,0.049195364388636302,0.44019449091054141
-0.68770474853342911,0.043058404417780194,0.43922204358157851
-0.70403021299289303,0.080856270707266351,0.41952998517007972
-0.71650286783992334,0.10411289367760311,0.47398703559200239
-0.68600690022964483,0.08707317908284469,0.4640194504701326
-0.71584984926154482,0.049480703255699414,0.4581037292189416
-0.68851013811342932,0.093880835921768283,0.48411669526869927
-0.72819190039289949,0.10829563364683809,0.46377633863789186
-0.69558450604586364,0.066511720534462956,0.47884927223681689
-0.71800481057019405,0.040163870752249954,0.39619124927497001
-0.69680347405883702,0.077451271495266774,0.46474878596685476
-0.71532743439884194,0.088154991387747614,0.51564019618258017
-0.70790478989127237,0.018156650675794542,0.46482982324426836
-0.70773065160370474,0.028433198548064764,0.44862236776155329
-0.71132225378478686,0.048605284949598329,0.4679092397859842
-0.70115693124802736,0.078995379596513468,0.47576985569510105
-0.70457439514154174,0.14906898554303766,0.51636953167930233
-0.69969852308964853,0.076584885017314225,0.4690437616697743
-0.72438262535235798,0.12823489958943152,0.4690437616697743
-0.6796726200193729,0.11625484857470052,0.45445705173533069
-0.71850545814695099,0.04904081977365015,0.53427876998770241
-0.69641166291180989,0.033461585241726023,0.41742301595732678
-0.71658993698370721,0.075973396800442738,0.53557536642631964
-0.70564099215289344,0.089407572147088638,0.5031604554608895
-0.71656816969776127,-0.024161478345959008,0.44351701928449805
-0.71032095863127309,0.1199599051885238,0.41734197867991318
-0.70457439514154174,0.10702181136574029,0.40202593324874741
-0.71857076000478881,0.066455187980496169,0.5383306338583812
-0.71212764336478707,0.047492028502252363,0.40996758643527781
-0.71147462478640855,0.10322476390966338,0.45753646827704658
-0.71167053035992212,0.072537120702076893,0.47512155747579243
-0.70825306646640762,0.095033397547168094,0.48176661422370559
-0.69969852308964853,0.072003406560928906,0.48338735977197711
-0.70834013561019149,0.10269205330497633,0.49683954782263062
-0.71456557939073362,0.051420873746867268,0.55461912661850987
-0.6905344957064028,0.13616317214308138,0.46774716523115706
-0.71537096897073393,0.088718978878800869,0.52495948308514129
-0.70468323157127155,0.053601391220432358,0.52228525293049333
-0.6966293357712694,0.070805685794786438,0.50753646844122258
-0.72988974869668377,0.024317026497406097,0.41839546328628968
-0.71156169393019231,0.060443001042951403,0.40153970958426599
-0.69660756848532346,0.14343345929050236,0.5032414927383031
-0.70389960927721729,0.050568369523291183,0.50437601462209314
-0.70651168359073147,0.092435743418001912,0.48824959641679166
-0.70026447252424329,0.048393538756338131,0.52277147659497469
-0.71584984926154482,0.084459301114226504,0.45291734346447277
-0.70048214538370279,0.088623977427164394,0.39092382624308764
-0.69647696476964771,0.11290571289236044,0.48128039055922417
-0.70143990596532468,0.11171284255244586,0.4620745558122068
-0.70709940031127216,0.10443435985726039,0.46094003392841676
-0.70723000402694791,0.10565633275454249,0.52852512329133861
-0.70740414231451554,0.10757342190710854,0.43484603060124549
-0.71452204481884174,0.13326947475793524,0.39724473388134651
-0.71095220992370567,0.082461929044784568,0.3856564032112052
-0.72046451388208665,0.17636852240238388,0.44870340503896683
-0.71735179199181553,0.046226401768919019,0.38897893158516178
-0.70951556905127289,0.11168190017823328,0.44716369676810891
-0.6988278316518105,0.12042270275309806,0.54294975867095496
-0.70929789619181327,0.062853830134304262,0.48784441002972379
-0.71376018981073341,0.11195051343761393,0.40040518770047595
-0.71571924554586908,0.091095018706174202,0.51458671157620361
-0.71874489829235644,0.049756341270306717,0.40623987167425335
-0.71116988278316517,0.078749345907504154,0.44716369676810891
-0.72592810265452057,0.068767168730445583,0.46142625759289818
-0.70542331929343394,0.02912162456027572,0.42244732715696842
-0.71926731315505921,0.060110830474377312,0.47398703559200239
-0.69221057672424113,0.072630115080791507,0.44643436127138675
-0.69371251945451184,0.10840769521831072,0.5033225300157167
-0.70283301226586559,0.089935766837701409,0.51604538256964794
-0.69880606436586457,0.073094250693980359,0.41709886684767244
-0.72002916816316753,0.034583371748990024,0.53484603092959748
-0.70150520782316261,0.070042496316234798,0.5033225300157167
-0.70657698544856939,0.075848456511054568,0.43330632233038752
-0.70461792971343373,0.092514855542340041,0.48249594972042781
-0.71870136372046456,0.02523994552932542,0.43703403709141198
-0.70873194675721862,0.0019127404945685658,0.44554295121983739
-0.71060393334857042,-0.0002100736324919657,0.36118314543230545
-0.68864074182910506,0.12723504276217276,0.51977309733067245
-0.71164876307397618,0.0026971714948769423,0.51239870508603713
-0.70627224344532602,0.055151186028291103,0.48395462071387213
-0.71432613924532817,0.059724134424758352,0.38030794290190922
-0.71201880693505726,0.070529546011948649,0.46474878596685476
-0.70707763302532622,0.081684522799702841,0.48768233547489659
-0.7170688172745181,-0.011805937438756351,0.40089141136495737
-0.69467028003613374,0.068437841515177525,0.45632090911584294
-0.69440907260478224,0.07465876403659967,0.41863857511853036
-0.70831836832424544,0.10008085143358732,0.43946515541381925
-0.71961558973019446,0.11586614545215966,0.57017828388191638
-0.70923259433397545,0.086187892668210947,0.43492706787865903
-0.73385139473884697,0.011373078711933727,0.44611021216173247
-0.7081877646085698,0.087311017224089585,0.47504052019837884
-0.70633754530316384,0.061583687486896632,0.44821718137448541
-0.698610158792351,0.09562414601051332,0.44935170325827545
-0.72205352575614112,0.09297380621714732,0.49278768395195188
-0.70300715055343321,0.046576635993790159,0.49773095787417998
-0.72801776210533187,0.056269460157941799,0.39538087650083426
-0.72098692874478942,0.074842076696799681,0.41645056862836388
-0.70544508657937988,0.039114338870174244,0.44740680860034965
-0.70024270523829735,0.079226527494685325,0.50956240037656197
-0.70873194675721862,0.12336390086406243,0.42739060107919652
-0.71136578835667874,0.0588564098981912,0.4699351717213236
-0.69584571347721513,0.11437873716095659,0.45259319435481848
-0.73339428173398202,0.079061278490782441,0.41369530119630227
-0.70973324191073239,0.065618907596372122,0.42990275667901739
-0.71362958609505778,0.085531412566673543,0.4688816871149471
-0.70666405459235315,0.033260877949536229,0.45210697069033701
-0.71219294522262488,0.043042013322251362,0.44627228671655961
-0.70143990596532468,0.11189481716403125,0.42730956380178298
-0.69900196993937813,0.080501855080474555,0.46742301612150278
-0.70864487761343475,0.078137188666325338,0.42893030935005444
-0.69473558189397155,0.089128756267021644,0.45105348608396056
-0.71014682034370546,0.067444340418838136,0.47504052019837884
-0.70239766654694658,0.081364060156506463,0.43119935311763458
-0.6828288764815359,0.033184609178504111,0.52228525293049333
-0.70803539360694812,0.082110189515221962,0.48006483139802053
-0.72207529304208706,0.11073690334417308,0.43662885070434415
-0.70971147462478645,0.10162295246191211,0.49975688980951932
-0.69571510976153939,0.044085356729484562,0.56272285435986746
-0.70268064126424401,0.062089971631445355,0.43225283772401107
-0.71034272591721903,0.049421829116657101,0.45299838074188636
-0.70474853342910937,0.10777078407776182,0.41572123313164167
-0.70551038843721769,0.061965198598134041,0.4571312818899787
-0.70418258399451461,0.091138505286148655,0.54886547992214607
-0.70283301226586559,0.07095504547139099,0.45996758659945386
-0.71584984926154482,0.062121583029965247,0.43646677614951696
-0.72050804845397853,0.039314878906287196,0.40243111963581529
-0.69935024651451339,0.10172230257154605,0.50405186551243886
-0.68474439764477968,0.063080629374478725,0.44043760274278215
-0.71423907010154442,0.13167351727287285,0.44197731101364007
-0.70633754530316384,0.054723846752003702,0.41588330768646881
-0.68544095079505007,0.070162586179395012,0.44773095771000393
-0.71833131985938337,0.11132229961305991,0.51547812162775297
-0.71817894885776168,0.1440160122060832,0.45737439372221944
-0.69950261751613496,0.040336980791763656,0.4952998395517727
-0.705401552007488,0.10755953965273209,0.43541329154314051
-0.71748239570749117,0.086451320989210031,0.43987034180088713
-0.71563217640208532,0.10741017997612751,0.43322528505297397
-0.71156169393019231,0.11010015945970102,0.54408428055474511
-0.69747825992316148,0.028275977835849474,0.52779578779461644
-0.6935819157388361,0.082505415624759035,0.40721231900321625
-0.70207115725775726,0.087760267046441021,0.41426256213819734
-0.70152697510910855,0.14128589126407176,0.44797406954224467
-0.70729530588478573,0.14298487849245822,0.43784440986554773
-0.70744767688640742,0.044918626504225768,0.4356564033753812
-0.70426965313829848,0.075934091622388872,0.36077795904523757
-0.70146167325127062,0.081324253210222186,0.40162074686167959
-0.72351193391451984,0.07887528973335324,0.47771475035302685
-0.71985502987559991,0.067025196690315134,0.47585089297251459
-0.68735647195829386,0.087041734940401613,0.47779578763044039
-0.71180113407559775,0.039567770094446342,0.4209886561635241
-0.70805716089289406,0.077659672566990481,0.45948136293497238
-0.70788302260532643,0.10414216349104745,0.44165316190398579
-0.69090453956748399,0.096505083767149627,0.39521880194600711
-0.71968089158803239,0.10724660353299285,0.46831442617305208
-0.68568039094045563,0.083404249781615564,0.42698541469212864
-0.69867546065018882,0.096971393709337217,0.48897893191351383
-0.72375137405992529,0.031929519578010705,0.42544570642127072
-0.68082628617450835,0.084682253464633955,0.50097244897072302
-0.69538860047235007,0.059467898115062735,0.46029173570910814
-0.71330307680586846,0.091654992051383638,0.46523500963133624
-0.69155755814586262,0.0061331130810891171,0.42795786202109154
-0.70091749110262191,0.091467999757493521,0.45307941801929991
-0.70825306646640762,0.059416383243400678,0.38679092509499524
-0.70740414231451554,0.11168357273900151,0.51223663053120994
-0.72346839934262797,0.071250586959140438,0.47147487999218152
-0.70537978472154195,0.094283923066916089,0.40356564151960539
-0.69712998334802623,0.095557578091937045,0.39465154100411209
-0.69114397971288954,0.15953620534288823,0.4297406821241902
-0.71365135338100372,0.063607151504323237,0.43128039039504817
-0.70052567995559478,0.1043945529109761,0.43225283772401107
-0.69070863399397042,0.013537205089969993,0.49878444248055642
-0.69736942349343167,0.085527063908676107,0.4531604552967135
-0.72320719191127658,0.11445885282175565,0.48047001778508841
-0.70897138690262407,0.065578766137934175,0.38719611148206312
-0.70342072898640629,0.096375794819764049,0.48241491244301421
-0.6848096995026175,0.024497997572530565,0.52293355114980189
-0.7088843177588402,0.096491870537080443,0.45470016356757142
-0.71132225378478686,0.10796530289510906,0.43063209217573956
-0.71611105669289621,0.08488530234189931,0.46361426408306472
-0.71543627082857175,0.032000268898507607,0.41709886684767244
-0.70657698544856939,0.04089544883228171,0.49311183306160616
-0.6836342660615361,0.1208097333148707,0.47236629004373087
-0.70681642559397484,0.063515495174223266,0.4247974082019621
-0.70860134304154287,0.12256960175522137,0.46920583622460144
-0.6962592919101882,0.072884177061488392,0.492382497564884
-0.68450495749937423,0.10625393871703757,0.43784440986554773
-0.69360368302478204,0.079359663331837901,0.41620745679612314
-0.69164462728964637,0.017872984369499658,0.42260940171179556
-0.70113516396208142,0.10482038688257206,0.4600486238768674
-0.72103046331668141,0.12152926895737098,0.44627228671655961
-0.70274594312208183,0.10139615322173767,0.53038898067185081
-0.72181408561073568,0.049295885290808,0.42139384255059198
-0.70531448286370413,0.11286874929938216,0.43290113594331964
-0.70224529554532489,0.007717697152927405,0.39497569011376638
-0.68692112623937485,0.07886793046597293,0.49473257860987768
-0.69554097147397176,0.044121818554232368,0.47390599831458879
-0.71539273625667987,0.083405253318076508,0.3896272298044704
-0.69349484659505234,0.020197342069134101,0.41369530119630227
-0.71312893851830084,0.06371921307579588,0.42609400464057934
-0.73193587357560319,0.11105468989014021,0.44951377781310259
-0.70185348439829776,0.095421766157555321,0.51936791094360457
-0.71867959643451851,0.073928022236952051,0.44262560923294869
-0.72542745507776363,0.11071800340749187,0.44205834829105367
-0.70505327543235274,0.05185941918030193,0.48152350239146491
-0.69377782131234966,0.038433606637497258,0.41653160590577742
-0.70720823674100197,0.02730321649303635,0.41029173554493215
-0.70294184869559539,0.11131460583352598,0.43897893174933783
-0.71478325225019324,0.08155590287662455,0.44213938556846727
-0.69863192607829694,0.045692185859540546,0.45283630618705922
-0.71889726929397813,0.12802415693263222,0.48873582008127309
-0.7081877646085698,0.06006767840655651,0.40421393973891395
-0.70792655717721831,0.024240423214220354,0.47795786218526759
-0.68644224594856396,0.099126321003148124,0.43119935311763458
-0.70886255047289426,0.05211833158722675,0.41758509051215392
-0.70640284716100177,0.08323649193656027,0.4159643449638824
-0.71223647979451687,0.16140479023317508,0.40623987167425335
-0.69784830378424267,0.044573075449505728,0.4259319300857522
-0.72377314134587134,0.073697543363087467,0.44100486368467717
-0.72048628116803259,0.14393589654528413,0.37009724594779875
-0.69090453956748399,0.11756396188800834,0.49578606321625412
-0.70799185903505624,0.11881537185481163,0.49846029337090214
-0.70442202413992017,0.086618075297804353,0.45721231916739224
-0.6727723903745062,0.067351178784046686,0.45777958010928732
-0.71833131985938337,0.096379641709531005,0.41847650056370322
-0.72788715838965623,0.090876582269840966,0.50348460457054378
-0.69260238787126827,0.029528391339113658,0.44432739205863381
-0.71489208867992293,0.083931942703997869,0.49602917504849486
-0.70405198027883897,0.051792182237418348,0.50486223828657462
-0.69273299158694401,0.082158024753193892,0.46458671141202762
-0.69671640491505316,0.05066838865723243,0.44562398849725099
-0.69390842502802541,0.1119468338039238,0.50461912645433382
-0.70982031105451615,0.093288749409808441,0.4307131294531531
-0.70997268205613784,0.099795679822601013,0.43452188149159116
-0.71802657785613999,0.07978114864543645,0.44611021216173247
-0.72721237252533166,0.13754872148349809,0.5110210713700063
-0.7006998182431623,0.080506538250625662,0.44862236776155329
-0.7096897073388404,0.099313647809191913,0.44100486368467717
-0.66569802244207177,0.11944224763075099,0.44124797551691791
-0.70799185903505624,0.062458604024767238,0.46823338889563854
-0.66704759417072079,0.042627720019956315,0.49764992059676638
-0.68938082955126745,0.066567416808045635,0.44157212462657225
-0.71595868569127463,0.026728859125219925,0.49343598217126045
-0.72431732349452005,0.077954712286509464,0.45170178430326913
-0.70762181517397504,0.09320010368909129,0.44854133048413969
-0.71630696226640977,0.11415561755447229,0.43987034180088713
-0.70255003754856826,0.039981896140664573,0.52933549606547436
-0.69756532906694524,0.10510204611594511,0.49983792708693292
-0.71173583221775993,0.12313225119766007,0.53322528538132596
-0.7208127904572218,0.1624782397342367,0.47050243266321862
-0.70875371404316456,0.09814737118549248,0.40737439355804339
-0.70999444934208378,0.01824914328627867,0.5754457069137987
-0.73367725645127935,0.067219548251585576,0.37998379379225494
-0.69998149780694596,0.076873569005913842,0.47682334030147749
-0.70135283682154093,0.12615222692080891,0.48087520417215629
-0.69351661388099828,0.14491267203394101,0.46645056879253988
-0.71312893851830084,0.12835348414790032,0.47609400480475533
-0.71032095863127309,0.12144430287034405,0.48938411830058171
-0.70635931258910978,0.05712397145443978,0.39902755398444517
-0.69410433060153898,0.077222966950400915,0.47252836459855801
-0.7031595215550549,0.09313269949013088,0.43095624128539384
-0.7091019906182997,0.054898462096208793,0.44627228671655961
-0.70984207834046209,0.063645285889839295,0.44894651687120757
-0.6685495369009915,0.029821089473557084,0.48792544730713733
-0.71367312066694966,0.061055158284130238,0.46361426408306472
-0.71147462478640855,0.045258490852333806,0.40372771607443253
-0.7167423079853289,0.06858335430201512,0.43419773238193687
-0.69634636105397196,0.11820639247909245,0.49602917504849486
-0.73419967131398223,0.094635495340401832,0.38784440970137174
-0.70694702930965048,0.12200728682493639,0.46166936942513892
-0.71286773108694945,0.026735214856139278,0.49367909400350118
-0.70237589926100064,0.068406899140964927,0.47017828355356434
-0.70307245241127114,0.060436979824185708,0.39935170309409945
-0.69630282648208008,0.043215290617841871,0.41766612778956747
-0.70627224344532602,0.072138549471003358,0.44894651687120757
-0.69671640491505316,0.062450408477002818,0.49708265965487136
-0.71839662171722118,0.092918778967871957,0.43055105489832596
-0.69686877591667484,0.099727104831102836,0.44376013111673873
-0.71452204481884174,0.042560984845303212,0.49165316206816179
-0.70873194675721862,0.071352111397773074,0.50834684121535834
-0.68093512260423805,0.082618815244846225,0.52585089313669064
-0.6997855922334324,0.12452917395130093,0.38419773221776088
-0.71138755564262468,0.028829595450139585,0.47325770009528018
-0.7145002775328958,0.064789317455321044,0.50186385902227226
-0.72788715838965623,0.090607634498306652,0.46474878596685476
-0.71909317486749169,0.098386045607121511,0.45259319435481848
-0.70296361598154133,0.066739690567175186,0.51555915890516657
-0.71116988278316517,0.13231929298549344,0.45745543099963298
-0.68824893068207793,0.12365308662089253,0.49951377797727864
-0.69972029037559447,0.10096095290983952,0.4258508928083386
-0.71293303294478727,0.079938703869805422,0.46482982324426836
-0.69038212470478122,0.1069268099141038,0.50486223828657462
-0.71299833480262509,0.062870555741986772,0.51855753816946881
-0.7136948879528956,0.11544348934602335,0.45064829969689268
-0.71423907010154442,0.1163322881382704,0.30461912579762984
-0.7190496402955997,0.059312015451462016,0.4962722868807356
-0.70355133270208203,0.095116691073426837,0.50867099032501262
-0.71334661137776034,0.094833024767131957,0.53371150904580744
-0.70294184869559539,0.082153174326965936,0.45834684105118234
-0.71399962995613897,0.05962812943666089,0.42560778097609786
-0.70977677648262427,0.10123023519352745,0.40834684088700629
-0.67614631969612871,0.0063600795773403884,0.43395462054969614
-0.70204938997181132,0.066432441154048033,0.51426256246654933
-0.69665110305721534,0.086226027053727006,0.46272285403151542
-0.7163722641242477,0.0743630552927734,0.45632090911584294
-0.70984207834046209,0.061803294715767627,0.4689627243923607
-0.69898020265343219,0.13569920378596931,0.43314424777556038
-0.71550157268640957,0.078646817932410532,0.46653160606995342
-0.7105386314907326,0.11960833291503804,0.4630470031411697
-0.68868427640099694,0.099954907607738244,0.47787682490785399
-0.71149639207235449,0.062232641064976904,0.51345218969241357
-0.70696879659559653,0.07480109895797761,0.48865478280385949
-0.69260238787126827,0.13168505794217378,0.42933549573712232
-0.69188406743505182,0.13533057139264743,0.40915721366114205
-0.71948498601451882,0.10457619301040787,0.49675851054521708
-0.70527094829181225,0.13318049452506442,0.53030794339443721
-0.7182442507155995,0.048141985616793628,0.49781199515159352
-0.71393432809830104,0.02424460461614095,0.42374392359558566
-0.70718646945505603,0.069051838573201421,0.41726094140249959
-0.70542331929343394,0.098771069095972219,0.39732577115876005
-0.70973324191073239,0.02262774012147549,0.42730956380178298
-0.68879311283072675,0.041297532440968565,0.42455429636972142
-0.7011786985339733,0.064578240286368091,0.52285251387238829
-0.71114811549721924,0.076006680759730841,0.48946515557799525
-0.70076512010100023,0.045017976613859721,0.38824959608843962
-0.70966794005289446,0.12299710828758564,0.46944894805684217
-0.70161404425289231,0.10110646569667708,0.49473257860987768
-0.71149639207235449,0.085826954054423005,0.48841167097161881
-0.70178818254045994,0.051959438314243156,0.50607779744777825
-0.71482678682208511,0.085130834262678118,0.44602917488431887
-0.70270240855018995,0.046889572113529406,0.5109400340925927
-0.70531448286370413,0.069213909711644692,0.47649919119182321
-0.71101751178154349,0.11268259328587617,0.47115073088252724
-0.71737355927776147,0.065432249814635621,0.4217990289376598
-0.71515329611127432,0.080763945352859037,0.42009724611197474
-0.72224943132965469,0.075459084364206411,0.40777957994511127
-0.7081877646085698,0.090880094647454307,0.48557536626214365
-0.70065628367127042,0.030334565629409269,0.45794165466411446
-0.70376900556154154,0.14922353015802381,0.46369530136047832
-0.7087754813291105,0.11846848275147692,0.536466776477869
-0.70775241888965079,0.22542907839309936,0.5109400340925927
-0.6968470086307289,0.082331636560938046,0.44376013111673873
-0.71473971767830125,0.062529353345264133,0.53379254632322104
-0.69573687704748532,0.05212368378168511,0.43427876965935042
-0.7018752516842437,0.045076850752902069,0.48897893191351383
-0.70311598698316302,0.1094915145961355,0.48978930468764958
-0.68768298124748317,0.058513033172469871,0.47585089297251459
-0.6784971865782915,0.055461446050801132,0.48589951537179793
-0.70250650297667638,0.057898032577985037,0.50405186551243886
-0.7074912114582993,0.052708411026264668,0.50202593357709946
-0.7057280612966772,0.052322384000953022,0.42609400464057934
-0.67884546315342675,0.074085410205244215,0.49213938573264326
-0.71704704998857216,0.09218619735137927,0.49157212479074824
-0.71221471250857082,0.028456781654897064,0.44116693823950437
-0.71665523884154503,0.06611649442492594,0.43111831584022098
-0.68713879909883435,0.054570807441709002,0.44408428022639307
-0.69586748076316107,0.097931109078157969,0.53176661438788164
-0.72248887147506013,0.090341864592232035,0.49027552835213101
-0.66236762769234114,0.093650022535750041,0.51920583638877749
-0.71021212220154328,0.062838442575236395,0.463938413192719
-0.69201467115072757,0.13006535009420223,0.49659643599038988
-0.71173583221775993,0.069014205955915842,0.45129659791620125
-0.71941968415668089,0.065836005984090715,0.48500810532024863
-0.67203230265234382,0.11131092619983583,0.41247974203509868
-0.71678584255722078,0.12318945277593414,0.41004862371269141
-0.69329894102153877,0.10836136528503025,0.41572123313164167
-0.69149225628802469,0.067043260346612218,0.50664505838967322
-0.71970265887397833,0.069467804436264741,0.41612641951870954
-0.68241529804856282,0.046037569658183813,0.48695299997817443
-0.67390428924369561,0.085766909122842905,0.47763371307561325
-0.70463969699937967,0.0566414376728002,0.49546191410659984
-0.69895843536748625,0.083146508167228503,0.34343598167873246
-0.70085218924478399,0.070370987251118761,0.42350081176334492
-0.69094807413937598,0.061905320922630756,0.50858995304759902
-0.71691644627289641,0.12184287410141757,0.49019449107471746
-0.71870136372046456,0.088679506444670222,0.46272285403151542
-0.70836190289613743,0.061229773628335322,0.54513776516112156
-0.72547098964965551,0.079929337529503222,0.49205834845522967
-0.70250650297667638,0.077311110902887586,0.49781199515159352
-0.69493148746748512,0.15125636051575259,0.49149108751333465
-0.70566275943883938,0.075542377890465168,0.47431118470165667
-0.72401258149127679,0.080129710309539373,0.40372771607443253
-0.73443911145938767,0.12380227904142029,0.47414911014682953
-0.71465264853451749,0.072241746470404281,0.43233387500142462
-0.70616340701559621,0.10565666726669617,0.4111021083190679
-0.72941086840587277,0.092274508559942778,0.42949757029194952
-0.71038626048911091,0.081635851281346802,0.45113452336137411
-0.70348603084424421,0.12663492795852532,0.47366288648234806
-0.71073453706424616,0.06766846356178341,0.52933549606547436
-0.70035154166802716,0.10512211684516405,0.42212317804731414
-0.70958087090911071,0.087629138282210375,0.44457050389087449
-0.71376018981073341,0.057186357971095454,0.43792544714296133
-0.68300301476910352,0.028915230561473902,0.47431118470165667
-0.70352956541613609,0.05076957858371145,0.48897893191351383
-0.71160522850208419,0.0017220685669882992,0.39902755398444517
-0.71643756598208552,0.077199885611799093,0.44376013111673873
-0.69767416549667505,0.1073096590739558,0.47512155747579243
-0.72679879409235859,0.10225367512761852,0.41102107104165431
-0.69157932543180856,0.12573475575305418,0.40518638706787685
-0.69608515362262058,0.015068768985454816,0.51247974236345073
-0.70753474603019118,0.090329989410777481,0.48946515557799525
-0.71317247309019272,0.06244054036847016,0.47820097401750827
-0.68565862365450969,0.096027400411737948,0.48784441002972379
-0.68313361848477927,0.086668084864774966,0.43435980693676401
-0.71859252729073475,0.043383215718973987,0.33727714859530072
-0.70537978472154195,0.028614169623189235,0.43257698683366536
-0.71970265887397833,0.072259308358470886,0.50072933713848222
-0.71502269239559868,0.074767814998689439,0.43306321049814683
-0.69508385846910681,0.054580341038088009,0.46523500963133624
-0.68406961178045511,0.085670904134745457,0.49205834845522967
-0.6955627387599177,0.10141973632856997,0.44238249740070795
-0.71500092510965274,0.1039098448003378,0.46515397235392264
-0.68872781097288882,0.041572166919114889,0.50583468561553746
-0.71034272591721903,0.12308675754476371,0.39789303210065508
-0.6969558450604586,0.059562397798468766,0.4610210712058303
-0.71330307680586846,0.092968955790919419,0.42763371291143726
-0.6748620498253175,0.046175054153333783,0.47852512312716261
-0.72072572131343804,0.06702620022677612,0.4561588345610158
-0.71362958609505778,0.0004372073848200621,0.45210697069033701
-0.68628987494694227,0.025008463118999874,0.50964343765397557
-0.71382549166857134,0.03220616112907896,0.5423014604516464
-0.68613750394532058,0.06975749196132533,0.38200972572759434
-0.73335074716209014,0.023259299067565995,0.52333873753686977
-0.69782653649829673,0.10266512507660754,0.50470016373174742
-0.70228883011721688,0.11281388930618363,0.50218800813192666
-0.71164876307397618,0.0690523403414319,0.43905996902675137
-0.72703823423776404,0.037768094707811332,0.43152350222728886
-0.71049509691884072,0.15231509148205366,0.53014586883961012
-0.72264124247668182,0.068198999837471685,0.50186385902227226
-0.6960416190507287,0.018852101443232131,0.54311183322578216
-0.71171406493181399,0.10706061477556364,0.55105348641231255
-0.68977264069829458,0.06532252982823851,0.44157212462657225
-0.69915434094099982,0.080605386592029135,0.44230146012329441
-0.69878429707991863,0.10292888790976028,0.4571312818899787
-0.70570629401073126,0.14901629987883788,0.41564019585422812
-0.69891490079559426,0.061383649219014146,0.38703403692723598
-0.68237176347667095,-0.04123497866823609,0.48760129819748305
-0.70133106953559499,0.056153049928471727,0.47593193024992819
-0.71687291170100453,0.08077130462023932,0.46231766764444754
-0.6994155483723512,0.029680928881177897,0.39092382624308764
-0.69225411129613301,0.10771793115748518,0.52171799198859825
-0.69551920418802582,0.12357681784986042,0.41434359941561089
-0.70459616242748768,0.035434537923951528,0.52163695471118465
-0.69099160871126786,0.10687813839574779,0.44554295121983739
-0.70357309998802797,0.065079841260765742,0.41118314559648145
-0.68670345337991534,0.10433149737001315,0.40802269177735201
-0.731565829714522,0.056250560221260605,0.54149108767751064
-0.6916010927177545,0.13843668399536105,0.49935170342245144
-0.71116988278316517,0.03684551018804566,0.44854133048413969
-0.69434377074694442,0.098063743147080051,0.41774716506698106
-0.70894961961667813,0.05297602074918438,0.48816855913937807
-0.71528389982695006,0.089313741487989901,0.44408428022639307
-0.70729530588478573,0.060648391505292262,0.54651539887715228
-0.70263710669235202,0.095004964014107865,0.492382497564884
-0.69641166291180989,0.049631233724841753,0.40340356696477819
-0.73082574199235972,0.12171391966618564,0.427876824743678
-0.71926731315505921,0.081186266946841709,0.44959481509051619
-0.70200585539991944,0.075565124716913346,0.48419773254611287
-0.71639403141019364,0.0019398359790141944,0.47512155747579243
-0.70083042195883805,0.03978219238493573,0.43703403709141198
-0.69867546065018882,0.048846468212379729,0.41231766748027149
-0.71502269239559868,0.081079055801596994,0.45243111979999134
-0.67013854877504597,0.05462984883682815,0.4972447342096985
-0.72914966097452139,0.038695362397728091,0.49197731117781612
-0.70849250661181307,0.11058235872918695,0.53476499365218388
-0.69734765620748573,0.072839686945052981,0.4641004877475462
-0.71669877341343691,0.067833043541378993,0.5384116711357948
-0.70999444934208378,0.065544980410415538,0.43249594955625176
-0.72050804845397853,0.17049783410583289,0.49497569044211842
-0.70089572381667586,0.062659813085187505,0.40818476633217915
-0.72046451388208665,0.08770373449247422,0.40656402078390769
-0.69963322123181071,0.097903177313328232,0.43849270808485635
-0.68929376040748358,0.069234147696940487,0.49708265965487136
-0.70509681000424462,0.046989256735316995,0.57893030984258254
-0.69987266137721615,0.1088067682176147,0.47212317821149014
-0.68361249877559016,0.079650354393359421,0.51612641984706153
-0.72710353609560197,0.03787112445113542,0.5071312820541547
-0.71809187971397781,0.081617954881126553,0.4258508928083386
-0.69889313350964832,0.096521642118755288,0.44392220567156593
-0.70638107987505583,0.07096976400615157,0.49894651703538356
-0.695453902330188,0.11951316420732473,0.51329011513758638
-0.67466614425180393,0.038538141685512763,0.5286061605687522
-0.69760886363883723,0.16418324818138885,0.49003241651989032
-0.71469618310640937,0.081425443136701178,0.45721231916739224
-0.70701233116748841,0.057584594690015346,0.5052674246736425
-0.67749589142477773,0.15918279325255738,0.55307941834765195
-0.7025718048345142,0.066725808312798743,0.41191248109320361
-0.68990324441397022,0.12070703808370026,0.37601296719898974
-0.70109162939018943,0.10088384785842326,0.49197731117781612
-0.69022975370315953,0.099327028295337905,0.45461912629015788
-0.7030506851253252,0.071860068103090077,0.42439222181489422
-0.7011786985339733,0.034374970677266324,0.44700162221328177
-0.71123518464100299,0.11739871288410542,0.46961102261166932
-0.7156757109739772,0.043211945496305373,0.48873582008127309
-0.70725177131289385,0.058399466296305817,0.4288492720726409
-0.71306363666046302,0.1000097676009368,0.50275526907382162
-0.715305667112896,0.030260805699529533,0.54384116872250432
-0.70577159586856908,0.063321478125106453,0.50024311347400074
-0.70281124497991965,0.10697765576145853,0.47123176815994083
-0.70997268205613784,0.047305203464439054,0.41750405323474032
-0.69980735951937834,0.091358447027173245,0.47171799182442226
-0.72346839934262797,0.091408791106297516,0.41880064967335756
-0.70339896170046035,0.092426377077699698,0.383792545830693
-0.70677289102208296,0.046714956769324321,0.37139384238641593
-0.71924554586911327,0.06779357110724836,0.30202593292039542
-0.71480501953613917,0.13543059052658865,0.41288492842216656
-0.68626810766099633,0.094525440841851119,0.4229335508214499
-0.7143914411031661,0.045265181095406781,0.45858995288342302
-0.71628519498046384,0.05664110316064655,0.45534846178688004
-0.69384312317018748,0.047441851679204929,0.47901134679164403
-0.71101751178154349,0.049339371870782439,0.4561588345610158
-0.69808774392964812,0.059384939100957636,0.47690437757889109
-0.68689935895342891,0.039958145777755444,0.52747163868496216
-0.71376018981073341,0.10267081178321959,0.44692058493586817
-0.72529685136208788,0.140345243088009,0.41442463669302448
-0.70938496533559714,0.072960111320366852,0.46175040670255252
-0.70015563609451359,0.061234456798486436,0.45170178430326913
-0.71885373472208614,0.058050570120049251,0.44789303226483113
-0.72198822389830319,0.089574660967836617,0.46150729487031178
-0.7094720344793809,0.085016598362206777,0.48103727872698343
-0.7161545912647882,0.0864732315352741,0.50461912645433382
-0.71595868569127463,0.11348124105271461,0.5128849287505185
-0.7076000478880291,0.057949881961800717,0.47131280543735438
-0.70581513044046107,0.11424392876303575,0.45283630618705922
-0.70764358245992098,0.14524952577266623,0.51004862404104345
-0.71550157268640957,0.028400750869160763,0.46158833214772532
-0.70938496533559714,0.064854881837436346,0.49311183306160616
-0.67952024901775121,0.11199466904189569,0.48152350239146491
-0.68724763552856416,0.064664209909856066,0.53679092558752328
-0.69399549417180917,0.014139828734769811,0.4159643449638824
-0.70783948803343455,0.13400255814265838,0.52504052036255489
-0.70220176097343301,0.067499200412036664,0.47787682490785399
-0.70831836832424544,0.11418338206322523,0.49538087682918625
-0.70474853342910937,0.1469593846460463,0.4209076188861105
-0.70923259433397545,0.057470860557774457,0.38581847776603234
-0.72168348189505993,0.06624277276292867,0.49902755431279716
-0.72257594061884389,0.047435328692208782,0.48217180061077347
-0.70836190289613743,0.076140820133344375,0.41361426391888872
-0.72414318520695242,0.14646547745118263,0.53581847825856044
-0.70485736985883918,0.040918195658729867,0.4209886561635241
-0.68548448536694206,0.090206219913927119,0.45008103875499761
-0.69070863399397042,0.045524428014485273,0.51742301628567877
-0.7214005071777625,0.11267540127457268,0.44627228671655961
-0.67636399255558821,0.077746645726939401,0.42204214076990054
-0.7006998182431623,0.051683465787482209,0.38541329137896446
-0.71386902624046322,0.050827783698446483,0.48014586867543407
-0.72120460160424893,0.15420341258940581,0.45591572272877506
-0.70718646945505603,0.036067434918656605,0.38387358310810654
-0.7043349549961363,0.058296102040828086,0.44951377781310259
-0.68485323407450938,0.054997477693689088,0.47682334030147749
-0.70352956541613609,0.096922387678827535,0.48679092542334729
-0.70786125531938049,0.083583882808125398,0.43995137907830073
-0.69712998334802623,0.080045747758973287,0.50875202760242622
-0.69839248593289149,0.11078942175229606,0.42763371291143726
-0.70999444934208378,0.1192082563792731,0.45105348608396056
-0.71308540394640896,0.12162343412862341,0.45048622514206549
-0.71334661137776034,0.10633673047506585,0.48687196270076083
-0.68938082955126745,0.12590268085418629,0.51012966131845694
-0.71127871921289498,0.076065722154850038,0.41223663020285795
-0.70083042195883805,0.11592886648096896,0.45988654932204026
-0.70281124497991965,0.07951504422720819,0.42714748924695578
-0.69991619594910803,0.11363444761908617,0.39286872090101344
-0.69188406743505182,0.034606285831515024,0.54457050421922648
-0.69839248593289149,0.054111689510824873,0.45348460440636779
-0.70500974086046087,0.063426849453506101,0.50291734362864882
-0.70805716089289406,0.097508285715944845,0.36288492825799051
-0.71798304328424811,0.07671467573293031,0.50194489629968586
-0.72055158302587041,0.029173473944091411,0.47625607935958247
-0.6969558450604586,0.057850197340013142,0.50372771640278458
-0.66606806630315296,0.071905896268140035,0.43338735960780111
-0.7099509147701919,0.099315654882113816,0.43087520400798029
-0.69356014845289016,0.060469427503089736,0.49116693840368036
-0.69789183835613455,0.10356496276992504,0.46750405339891632
-0.71480501953613917,0.022951046117977839,0.43525121698831332
-0.71602398754911245,0.10065554331355739,0.48055105506250195
-0.71500092510965274,0.1266389421043691,0.40931928821596925
-0.68874957825883476,0.11698291427711895,0.39205834812687768
-0.70862311032748881,0.11468715736662155,0.43435980693676401
-0.69567157518964751,0.069611310150180419,0.45680713278032437
-0.70918905976208357,0.051509686723661234,0.3886547824755075
-0.71032095863127309,-0.0017371216139025212,0.53136142800081376
-0.69845778779072931,0.069157711669831534,0.42609400464057934
-0.71225824708046281,0.063945677803816658,0.43768233531072059
-0.71652463512586928,0.074969191315186534,0.49068071473919889
-0.71116988278316517,0.1379989748423105,0.44732577132293605
-0.70093925838856785,0.12012532144850356,0.44376013111673873
-0.69921964279883764,0.15625313581089395,0.44683954765845463
-0.69547566961613394,0.15879074500848001,0.47836304857233547
-0.70274594312208183,0.14831198453932859,0.46831442617305208
-0.70914552519019169,0.046821666146338523,0.44578606305207813
-0.71423907010154442,-0.027760494607075383,0.45761750555446012
-0.71761299942316692,0.12910847807868753,0.44651539854880035
-0.68964203698261883,0.10851574264393954,0.48079416689474269
-0.70958087090911071,0.11307848841972046,0.50380875368019806
-0.69612868819451246,0.10907504696484172,0.47974068228836625
-0.70470499885721749,0.061324775079971819,0.5324959498846038
-0.69133988528640311,0.12068680009840448,0.53225283805236312
-0.70607633787181245,0.089971726894218729,0.47017828355356434
-0.70648991630478553,0.099892688347159406,0.47082658177287295
-0.70688172745181266,0.020784410898789213,0.38030794290190922
-0.67945494715991339,0.11258926439500788,0.44100486368467717
-0.69826188221721575,0.052798227539519613,0.43914100630416497
-0.70474853342910937,0.077490911185474257,0.41847650056370322
-0.73282833229938726,0.0056549279574469721,0.44829821865189901
-0.71650286783992334,0.11048401215601396,0.37658022814088477
-0.71402139724208491,0.093566729009491298,0.43508914243348618
-0.71123518464100299,0.0080396651008151718,0.44157212462657225
-0.71258475636965202,0.038464047243479363,0.5384116711357948
-0.69036035741883528,0.071065099969941703,0.466045382405472
-0.68992501169991616,0.066596017597182672,0.51969206005325885
-0.69937201380045932,0.10852076032624429,0.46369530136047832
-0.71789597414046424,0.1015197554625112,0.40526742434529045
-0.69532329861451225,0.098979637423772748,0.36385737558695341
-0.69051272842045686,0.034582200956452265,0.51012966131845694
-0.69447437446262017,0.12944817517071872,0.45226904524516415
-0.71345544780749015,0.013712489458482397,0.50786061755087686
-0.68156637389667074,0.071744159641850463,0.46750405339891632
-0.67832304829072387,0.048238157860967898,0.51126418320224709
-0.71262829094154401,0.13074541330257197,0.38014586834708208
-0.70222352825937895,0.022056727875195564,0.47787682490785399
-0.70041684352586497,0.061666981013155389,0.48200972605594633
-0.68554978722477988,0.13601230716178536,0.44246353467812155
-0.68128339917937331,0.12562938442465454,0.50777958027346326
-0.6916010927177545,0.018875851806141253,0.46985413444391005
-0.70165757882478419,0.099941861633745896,0.46491086052168196
-0.7048138352869473,0.086576261278598174,0.38679092509499524
-0.69667287034316128,0.089305378684148645,0.40858995271924703
-0.70899315418857001,0.12149815932708162,0.40510534979046331
-0.70666405459235315,0.055378152524542382,0.49708265965487136
-0.69390842502802541,0.082001138553132222,0.52941653334288796
-0.69943731565829714,0.074202823971175225,0.49213938573264326
-0.7006998182431623,0.11148604331227142,0.42933549573712232
-0.70953733633721883,0.058357317764945967,0.43152350222728886
-0.70570629401073126,0.12314395912303779,0.48452188165576715
-0.68337305863018472,0.073234411286359546,0.36377633830953987
-0.69125281614261924,0.12547851944335853,0.44149108734915865
-0.71711235184640998,0.043930477602344774,0.53403565815546172
-0.69841425321883743,0.11239073143181683,0.35583468512300948
-0.69025152098910547,0.13459598270323284,0.42431118453748068
-0.70472676614316343,0.038288261106736506,0.41620745679612314
-0.70857957575559694,0.081491509287046987,0.46880064983753356
-0.72379490863181728,0.12462333912255329,0.41758509051215392
-0.70366016913181184,0.062258063988654279,0.50210697085451306
-0.70252827026262232,0.028748978021110042,0.36296596553540411
-0.70511857729019056,0.08350125830617397,0.56790924011433619
-0.70666405459235315,0.039912317612705445,0.43200972589177034
-0.69915434094099982,0.047748264811947994,0.38444084405000156
-0.71608928940695027,0.076646435253585776,0.48354943432680425
-0.7149791578237068,0.060107150840687164,0.37236628971537883
-0.7039649111350551,0.019458237465645248,0.52495948308514129
-0.69891490079559426,0.095739385447445619,0.49367909400350118
-0.71049509691884072,0.080800239921530029,0.36790923945763221
-0.70130930224964905,0.045149105378090387,0.43111831584022098
-0.69120928157072736,0.10997354660954461,0.46564019601840412
-0.70646814901883959,0.09665628326059926,0.48119935328181057
-0.69680347405883702,0.14365256475114291,0.51474878613103081
-0.67738705499504792,0.054344509969765024,0.45486223812239857
-0.71330307680586846,0.046736867315388356,0.50388979095761166
-0.70783948803343455,0.084993851535758586,0.46823338889563854
-0.72042097931019466,0.13212460691206937,0.44683954765845463
-0.71321600766208471,0.081156997133397343,0.44983792692275693
-0.6836342660615361,0.10343249595707978,0.46434359957978688
-0.69517092761289057,0.030230197837470597,0.37739060091502052
-0.69880606436586457,0.10349571875411957,0.45534846178688004
-0.6842219827820768,0.063514658893839102,0.47649919119182321
-0.71003798391397566,0.030561364869583718,0.45834684105118234
-0.72381667591776322,0.1043634432806867,0.50024311347400074
-0.6997855922334324,0.075081587398812807,0.47844408584974901
-0.69312480273397115,0.041089800393552124,0.43047001762091242
-0.70294184869559539,0.13045438772889678,0.49651539871297634
-0.72425202163668223,0.07502271325977046,0.53282009899425808
-0.70962440548100258,0.11509526219407408,0.44821718137448541
-0.70786125531938049,0.0566178545659679,0.45672609550291082
-0.70955910362316477,0.032748405330145003,0.50996758676362985
-0.69251531872748451,0.08685842228020163,0.50397082823502526
-0.70816599732262386,0.040568295946012349,0.42811993657591874
-0.71489208867992293,0.029930474947800514,0.46158833214772532
-0.701766415254514,0.09118433345119864,0.47925445862388477
-0.71384725895451728,0.092585939374990572,0.43217180044659748
-0.71545803811451769,-0.0053331272656360193,0.5365478137552826
-0.69843602050478337,0.076431009426635416,0.44586710032949173
-0.695453902330188,0.085179004012803677,0.45972447476721312
-0.70516211186208244,0.081908813198724922,0.45056726241947909
-0.71635049683830176,0.12507258894490472,0.46977309716649646
-0.70601103601397464,0.017341110045196746,0.47301458826303949
-0.69338601016532253,0.079854574063162514,0.43711507436882557
-0.71974619344587021,0.10485985931670275,0.46272285403151542
-0.72059511759776229,0.10321640110582213,0.51912479911136389
-0.7164811005539774,0.1086692837224647,0.51337115241499998
-0.72131343803397874,0.037658040209260606,0.48962723013282244
-0.71613282397884215,0.062416957261637866,0.5071312820541547
-0.69769593278262099,0.0958012701958708,0.47317666281786663
-0.67727821856531822,0.16245331857878978,0.44700162221328177
-0.69926317737072952,0.074302508592962807,0.54351701961285004
-0.72105223060262735,0.018414225034104753,0.35713128156162666
-0.71682937712911265,0.094970007494051489,0.47633711663699607
-0.73352488544965766,0.088457055862493222,0.54594813793525732
-0.69621575733829633,0.09103012334836616,0.52658022863341281
-0.69858839150640506,0.05948211488159285,0.5012155608029637
-0.69110044514099755,0.079043382090562192,0.40299838057771037
-0.70849250661181307,0.056669369437629923,0.40145867230685239
-0.68150107203883281,0.074622971236159158,0.47252836459855801
-0.7039649111350551,0.083578865125820676,0.51774716539533305
-0.71665523884154503,0.07655712050856131,0.52204214109825253
-0.70009033423667566,0.090471822563924914,0.43338735960780111
-0.70124400039181112,0.088474450494482992,0.45996758659945386
-0.6760374832663989,0.096030411021120796,0.52909238423323368
-0.70548862115127176,0.060610257119776204,0.51037277315069773
-0.71217117793667895,0.040900132002432796,0.43484603060124549
-0.70923259433397545,0.14625473479438336,0.4551053499546393
-0.704922671716677,0.12211700681133345,0.44149108734915865
-0.70633754530316384,0.077627559400240131,0.49602917504849486
-0.70879724861505644,0.10286081468649258,0.53111831616857297
-0.68289417833937371,0.051680956946329855,0.46815235161822494
-0.69456144360640393,0.073675465560946604,0.49254457211971114
-0.69926317737072952,0.055027249275363892,0.49262560939712469
-0.68596336565775295,0.090392208671356319,0.49554295138401344
-0.70875371404316456,0.036962756697899828,0.44643436127138675
-0.68298124748315758,0.13262771319115843,0.48014586867543407
-0.71702528270262622,0.071915764376672728,0.47025932083097788
-0.70801362632100218,0.086709898883981215,0.49886547975797002
-0.69334247559343065,0.064965772616371209,0.51329011513758638
-0.72100869603073536,0.029998046402837743,0.43435980693676401
-0.7136948879528956,0.098686103008945203,0.43160453950470246
-0.71730825741992355,0.12145283293026211,0.46928687350201498
-0.7087754813291105,0.059148104496173685,0.51717990445343809
-0.66537151315288257,0.12354671175603195,0.44667747310362749
-0.71095220992370567,0.079946564905416198,0.46337115225082398
-0.70836190289613743,0.081044099281540605,0.44538087666501025
-0.70635931258910978,0.097935123224001816,0.43833063353002921
-0.71317247309019272,0.02808262981103998,0.45526742450946645
-0.70154874239505449,0.069192166421657458,0.40972447460303713
-0.71987679716154596,0.043876621145607191,0.4188816869507711
-0.6932118718777549,0.075819855721917545,0.458022691941528
-0.71106104635343537,0.14002728928596503,0.4600486238768674
-0.70982031105451615,0.042742123176504457,0.48079416689474269
-0.70873194675721862,0.074690542691196377,0.49124797568109391
-0.71730825741992355,0.075377630654792707,0.48776337275231019
-0.70272417583613589,0.038124350151448168,0.51377633880206786
-0.71389079352640916,0.058458005923194521,0.45640194639325654
-0.71850545814695099,0.035848998482323396,0.48784441002972379
-0.69236294772586282,0.14518998260931656,0.46126418303807104
-0.68361249877559016,0.087838877402548712,0.44489465300052883
-0.69880606436586457,0.069837440366047582,0.49967585253210578
-0.70111339667613548,0.036398936462923408,0.46985413444391005
-0.69791360564208049,0.050836313758364539,0.43055105489832596
-0.70596750144208265,0.11693173391761054,0.39570502561048854
-0.69854485693451307,0.065200098380002777,0.44367909383932519
-0.72205352575614112,0.037983687790838501,0.46645056879253988
-0.70537978472154195,0.14871172656293988,0.49311183306160616
-0.70150520782316261,0.041866203102172907,0.4669367924570213
-0.69493148746748512,0.13335878950295968,0.43703403709141198
-0.70154874239505449,0.07048605943197421,0.49959481525469218
-0.69094807413937598,0.110221420115399,0.46264181675410182
-0.705401552007488,0.090181466014557038,0.39367909367514919
-0.68483146678856344,0.098405447312033156,0.45032415058723835
-0.71482678682208511,0.038408350969896719,0.44692058493586817
-0.70413904942262273,0.052578954822802289,0.45623987183842935
-0.6875959121036993,0.097379833048943432,0.40794165449993847
-0.71047332963289467,0.0130411235661076,0.41863857511853036
-0.72270654433451964,0.064535924498931432,0.33833063320167717
-0.71613282397884215,0.092212958323671226,0.47803889946268113
-0.70211469182964925,0.089016192927318563,0.46920583622460144
-0.7301727234139811,0.14282565070732103,0.46823338889563854
-0.70657698544856939,0.1024789690631015,0.46661264334736702
-0.70161404425289231,0.046725326646087403,0.52893030967840649
-0.71402139724208491,0.047102990867557863,0.43517017971089977
-0.71419553552965254,0.10355593094177649,0.44578606305207813
-0.69889313350964832,0.091262609295152647,0.46458671141202762
-0.71526213254100413,0.13759404788031762,0.42115073071835124
-0.71445674296100392,0.064977982309979407,0.44303079562001657
-0.73136992414100843,0.014178799400669987,0.46742301612150278
-0.70490090443073106,0.01610073897946393,0.48970826741023599
-0.70805716089289406,0.057631760903679934,0.48719611181041517
-0.67610278512423683,0.089445539276527861,0.48168557694629205
-0.70026447252424329,0.096824542873885006,0.39773095754582793
-0.70002503237883784,0.12650179212137277,0.44059967729760929
-0.7125194545118142,0.11352506214484273,0.42552674369868432
-0.71153992664424637,0.07418977799718289,0.51782820267274665
-0.70720823674100197,0.1373821344309806,0.5013776353577909
-0.70823129918046168,0.10694219747317169,0.50364667912537098
-0.71700351541668028,0.10932342223892656,0.47179902910183585
-0.70577159586856908,0.12024474228735646,0.5012155608029637
-0.68970733884045665,0.10901082063134097,0.52625607952375852
-0.70244120111883845,0.090243350762982219,0.45024311330982481
-0.70997268205613784,0.064296915565148757,0.52098865649187609
-0.72131343803397874,0.077933303508675902,0.39124797535274192
-0.70368193641775778,0.042719376350056286,0.47860616040457615
-0.69697761234640454,0.02751630073491116,0.43638573887210341
-0.71672054069938285,0.045593003005983443,0.46239870492186108
-0.68350366234586035,0.064238710450413725,0.42909238390488164
-0.70912375790424576,0.097591746498280424,0.42220421532472768
-0.69948085023018902,0.089437510984840263,0.48354943432680425
-0.68914138940586189,0.058400804344920426,0.492382497564884
-0.69560627333180958,0.081146627256634227,0.43768233531072059
